generic_name,brand_name,manufacturer_name,company_name,product_ndc,package_ndc,route,dosage_form,therapeutic_category,product_type,status,update_type,initial_posting_date,update_date,discontinued_date,related_info,presentation
Sodium Chloride 0.9% Injection,SODIUM CHLORIDE,"Hospira, Inc.","Hospira, Inc., a Pfizer Company",0409-7101,0409-7101-66,INTRAVENOUS,Injection,Gastroenterology,HUMAN PRESCRIPTION DRUG,To Be Discontinued,New,12/03/2025,12/03/2025,12/03/2025,Discontinuation of the manufacture of the drug,"Sodium Chloride 0.9%, Injection, 50 mL  ADD-Vantage® Flexible Container (NDC 0409-7101-66)"
"Montelukast Sodium Tablet, Chewable",SINGULAIR,Organon LLC,Organon,78206-170,78206-170-01,ORAL,"Tablet, Chewable",Pulmonary/Allergy,HUMAN PRESCRIPTION DRUG,To Be Discontinued,New,11/17/2025,11/17/2025,11/17/2025,Discontinuation of the manufacture of the drug,"Singulair, Tablet, Chewable, 4 mg (NDC 78206-170-01)"
Haloperidol Decanoate Injection,HALOPERIDOL DECANOATE,"Fresenius Kabi USA, LLC","Fresenius Kabi USA, LLC",63323-469,63323-469-05,INTRAMUSCULAR,Injection,Psychiatry,HUMAN PRESCRIPTION DRUG,To Be Discontinued,New,01/09/2026,01/09/2026,01/09/2026,Discontinuation of the manufacture of the drug,"Haloperidol Decanoate, Injection, 50 mg/1 mL (NDC 63323-469-05)"
"Doxycycline Hyclate Tablet, Delayed Release",DOXYCYCLINE HYCLATE,"Actavis Pharma, Inc.","Teva Pharmaceuticals USA, Inc.",0591-4550,0591-4550-22,ORAL,Tablet,Anti-Infective,HUMAN PRESCRIPTION DRUG,To Be Discontinued,New,07/30/2026,07/30/2026,07/30/2026,Discontinuation of the manufacture of the drug,"Doxycycline Hyclate, Tablet, Delayed Release, 50 mg (NDC 0591-4550-22)"
Lisdexamfetamine Dimesylate Capsule,LISDEXAMFETAMINE DIMESYLATE,Mylan Pharmaceuticals Inc.,"Mylan Pharmaceuticals Inc., a Viatris Company",0378-6860,0378-6860-77,ORAL,Capsule,Psychiatry,HUMAN PRESCRIPTION DRUG,Current,Reverified,07/14/2023,09/17/2026,,,"Lisdexamfetamine Dimesylate, Capsule, 70 mg (NDC 0378-6860-77)"
Dexmedetomidine Hydrochloride Injection,PRECEDEX,"Hospira, Inc.",Pfizer Inc.,0409-3301,0409-3301-10,INTRAVENOUS,Injection,Anesthesia,HUMAN PRESCRIPTION DRUG,Current,Reverified,04/10/2020,09/08/2026,,,"Precedex, Injection, 80 mcg/20 mL (4 mcg/mL) (NDC 0409-3301-10)"
Bumetanide Injection,BUMETANIDE,Novadoz Pharmaceuticals LLC,MSN Laboratories Private Limited,72205-102,72205-102-01,INTRAMUSCULAR,Injection,Cardiovascular,HUMAN PRESCRIPTION DRUG,Current,Reverified,12/13/2017,09/16/2026,,,"Bumetanide, Injection, 0.25 mg/mL, 10 mL (NDC 72205-102-01)"
Pemetrexed Disodium Injection,PEMETREXED,Sandoz Inc.,Sandoz Inc.,0781-3519,0781-3519-90,INTRAVENOUS,Injection,Oncology,HUMAN PRESCRIPTION DRUG,To Be Discontinued,New,10/10/2025,10/10/2025,10/10/2025,Discontinuation of the manufacture of the drug,"Pemetrexed Disodium, Injection, 500 mg/20 mL (NDC 0781-3519-90)"
Ketorolac Tromethamine Injection,KETOROLAC TROMETHAMINE,Sagent Pharmaceuticals,Sagent Pharmaceuticals,25021-700,25021-700-01,INTRAMUSCULAR,Injection,Analgesia/Addiction,HUMAN PRESCRIPTION DRUG,Current,Revised,03/26/2018,08/18/2026,,Estimated recovery: late September 2026,"Ketorolac Tromethamine, Injection, 15 mg/1 mL (NDC 25021-700-01)"
"Amphetamine Aspartate Monohydrate, Amphetamine Sulfate, Dextroamphetamine Saccharate, Dextroamphetamine Sulfate Tablet","DEXTROAMPHETAMINE SACCHARATE, AMPHETAMINE ASPARTATE, DEXTROAMPHETAMINE SULFATE AND AMPHETAMINE SULFATE",Oryza Pharmaceuticals Inc.,Oryza Pharmaceuticals Inc.,72516-016,72516-016-01,ORAL,Tablet,Psychiatry,HUMAN PRESCRIPTION DRUG,Current,Reverified,10/12/2022,09/16/2026,,Estimated recovery: April 2027,"Amphetamine Aspartate Monohydrate, Amphetamine Sulfate, Dextroamphetamine Saccharate, Dextroamphetamine Sulfate, Tablet, 1.25 mg; 1.25 mg; 1.25 mg; 1.25 mg (NDC 72516-016-01)"
Lisdexamfetamine Dimesylate Capsule,LISDEXAMFETAMINE DIMESYLATE,"Solco Healthcare US,LLC","Solco Healthcare US, LLC",43547-602,43547-602-10,ORAL,Capsule,Psychiatry,HUMAN PRESCRIPTION DRUG,Current,Reverified,07/14/2023,06/29/2026,,On allocation,"Lisdexamfetamine Dimesylate, Capsule, 10 mg (NDC 43547-602-10)"
Dextrose Monohydrate 70% Injection,DEXTROSE,ICU Medical Inc.,Otsuka ICU Medical LLC,0990-7120,0990-7120-07,INTRAVENOUS,Injection,Endocrinology/Metabolism,HUMAN PRESCRIPTION DRUG,Current,Reverified,10/11/2024,09/16/2026,,"This product is distributed by ICU Medical. For questions regarding this product, please contact ICU Medical.","DEXTROSE 70% IN PLASTIC CONTAINER, Injection, 70 g/100 mL (NDC 0990-7120-07)"
Sterile Water Injection,STERILE WATER,"Medefil, Inc.","Medefil, Inc.",64253-020,64253-020-30,INTRAMUSCULAR,Injection,Other,HUMAN PRESCRIPTION DRUG,Current,Reverified,11/23/2021,09/15/2026,,,"Sterile Water, Injection, 10 mL/10 mL (NDC 64253-020-30)"
Obeticholic Acid Tablet,,Intercept Pharmaceuticals,Intercept Pharmaceuticals,,69516-005-30,,Tablet,Gastroenterology,,To Be Discontinued,New,09/19/2025,09/19/2025,09/19/2025,"Business decision. Products will not be available after November 14, 2025.","Ocaliva, Tablet, 5 mg (NDC 69516-005-30)"
Ketorolac Tromethamine Injection,KETOROLAC TROMETHAMINE,Alembic Pharmaceuticals Inc.,Alembic Pharmaceuticals,62332-599,62332-599-25,INTRAMUSCULAR,Injection,Analgesia/Addiction,HUMAN PRESCRIPTION DRUG,Current,Reverified,03/23/2018,05/15/2026,,,"Ketorolac Tromethamine, Injection, 15 mg/1 mL (NDC 62332-599-25)"
Everolimus Tablet,,"Mylan Pharmaceuticals Inc., a Viatris Company","Mylan Pharmaceuticals Inc., a Viatris Company",,0378-0007-85,,Tablet,Transplant,,To Be Discontinued,New,11/03/2025,11/03/2025,11/03/2025,Discontinuation of the manufacture of the drug,"Everolimus, Tablet, 5 mg (NDC 0378-0007-85)"
Activated Charcoal Oral Suspension,ACTIDOSE AQUA,Padagis US LLC,Padagis US LLC,0574-0521,0574-0521-76,ORAL,Oral Suspension,Other,HUMAN OTC DRUG,To Be Discontinued,New,05/15/2026,05/15/2026,05/15/2026,Discontinuation of the manufacture of the drug,"Actidose Aqua, Oral Suspension, 208 mg/1 mL (NDC 0574-0521-76)"
Dextrose Monohydrate 10% Injection,DEXTROSE,Baxter Healthcare Corporation,Baxter Healthcare,0338-0023,0338-0023-02,INTRAVENOUS,Injection,Endocrinology/Metabolism,HUMAN PRESCRIPTION DRUG,Current,Revised,03/01/2022,09/04/2026,,Estimated recovery: September 2026,"Dextrose 10% In Plastic Container, Injection, 100 g/1000 mL (NDC 0338-0023-02)"
Belladonna and Opium Suppository,BELLADONNA AND OPIUM,Padagis US LLC,Padagis US LLC,0574-7040,0574-7040-04,RECTAL,Suppository,Analgesia/Addiction,HUMAN PRESCRIPTION DRUG,To Be Discontinued,New,07/23/2026,07/23/2026,07/23/2026,Discontinuation of the manufacture of the drug,"Belladonna and Opium, Suppository, 16.2 mg; 60 mg (NDC 0574-7040-04)"
Oxaliplatin Injection,OXALIPLATIN,Sandoz Inc,Sandoz Inc.,0781-3317,0781-3317-80,INTRAVENOUS,Injection,Oncology,HUMAN PRESCRIPTION DRUG,To Be Discontinued,New,10/20/2025,10/20/2025,10/20/2025,Discontinuation of the manufacture of the drug,"Oxaliplatin, Injection, 5 mg/1 mL (NDC 0781-3317-80)"
"Amphetamine Aspartate Monohydrate, Amphetamine Sulfate, Dextroamphetamine Saccharate, Dextroamphetamine Sulfate Tablet",ADDERALL,"Teva Pharmaceuticals USA, Inc.","Teva Pharmaceuticals USA, Inc.",57844-105,57844-105-01,ORAL,Tablet,Psychiatry,HUMAN PRESCRIPTION DRUG,Current,Reverified,10/12/2022,09/15/2026,,,"Adderall, Tablet, 1.25 mg; 1.25 mg; 1.25 mg; 1.25 mg (NDC 57844-105-01)"
Fentanyl Citrate Injection,FENTANYL CITRATE,"Hospira, Inc.","Hospira, Inc., a Pfizer Company",0409-9094,0409-9094-31,INTRAMUSCULAR,Injection,Analgesia/Addiction,HUMAN PRESCRIPTION DRUG,Current,Revised,01/01/2012,09/09/2026,,Limited Supply Available. Next Delivery: November 2026; Estimated Recovery: December 2026; Shortage per Manufacturer: Manufacturing Delay,"Fentanyl Citrate, Injection, 1000 mcg/20 mL (50 ug/1 mL) (NDC 0409-9094-31)"
Lisdexamfetamine Dimesylate Capsule,LISDEXAMFETAMINE DIMESYLATE,Hikma Pharmaceuticals USA Inc.,"Hikma Pharmaceuticals USA, Inc.",0054-0375,0054-0375-25,ORAL,Capsule,Psychiatry,HUMAN PRESCRIPTION DRUG,Current,Reverified,07/14/2023,09/03/2026,,Available on allocation,"Lisdexamfetamine Dimesylate, Capsule, 70 mg (NDC 0054-0375-25)"
Dextrose Monohydrate 5% Injection,DEXTROSE,"FRESENIUS KABI USA, LLC","Fresenius Kabi USA, LLC",65219-458,65219-458-30,INTRAVENOUS,Injection,Endocrinology/Metabolism,HUMAN PRESCRIPTION DRUG,Current,Reverified,02/14/2022,09/15/2026,,Check wholesalers for inventory,"Dextrose 5% In Plastic Container, Injection, 50 mg/1 mL (NDC 65219-458-30)"
Bupivacaine Hydrochloride Injection,,Kindos Pharmaceuticals Co. Ltd.,Kindos Pharmaceuticals Co. Ltd.,,71288-728-32,,Injection,Anesthesia,,To Be Discontinued,New,05/05/2026,05/05/2026,05/05/2026,Discontinuation of the manufacture of the drug,"Bupivacaine Hydrochloride, Injection, 7.5 mg/1 mL (NDC 71288-728-32)"
Quinapril Hydrochloride Tablet,QUINAPRIL,"Chartwell RX, LLC",Chartwell Molecular Holdings LLC,62135-485,62135-485-90,ORAL,Tablet,Cardiovascular,HUMAN PRESCRIPTION DRUG,Current,Reverified,01/19/2023,09/15/2026,,,"Quinapril Hydrochloride, Tablet, 10 mg (NDC 62135-485-90)"
Lidocaine Hydrochloride Injection,XYLOCAINE MPF,"Fresenius Kabi USA, LLC","Fresenius Kabi USA, LLC",63323-492,63323-492-57,EPIDURAL,Injection,Anesthesia,HUMAN PRESCRIPTION DRUG,Current,Reverified,02/22/2012,09/15/2026,,Check wholesalers for inventory,"Xylocaine, Injection, 10 mg/1 mL (NDC 63323-492-57)"
Gadobutrol Injection,GADOBUTROL,"Fresenius Kabi USA, LLC","Jiangsu Hengrui Pharmaceuticals Co., Ltd.",65219-281,65219-281-15,INTRAVENOUS,Injection,Medical Imaging,HUMAN PRESCRIPTION DRUG,To Be Discontinued,New,06/30/2026,06/30/2026,06/30/2026,"Discontinuance of single dose vials, the other two Imaging Bulk Package(IBP) strengths are to remain in supply: the IBP strengths (18.1416 g/30 mL and 39.3068 g/65 mL); Marketed by Fresenius Kabi, USA","Gadobutrol, Injection, 604.72 mg/mL (NDC 65219-281-15)"
"Lisdexamfetamine Dimesylate Tablet, Chewable",LISDEXAMFETAMINE DIMESYLATE,"Sun Pharmaceutical Industries, Inc.","Sun Pharmaceutical Industries, Inc.",57664-086,57664-086-88,ORAL,"Tablet, Chewable",Psychiatry,HUMAN PRESCRIPTION DRUG,Current,Revised,07/14/2023,08/27/2026,,,"Lisdexamfetamine Dimesylate, Tablet, Chewable, 40 mg (NDC 57664-086-88)"
Echothiophate Iodide Ophthalmic Solution,PHOSPHOLINE IODIDE,"Fera Pharmaceuticals, LLC",Fera Pharmaceuticals,48102-053,48102-053-05,OPHTHALMIC,Ophthalmic Solution,Ophthalmology,HUMAN PRESCRIPTION DRUG,Current,Reverified,09/24/2019,09/01/2026,,Available through limited distribution by Walgreens Specialty Pharmacy.,"Phospholine Iodide, Ophthalmic Solution, 0.125% (NDC 48102-053-05)"
Carboplatin Injection,KYXATA,"Avyxa Pharma, LLC","Avyxa Pharma, LLC",83831-141,83831-141-08,INTRAVENOUS,Injection,Oncology,HUMAN PRESCRIPTION DRUG,Current,Reverified,04/28/2023,09/01/2026,,,"Kyxata, Injection, 80 mg/8 mL (10 mg/mL) (NDC 83831-141-08)"
Rocuronium Bromide Injection,ROCURONIUM BROMIDE,"Hospira, Inc.","Hospira, Inc., a Pfizer Company",0409-1403,0409-1403-10,INTRAVENOUS,Injection,Anesthesia,HUMAN PRESCRIPTION DRUG,Current,Reverified,02/15/2023,09/09/2026,,,"Rocuronium Bromide, Injection, 50 mg/5 mL (10 mg/mL) (NDC 0409-1403-10)"
Lisdexamfetamine Dimesylate Capsule,LISDEXAMFETAMINE DIMESYLATE,Mylan Pharmaceuticals Inc.,"Mylan Pharmaceuticals Inc., a Viatris Company",0378-6856,0378-6856-77,ORAL,Capsule,Psychiatry,HUMAN PRESCRIPTION DRUG,Current,Reverified,07/14/2023,09/17/2026,,,"Lisdexamfetamine Dimesylate, Capsule, 30 mg (NDC 0378-6856-77)"
Hydroxocobalamin Injection,CYANOKIT,BTG INTERNATIONAL INC.,BTG International Inc.,50633-310,50633-310-11,INTRAVENOUS,Injection,Other,HUMAN PRESCRIPTION DRUG,Current,Reverified,11/04/2024,09/15/2026,,"Cyanokit is available to order. To address the drug shortage, BTG International Inc (a SERB Pharmaceuticals company) coordinated with the U.S. Food and Drug Administration (FDA) to make the following impacted batches available to U.S. patients during this period of shortage.","Cyanokit, Injection, 5 g/250mL (NDC 50633-310-11)"
Midazolam Hydrochloride Injection,MIDAZOLAM,"Hospira, Inc.","Hospira, Inc., a Pfizer Company",0409-2596,0409-2596-05,INTRAMUSCULAR,Injection,Anesthesia,HUMAN PRESCRIPTION DRUG,Current,Revised,04/02/2020,09/11/2026,,,"Midazolam Hydrochloride, Injection, 50 mg/10 mL (5 mg/mL) (NDC 0409-2596-05)"
Fentanyl Citrate Injection,,"Hikma Pharmaceuticals USA, Inc.","Hikma Pharmaceuticals USA, Inc.",,0641-6025-10,,Injection,Analgesia/Addiction,,Current,Revised,12/20/2023,09/03/2026,,Inventory available in vial presentations.,"Fentanyl Citrate, Injection, 50 ug/1 mL (NDC 0641-6025-10)"
Allopurinol Tablet,ALLOPURINOL,"Actavis Pharma, Inc.","Teva Pharmaceuticals USA, Inc.",0591-5544,0591-5544-05,ORAL,Tablet,Oncology,HUMAN PRESCRIPTION DRUG,To Be Discontinued,New,02/19/2026,02/19/2026,02/19/2026,Discontinuation of the manufacture of the drug,"Allopurinol, Tablet, 300 mg (NDC 0591-5544-05)"
Atropine Sulfate Injection,ATROPINE SULFATE,"Accord Healthcare, Inc.,",Accord Healthcare Inc.,16729-483,16729-483-03,INTRAVENOUS,Injection,Anesthesia,HUMAN PRESCRIPTION DRUG,Current,Reverified,01/01/2020,09/15/2026,,Discontinuation of the manufacture of the drug,"Atropine Sulfate, Injection, .05 mg/1 mL (NDC 16729-483-03)"
Lidocaine Hydrochloride Injection,LIDOCAINE HYDROCHLORIDE,"International Medication Systems, Limited","Amphastar Pharmaceuticals, Inc.",76329-3390,76329-3390-1,INTRAVENOUS,Injection,Anesthesia,HUMAN PRESCRIPTION DRUG,Current,Reverified,02/22/2012,09/16/2026,,Available on allocation,"Lidocaine Hydrochloride, Injection, 20 mg/1 mL (NDC 76329-3390-1)"
Hydrocortisone Acetate Suppository,HYDROCORTISONE ACETATE,Padagis US LLC,Padagis US LLC,0574-7093,0574-7093-12,RECTAL,Suppository,Analgesia/Addiction,HUMAN PRESCRIPTION DRUG,To Be Discontinued,New,07/23/2026,07/23/2026,07/23/2026,Discontinuation of the manufacture of the drug,"Hydrocortisone Acetate, Suppository, 30 mg (NDC 0574-7093-12)"
"Methylphenidate Hydrochloride Tablet, Extended Release",METHYLPHENIDATE HYDROCHLORIDE,"Trigen Laboratories, LLC","Trigen Laboratories, LLC",13811-709,13811-709-10,ORAL,Tablet,Psychiatry,HUMAN PRESCRIPTION DRUG,Current,Reverified,07/26/2023,09/16/2026,,Allocation to current contracted customers,"Methylphenidate Hydrochloride, Tablet, Extended Release, 54 mg (NDC 13811-709-10)"
"Epinephrine Bitartrate, Lidocaine Hydrochloride Injection",XYLOCAINE MPF,"Fresenius Kabi USA, LLC","Fresenius Kabi USA, LLC",63323-488,63323-488-17,EPIDURAL,Injection,Anesthesia,HUMAN PRESCRIPTION DRUG,Current,Reverified,10/14/2016,09/15/2026,,Next release September 2026. Check wholesalers for inventory.,"Xylocaine, Injection, .005 mg/1 mL; 15 mg/1 mL (NDC 63323-488-17)"
Carboplatin Injection,,Ingenus Pharmaceuticals LLC,Ingenus Pharmaceuticals LLC,,50742-448-60,,Injection,Oncology,,To Be Discontinued,New,02/20/2026,02/20/2026,02/20/2026,Discontinuation of the manufacture of the drug,"Carboplatin, Injection, 600 mg/60 mL (NDC 50742-448-60)"
Rocuronium Bromide Injection,ROCURONIUM BROMIDE,Baxter Healthcare Corporation,Baxter Healthcare,43066-013,43066-013-10,INTRAVENOUS,Injection,Anesthesia,HUMAN PRESCRIPTION DRUG,Current,Reverified,02/15/2023,09/17/2026,,,"Rocuronium Bromide, Injection, 100 mg/10 mL (NDC 43066-013-10)"
Lisdexamfetamine Dimesylate Capsule,LISDEXAMFETAMINE DIMESYLATE,Alvogen Inc.,Alvogen,47781-564,47781-564-01,ORAL,Capsule,Psychiatry,HUMAN PRESCRIPTION DRUG,Current,Reverified,07/14/2023,09/17/2026,,,"Lisdexamfetamine Dimesylate, Capsule, 30 mg (NDC 47781-564-01)"
Hydromorphone Hydrochloride Injection,HYDROMORPHONE HYDROCHLORIDE,"Fresenius Kabi USA, LLC","Fresenius Kabi USA, LLC",63323-851,63323-851-15,INTRAMUSCULAR,Injection,Analgesia/Addiction,HUMAN PRESCRIPTION DRUG,Current,Reverified,10/31/2017,09/15/2026,,Check wholesaler for inventory,"Hydromorphone Hydrochloride, Injection, 10 mg/1 mL (NDC 63323-851-15)"
"Methylphenidate Hydrochloride Tablet, Extended Release",RELEXXII,"Vertical Pharmaceuticals, LLC","Vertical Pharmaceuticals, LLC",68025-098,68025-098-30,ORAL,Tablet,Psychiatry,HUMAN PRESCRIPTION DRUG,Current,Reverified,07/26/2023,09/16/2026,,,"Relexxii, Tablet, Extended Release, 54 mg (NDC 68025-098-30)"
Everolimus Tablet,,"Endo Pharmaceuticals, Inc.","Endo Pharmaceuticals, Inc.",,49884-127-91,,Tablet,Transplant,,To Be Discontinued,New,01/06/2026,01/06/2026,01/06/2026,Discontinuation of the manufacture of the drug,"Everolimus, Tablet, 7.5 mg (NDC 49884-127-91)"
Clonazepam Tablet,CLONAZEPAM,Advagen Pharma Ltd,Rubicon Research Private Limited,72888-152,72888-152-01,ORAL,Tablet,Neurology,HUMAN PRESCRIPTION DRUG,Current,Reverified,03/10/2023,06/01/2026,,Marketed by Advagen Pharma Ltd.,"Clonazepam, Tablet, .5 mg (NDC 72888-152-01)"
Sodium Acetate Injection,SODIUM ACETATE,MILLA PHARMACEUTICALS INC.,Milla Pharmaceuticals,71357-008,71357-008-10,INTRAVENOUS,Injection,Total Parenteral Nutrition,HUMAN PRESCRIPTION DRUG,Current,Reverified,03/23/2016,09/16/2026,,,"Sodium Acetate, Injection, 200 mEq/100mL (2 mEq/mL) (NDC 71357-008-10)"
Lisdexamfetamine Dimesylate Capsule,LISDEXAMFETAMINE DIMESYLATE,"Sun Pharmaceutical Industries, Inc.","Sun Pharmaceutical Industries, Inc.",57664-049,57664-049-88,ORAL,Capsule,Psychiatry,HUMAN PRESCRIPTION DRUG,Current,Revised,07/14/2023,08/27/2026,,Estimated recovery: TBD,"Lisdexamfetamine Dimesylate, Capsule, 40 mg (NDC 57664-049-88)"
Ifosfamide Injection,IFOSFAMIDE,Hikma Pharmaceuticals USA Inc.,"Hikma Pharmaceuticals USA, Inc.",0143-9530,0143-9530-01,INTRAVENOUS,Injection,Oncology,HUMAN PRESCRIPTION DRUG,Current,Reverified,06/12/2026,09/03/2026,,Additional lots will be available in the September 2026 timeframe.  Product will be made available as it is released.,"Ifosfamide, Injection, 50 mg/1 mL (NDC 0143-9530-01)"
Morphine Sulfate Injection,MORPHINE SULFATE,"Fresenius Kabi USA, LLC","Fresenius Kabi USA, LLC",63323-452,63323-452-01,INTRAMUSCULAR,Injection,Analgesia/Addiction,HUMAN PRESCRIPTION DRUG,Current,Reverified,10/31/2017,09/15/2026,,Next release September 2026. Check wholesalers for inventory.,"Morphine Sulfate, Injection, 2 mg/1 mL (NDC 63323-452-01)"
Frovatriptan Succinate Tablet,,"Endo Pharmaceuticals, Inc.","Endo Pharmaceuticals, Inc.",,0603-3718-34,,Tablet,Neurology,,To Be Discontinued,New,11/12/2025,11/12/2025,11/12/2025,A business decision was made to discontinue manufacture of the drug.,"Frova, Tablet, 2.5 mg (NDC 0603-3718-34)"
Dexmedetomidine Hydrochloride Injection,DEXMEDETOMIDINE,Piramal Critical Care Inc,Gland Pharma Limited,66794-230,66794-230-42,INTRAVENOUS,Injection,Anesthesia,HUMAN PRESCRIPTION DRUG,Current,Reverified,04/10/2020,07/22/2026,,Marketed by Piramal Critical Care Inc.: 800-414-1901,"Dexmedetomidine Hydrochloride, Injection, 200 ug/2 mL (NDC 66794-230-42)"
Tranylcypromine Sulfate Tablet,TRANYLCYPROMINE SULFATE,"Actavis Pharma, Inc.","Teva Pharmaceuticals USA, Inc.",0591-5590,0591-5590-01,ORAL,Tablet,Psychiatry,HUMAN PRESCRIPTION DRUG,To Be Discontinued,New,10/21/2025,10/21/2025,10/21/2025,Supply is expected to be depleted by 12/31/2025.,"Parnate, Tablet, 10 mg (NDC 0591-5590-01)"
"Metoprolol Succinate Tablet, Extended Release",METOPROLOL SUCCINATE,"Actavis Pharma, Inc.","Teva Pharmaceuticals USA, Inc.",45963-709,45963-709-11,ORAL,Tablet,Cardiovascular,HUMAN PRESCRIPTION DRUG,To Be Discontinued,New,08/31/2026,08/31/2026,08/31/2026,A business decision was made to discontinue manufacture of the drug.,"Metoprolol Succinate, Tablet, Extended Release, 25 mg (NDC 45963-709-11)"
Lidocaine Hydrochloride Injection,LIDOCAINE HYDROCHLORIDE,"Huons Co., Ltd.","Huons Co., Ltd. (South Korea)",73293-0001,73293-0001-2,INTRAVENOUS,Injection,Anesthesia,HUMAN PRESCRIPTION DRUG,Current,Reverified,07/14/2018,07/30/2026,,Estimated recovery: TBD,"Lidocaine Hydrochloride, Injection, 10 mg/1 mL (NDC 73293-0001-2)"
Promethazine Hydrochloride Injection,PHENERGAN,Hikma Pharmaceuticals USA Inc.,"Hikma Pharmaceuticals USA, Inc.",0641-6083,0641-6083-25,INTRAMUSCULAR,Injection,Analgesia/Addiction,HUMAN PRESCRIPTION DRUG,Current,Revised,11/21/2023,09/03/2026,,This presentation is temporarily on backorder.  Expected in October 2026 timeframe,"Phenergan, Injection, 50 mg/1 mL (NDC 0641-6083-25)"
Irinotecan Hydrochloride Injection,IRINOTECAN HYDROCHLORIDE,"Ingenus Pharmaceuticals, LLC",Ingenus Pharmaceuticals LLC,50742-401,50742-401-02,INTRAVENOUS,Injection,Oncology,HUMAN PRESCRIPTION DRUG,To Be Discontinued,New,02/24/2026,02/24/2026,02/24/2026,A business decision was made to discontinue manufacture of the drug.,"Irinotecan Hydrochloride, Injection, 40 mg/2 mL (NDC 50742-401-02)"
Dexamethasone Sodium Phosphate Injection,DEXAMETHASONE SODIUM PHOSPHATE,"Somerset Therapeutics, LLC","Somerset Therapeutics, LLC",70069-025,70069-025-10,INTRAMUSCULAR,Injection,Dermatology,HUMAN PRESCRIPTION DRUG,Current,Reverified,02/08/2019,09/11/2026,,,"Dexamethasone Sodium Phosphate, Injection, 10 mg/1 mL (NDC 70069-025-10)"
Azacitidine Injection,AZACITIDINE,Meitheal Pharmaceuticals Inc.,"Meitheal Pharmaceuticals, Inc.",71288-115,71288-115-30,INTRAVENOUS,Injection,Oncology,HUMAN PRESCRIPTION DRUG,Current,Reverified,12/18/2020,08/27/2026,,,"Azacitidine, Injection, 100 mg/30 mL (NDC 71288-115-30)"
Lisdexamfetamine Dimesylate Capsule,LISDEXAMFETAMINE DIMESYLATE,"Teva Pharmaceuticals, Inc.","Teva Pharmaceuticals USA, Inc.",0480-3567,0480-3567-01,ORAL,Capsule,Psychiatry,HUMAN PRESCRIPTION DRUG,Current,Reverified,07/14/2023,09/15/2026,,,"Lisdexamfetamine Dimesylate, Capsule, 30 mg (NDC 0480-3567-01)"
"Lamotrigine Tablet, Extended Release",,"Par Health, Inc.","Par Health, Inc.",,49884-563-11,,Tablet,Neurology,,To Be Discontinued,New,04/29/2026,04/29/2026,04/29/2026,Discontinuation of the manufacture of the drug,"Lamotrigine, Tablet, Extended Release, 100 mg (NDC 49884-563-11)"
Omeprazole Delayed Release Capsule,OMEPRAZOLE,Sandoz Inc,Sandoz Inc.,0781-2868,0781-2868-01,ORAL,,Gastroenterology,HUMAN PRESCRIPTION DRUG,To Be Discontinued,New,10/09/2025,10/09/2025,10/09/2025,Discontinuation of the manufacture of the drug,"Omeprazole, Delayed Release Capsule, 20 mg (NDC 0781-2868-01)"
"Amphetamine Aspartate Monohydrate, Amphetamine Sulfate, Dextroamphetamine Saccharate, Dextroamphetamine Sulfate Tablet","DEXTROAMPHETAMINE SACCHARATE, AMPHETAMINE ASPARTATE, DEXTROAMPHETAMINE SULFATE AND AMPHETAMINE SULFATE",Oryza Pharmaceuticals Inc.,Oryza Pharmaceuticals Inc.,72516-012,72516-012-01,ORAL,Tablet,Psychiatry,HUMAN PRESCRIPTION DRUG,Current,Reverified,10/12/2022,09/16/2026,,Estimated recovery: April 2027,"Amphetamine Aspartate Monohydrate, Amphetamine Sulfate, Dextroamphetamine Saccharate, Dextroamphetamine Sulfate, Tablet, 5 mg; 5 mg; 5 mg; 5 mg (NDC 72516-012-01)"
Dexmedetomidine Hydrochloride Injection,DEXMEDETOMIDINE HYDROCHLORIDE IN 0.9% SODIUM CHLORIDE,Baxter Healthcare Company,Baxter Healthcare,43066-557,43066-557-12,INTRAVENOUS,Injection,Anesthesia,HUMAN PRESCRIPTION DRUG,Current,Reverified,04/10/2020,09/17/2026,,,"Dexmedetomidine Hydrochloride, Injection, 400 ug/100 mL (NDC 43066-557-12)"
Sodium Bicarbonate Injection,SODIUM BICARBONATE,"Long Grove Pharmaceuticals, LLC",Long Grove Pharmaceuticals LLC,81298-7620,81298-7620-3,INTRAVENOUS,Injection,Endocrinology/Metabolism,HUMAN PRESCRIPTION DRUG,Current,Reverified,03/01/2017,09/15/2026,,,"Sodium Bicarbonate, Injection, 84 mg/1 mL (NDC 81298-7620-3)"
"Methylphenidate Hydrochloride Tablet, Extended Release",METHYLPHENIDATE HYDROCHLORIDE,"Trigen Laboratories, LLC","Trigen Laboratories, LLC",13811-707,13811-707-10,ORAL,Tablet,Psychiatry,HUMAN PRESCRIPTION DRUG,Current,Reverified,07/26/2023,09/16/2026,,Allocation to current contracted customers,"Methylphenidate Hydrochloride, Tablet, Extended Release, 27 mg (NDC 13811-707-10)"
Lidocaine Hydrochloride Injection,LIDOCAINE HYDROCHLORIDE,Eugia US LLC,Eugia US LLC,55150-164,55150-164-02,EPIDURAL,Injection,Anesthesia,HUMAN PRESCRIPTION DRUG,Current,Reverified,02/20/2018,09/17/2026,,Check wholesalers for inventory,"Lidocaine Hydrochloride, Injection, 20 mg/mL (NDC 55150-164-02)"
Pentostatin Injection,NIPENT,"Hospira, Inc.","Hospira, Inc., a Pfizer Company",0409-0801,0409-0801-01,INTRAVENOUS,Injection,Oncology,HUMAN PRESCRIPTION DRUG,Current,New,08/27/2026,08/27/2026,,Next delivery: Q2 2027; Estimated recovery: Q3 2027; Shortage per manufacturer: manufacturing delays,"Nipent, Injection, 10 mg, single dose vial  (NDC 0409-0801-01)"
Glycerol Phenylbutyrate Oral Liquid,RAVICTI,"Horizon Therapeutics USA, Inc.",Amgen Inc.,75987-050,75987-050-06,ORAL,,Inborn Errors,HUMAN PRESCRIPTION DRUG,To Be Discontinued,New,09/01/2026,09/01/2026,09/01/2026,Discontinuation in the manufacturing of the drug product,"RAVICTI, Oral Liquid, 1.1 g/1 mL (NDC 75987-050-06)"
Dextrose Monohydrate 5% Injection,DEXTROSE,"ICU Medical, Inc.",Otsuka ICU Medical LLC,0990-7923,0990-7923-20,INTRAVENOUS,Injection,Endocrinology/Metabolism,HUMAN PRESCRIPTION DRUG,Current,Reverified,02/14/2022,09/16/2026,,"This product is distributed by ICU Medical. For questions regarding this product, please contact ICU Medical.","Dextrose 5% In Plastic Container, Injection, 5 g/100 mL (NDC 0990-7923-20)"
Bupivacaine Hydrochloride Injection,BUPIVACAINE HYDROCHLORIDE,"Somerset Therapeutics, LLC","Somerset Therapeutics, LLC",70069-753,70069-753-10,INFILTRATION,Injection,Anesthesia,HUMAN PRESCRIPTION DRUG,Current,Reverified,02/20/2018,09/11/2026,,,"Bupivacaine Hydrochloride, Injection, 5 mg/1 mL (NDC 70069-753-10)"
Midazolam Hydrochloride Injection,MIDAZOLAM,"Hospira, Inc.","Hospira, Inc., a Pfizer Company",0409-0001,0409-0001-25,INTRAMUSCULAR,Injection,Anesthesia,HUMAN PRESCRIPTION DRUG,Current,Revised,04/02/2020,09/09/2026,,Next Estimated Delivery and Estimated Recovery: December 2026,"Midazolam Hydrochloride Preservative Free, Injection, 2 mg/2mL (1 mg/mL) (NDC 0409-0001-25)"
Lisdexamfetamine Dimesylate Capsule,LISDEXAMFETAMINE DIMESYLATE,Amneal Pharmaceuticals LLC,Amneal Pharmaceuticals,65162-024,65162-024-09,ORAL,Capsule,Psychiatry,HUMAN PRESCRIPTION DRUG,Current,Reverified,07/14/2023,06/17/2026,,,"Lisdexamfetamine Dimesylate, Capsule, 30 mg (NDC 65162-024-09)"
Quinapril Hydrochloride Tablet,QUINAPRIL,"Solco Healthcare US, LLC","Solco Healthcare US, LLC",43547-413,43547-413-09,ORAL,Tablet,Cardiovascular,HUMAN PRESCRIPTION DRUG,Current,Reverified,01/19/2023,06/29/2026,,Not available. Long-term backorder for all NDCs. No estimated release date at this time.,"Quinapril Hydrochloride, Tablet, 40 mg (NDC 43547-413-09)"
Leflunomide Tablet,,Sanofi-Aventis U.S. LLC,Sanofi-Aventis U.S. LLC,,0955-1737-30,,Tablet,Rheumatology,,To Be Discontinued,New,06/08/2026,06/08/2026,06/08/2026,Discontinuation of the manufacture of the drug,"Leflunomide, Tablet, 20 mg (NDC 0955-1737-30)"
Emtricitabine Capsule,EMTRIVA,"Gilead Sciences, Inc.","Gilead Sciences, Inc.",61958-0601,61958-0601-1,ORAL,Capsule,Anti-Infective,HUMAN PRESCRIPTION DRUG,To Be Discontinued,New,06/17/2026,06/17/2026,06/17/2026,Product expected to be available until March 2027,"Emtriva, Capsule, 200 mg (NDC 61958-0601-1)"
Carboplatin Injection,CARBOPLATIN,"Accord Healthcare, Inc.",Accord Healthcare Inc.,16729-295,16729-295-33,INTRAVENOUS,Injection,Oncology,HUMAN PRESCRIPTION DRUG,Current,Reverified,04/28/2023,09/15/2026,,Estimated recovery: TBD,"Carboplatin, Injection, 10 mg/1 mL (NDC 16729-295-33)"
Omeprazole Delayed Release Capsule,OMEPRAZOLE,Sandoz Inc,Sandoz Inc.,0781-2859,0781-2859-01,ORAL,,Gastroenterology,HUMAN PRESCRIPTION DRUG,To Be Discontinued,New,10/09/2025,10/09/2025,10/09/2025,Discontinuation of the manufacture of the drug,"Omeprazole, Delayed Release Capsule, 10 mg (NDC 0781-2859-01)"
Lorazepam Injection,LORAZEPAM,"International Medication Systems, Limited","Amphastar Pharmaceuticals, Inc.",76329-8261,76329-8261-1,INTRAMUSCULAR,Injection,Neurology,HUMAN PRESCRIPTION DRUG,Current,Reverified,05/03/2018,09/16/2026,,,"Lorazepam, Injection, 2 mg/1 mL (NDC 76329-8261-1)"
Azacitidine Injection,AZACITIDINE,Dr. Reddy's Laboratories Inc.,"Dr. Reddy's Laboratories, Inc.",43598-305,43598-305-62,INTRAVENOUS,Injection,Oncology,HUMAN PRESCRIPTION DRUG,Current,Reverified,12/18/2020,08/05/2026,,Available to existing customers,"Azacitidine, Injection, 100 mg (NDC 43598-305-62)"
Liraglutide Injection,VICTOZA,Novo Nordisk,"Novo Nordisk, Inc.",0169-4060,0169-4060-13,SUBCUTANEOUS,Injection,Endocrinology/Metabolism,HUMAN PRESCRIPTION DRUG,Current,Revised,07/18/2023,08/25/2026,,Estimated shortage duration: TBD,"Victoza, Injection, 6 mg/1 mL (NDC 0169-4060-13)"
Dextrose Monohydrate 5% Injection,DEXTROSE,Baxter Healthcare Company,Baxter Healthcare,0338-0551,0338-0551-18,INTRAVENOUS,Injection,Endocrinology/Metabolism,HUMAN PRESCRIPTION DRUG,Current,Reverified,02/14/2022,09/17/2026,,,"Dextrose 5% In Plastic Container, Injection, 5 g/100 mL (NDC 0338-0551-18)"
Bupivacaine Hydrochloride Injection,MARCAINE,"Hospira, Inc.","Hospira, Inc., a Pfizer Company",0409-2253,0409-2253-25,EPIDURAL,Injection,Anesthesia,HUMAN PRESCRIPTION DRUG,Current,Reverified,02/20/2018,09/09/2026,,Historical NDC: 0409-1582-29,"Marcaine, Injection, 225 mg/30 mL (NDC 0409-2253-25)"
Morphine Sulfate Injection,INFUMORPH 200,Hikma Pharmaceuticals USA Inc.,"Hikma Pharmaceuticals USA, Inc.",0641-6039,0641-6039-01,EPIDURAL,Injection,Analgesia/Addiction,HUMAN PRESCRIPTION DRUG,Current,Reverified,11/03/2017,09/03/2026,,Additional lots are scheduled to be manufactured. Product will be made available as it is released.,"Infumorph 200 (Preservative-Free Morphine Sulfate Sterile Solution), Injection, 10 mg/1 mL (NDC 0641-6039-01)"
Lisdexamfetamine Dimesylate Capsule,VYVANSE,"Takeda Pharmaceuticals America, Inc.",Takeda Pharmaceuticals USA Inc.,59417-103,59417-103-10,ORAL,Capsule,Psychiatry,HUMAN PRESCRIPTION DRUG,Current,Reverified,07/14/2023,09/15/2026,,,"Vyvanse, Capsule, 30 mg (NDC 59417-103-10)"
Rocuronium Bromide Injection,ROCURONIUM BROMIDE,Mylan Institutional LLC,"Mylan Institutional, a Viatris Company",67457-228,67457-228-05,INTRAVENOUS,Injection,Anesthesia,HUMAN PRESCRIPTION DRUG,Current,Reverified,02/15/2023,09/17/2026,,,"Rocuronium Bromide, Injection, 10 mg/1 mL (NDC 67457-228-05)"
Lidocaine Hydrochloride Injection,LIDOCAINE HYDROCHLORIDE AND DEXTROSE,B. Braun Medical Inc.,B. Braun Medical Inc.,0264-9598,0264-9598-20,INTRAVENOUS,Injection,Cardiovascular,HUMAN PRESCRIPTION DRUG,Current,Reverified,10/25/2017,09/09/2026,,,"Lidocaine Hydrochloride And Dextrose, Injection, 5 g/100 mL; .8 g/100 mL (NDC 0264-9598-20)"
Dopamine Hydrochloride Injection,DOPAMINE HYDROCHLORIDE,"Hospira, Inc.","Hospira, Inc., a Pfizer Company",0409-5820,0409-5820-01,INTRAVENOUS,Injection,Cardiovascular,HUMAN PRESCRIPTION DRUG,Current,Revised,11/06/2017,09/11/2026,,,"Dopamine Hydrochloride, Injection, 200 mg/5mL (40 mg/1 mL) (NDC 0409-5820-01)"
Amino Acid Injection,PREMASOL - SULFITE-FREE (AMINO ACID),Baxter Healthcare Company,Baxter Healthcare,0338-1130,0338-1130-03,INTRAVENOUS,Injection,Gastroenterology,HUMAN PRESCRIPTION DRUG,Current,Reverified,12/08/2020,09/17/2026,,,"Premasol 10% Sulfite Free in VIAFLEX Plastic Container, Injection, 0.1 (NDC 0338-1130-03)"
Nebivolol Hydrochloride Tablet,,Torrent Pharmaceuticals Limited,Torrent Pharmaceuticals Limited,,13668-356-01,,Tablet,Cardiovascular,,To Be Discontinued,New,03/25/2026,03/25/2026,03/25/2026,Discontinuation of the manufacture of the drug,"Nebivolol Hydrochloride, Tablet, 20 mg (NDC 13668-356-01)"
Lopinavir and Ritonavir Tablet,,AbbVie Inc.,AbbVie Inc.,,0074-0522-60,,Tablet,Antiviral,,To Be Discontinued,New,07/24/2026,07/24/2026,07/24/2026,Discontinuation of the manufacture of the drug,"Kaletra, Tablet, 100 mg; 25 mg (NDC 0074-0522-60)"
Ropivacaine Hydrochloride Injection,ROPIVACAINE HYDROCHLORIDE,Baxter Healthcare Corporation,"Caplin Steriles, Ltd.",43066-023,43066-023-10,EPIDURAL,Injection,Anesthesia,HUMAN PRESCRIPTION DRUG,Current,Reverified,12/22/2020,06/10/2026,,Limited supply; Check wholesalers for inventory; Marketed by Baxter,"Ropivacaine Hydrochloride, Injection, 5 mg/1 mL (NDC 43066-023-10)"
Lidocaine Hydrochloride Injection,LIDOCAINE HYDROCHLORIDE,"Hospira, Inc.","Hospira, Inc., a Pfizer Company",0409-4276,0409-4276-01,INFILTRATION,Injection,Anesthesia,HUMAN PRESCRIPTION DRUG,Current,Reverified,02/22/2012,09/09/2026,,,"Lidocaine Hydrochloride In Plastic Container, Injection, 200 mg/20 mL (1%; 10 mg/mL) (NDC 0409-4276-01)"
"Epinephrine Bitartrate, Lidocaine Hydrochloride Injection",LIDOCAINE HYDROCHLORIDE AND EPINEPHRINE,"Hospira, Inc.","Hospira, Inc., a Pfizer Company",0409-3177,0409-3177-01,INFILTRATION,Injection,Anesthesia,HUMAN PRESCRIPTION DRUG,Current,Revised,02/22/2012,09/09/2026,,Next Delivery: November 2026; Estimated Recovery: December 2026; Shortage per Manufacturer: Manufacturing Delay,"Lidocaine Hydrochloride And Epinephrine, Injection, 2.5 g/50 mL (0.5%; 1:200,000) (NDC 0409-3177-01)"
Carboplatin Injection,CARBOPLATIN,Apotex Corp.,Teyro Labs,60505-6282,60505-6282-1,INTRAVENOUS,Injection,Oncology,HUMAN PRESCRIPTION DRUG,To Be Discontinued,New,06/01/2026,06/01/2026,06/01/2026,Wholesaler & Distributor through Marketing partner (Apotex Inc.); Discontinuation of the manufacture of the drug,"Carboplatin, Injection, 50 mg/5 mL (10 mg/mL) Multiple Dose Vial (NDC 60505-6282-1)"
Penicillin G Benzathine Injection,BICILLIN L-A,Pfizer Laboratories Div Pfizer Inc,Pfizer Inc.,60793-701,60793-701-10,INTRAMUSCULAR,Injection,Anti-Infective,HUMAN PRESCRIPTION DRUG,Current,Revised,04/26/2023,09/08/2026,,Limited Supply Available. Next Delivery: October 2026; Estimated Recovery: December 2027; Shortage per Manufacturer: Manufacturing Delay,"Bicillin L-A, Injection, 1200000 [iU]/2 mL (NDC 60793-701-10)"
"Mesalamine Capsule, Extended Release",MESALAMINE,Mylan Pharmaceuticals Inc.,"Mylan Pharmaceuticals Inc., a Viatris Company",0378-1375,0378-1375-78,ORAL,"Capsule, Extended Release",Gastroenterology,HUMAN PRESCRIPTION DRUG,To Be Discontinued,New,08/25/2026,08/25/2026,08/25/2026,Discontinuation of the manufacture of the drug,"Mesalamine, Capsule, Extended Release, .375 g (NDC 0378-1375-78)"
Sodium Bicarbonate Injection,SODIUM BICARBONATE,"Exela Pharma Sciences, LLC","Exela Pharma Sciences, LLC",51754-5001,51754-5001-5,INTRAVENOUS,Injection,Endocrinology/Metabolism,HUMAN PRESCRIPTION DRUG,Current,Reverified,07/24/2017,09/15/2026,,,"Sodium Bicarbonate, Injection, 84 mg/1 mL (NDC 51754-5001-5)"
Lisdexamfetamine Dimesylate Capsule,LISDEXAMFETAMINE DIMESYLATE,Alvogen Inc.,Alvogen,47781-568,47781-568-01,ORAL,Capsule,Psychiatry,HUMAN PRESCRIPTION DRUG,Current,Reverified,07/14/2023,09/17/2026,,,"Lisdexamfetamine Dimesylate, Capsule, 70 mg (NDC 47781-568-01)"
Glycopyrrolate Injection,GLYCOPYRROLATE,"Fresenius Kabi USA, LLC","Fresenius Kabi USA, LLC",63323-578,63323-578-01,INTRAMUSCULAR,Injection,Anesthesia,HUMAN PRESCRIPTION DRUG,To Be Discontinued,New,07/30/2026,07/30/2026,07/30/2026,Discontinuation of the manufacture of the drug,"Glycopyrrolate, Injection, .2 mg/1 mL (NDC 63323-578-01)"
Amino Acid Injection,AMINOSYN-PF,ICU Medical Inc.,Otsuka ICU Medical LLC,0990-4179,0990-4179-05,INTRAVENOUS,Injection,Gastroenterology,HUMAN PRESCRIPTION DRUG,Current,Reverified,12/08/2020,09/16/2026,,"Estimated recovery: TBD. This product is distributed by ICU Medical. For questions regarding this product, please contact ICU Medical.","Aminosyn-PF 10%, Injection, 0.1 (NDC 0990-4179-05)"
Azacitidine Injection,VIDAZA,Celgene Corporation,Bristol Myers Squibb Co.,59572-102,59572-102-01,INTRAVENOUS,Injection,Oncology,HUMAN PRESCRIPTION DRUG,Current,Reverified,12/18/2020,09/15/2026,,,"Vidaza, Injection, 100 mg (NDC 59572-102-01)"
Methylprednisolone Acetate Injection,DEPO-MEDROL,Pharmacia & Upjohn Company LLC,Pfizer Inc.,0009-0280,0009-0280-52,INTRALESIONAL,Injection,Rheumatology,HUMAN PRESCRIPTION DRUG,Current,Reverified,12/15/2021,09/08/2026,,,"Depo-medrol, Injection, 40 mg/1 mL (NDC 0009-0280-52)"
"Bendamustine Hydrochloride Injection, Solution",TREANDA,"Cephalon, LLC","Cephalon, LLC (a wholly owned subsidiary of Teva Pharmaceutical Industries, Ltd.)",63459-390,63459-390-08,INTRAVENOUS,Injection,Oncology,HUMAN PRESCRIPTION DRUG,To Be Discontinued,New,07/23/2026,07/23/2026,07/23/2026,A business decision has been made to discontinue manufacture of the drug.,"Treanda, Injection, Solution, 25 mg/5 mL, 1 vial, Single-Dose in 1 carton (NDC 63459-390-08)"
Lorazepam Injection,LORAZEPAM,Hikma Pharmaceuticals USA Inc.,"Hikma Pharmaceuticals USA, Inc.",0641-6045,0641-6045-25,INTRAMUSCULAR,Injection,Neurology,HUMAN PRESCRIPTION DRUG,Current,Revised,09/05/2018,09/03/2026,,Estimated recovery: TBD,"Lorazepam, Injection, 4 mg/1 mL (NDC 0641-6045-25)"
Fentanyl Citrate Injection,FENTANYL CITRATE,Hikma Pharmaceuticals USA Inc.,"Hikma Pharmaceuticals USA, Inc.",0641-6027,0641-6027-25,INTRAMUSCULAR,Injection,Analgesia/Addiction,HUMAN PRESCRIPTION DRUG,Current,Revised,12/20/2023,09/03/2026,,Additional lots will be available September 2026 timeframe.  Product will be made available as it is released.,"Fentanyl Citrate, Injection, 50 mcg/1 mL (NDC 0641-6027-25)"
Clonazepam Tablet,CLONAZEPAM,Advagen Pharma Ltd,Rubicon Research Private Limited,72888-153,72888-153-30,ORAL,Tablet,Neurology,HUMAN PRESCRIPTION DRUG,Current,Reverified,03/10/2023,06/01/2026,,Marketed by Advagen Pharma Ltd.,"Clonazepam, Tablet, 1 mg (NDC 72888-153-30)"
Promethazine Hydrochloride Injection,PHENERGAN,Hikma Pharmaceuticals USA Inc.,"Hikma Pharmaceuticals USA, Inc.",0641-6084,0641-6084-25,INTRAMUSCULAR,Injection,Analgesia/Addiction,HUMAN PRESCRIPTION DRUG,Current,Revised,11/21/2023,09/03/2026,,Estimated recovery: TBD,"Phenergan, Injection, 25 mg/1 mL (NDC 0641-6084-25)"
Methotrexate Sodium Injection,METHOTREXATE,"Accord Healthcare, Inc.",Accord Healthcare Inc.,16729-277,16729-277-35,INTRA-ARTERIAL,Injection,Rheumatology,HUMAN PRESCRIPTION DRUG,Current,Reverified,03/13/2023,09/15/2026,,Short dated inventory with expiry of 8/31/2027 available; Estimated recovery: TBD,"Methotrexate Sodium Preservative Free, Injection, 25 mg/1 mL (NDC 16729-277-35)"
Spironolactone Tablet,ALDACTONE,Pfizer Laboratories Div Pfizer Inc,Pfizer Inc.,0025-1001,0025-1001-31,ORAL,Tablet,Cardiovascular,HUMAN PRESCRIPTION DRUG,To Be Discontinued,New,12/10/2025,12/10/2025,12/10/2025,Discontinuation of the manufacture of the drug.,"Aldactone, Tablet, 25 mg (NDC 0025-1001-31)"
Lisdexamfetamine Dimesylate Capsule,,"Lannett Company, Inc.","Lannett Company, Inc.",,0527-4667-37,,Capsule,Psychiatry,,Current,Reverified,07/14/2023,09/15/2026,,,"Lisdexamfetamine Dimesylate, Capsule, 70 mg (NDC 0527-4667-37)"
Fulvestrant Injection,FULVESTRANT,"Fresenius Kabi USA, LLC","Fresenius Kabi USA, LLC",63323-715,63323-715-05,INTRAMUSCULAR,Injection,Oncology,HUMAN PRESCRIPTION DRUG,To Be Discontinued,New,08/14/2026,08/14/2026,08/14/2026,Discontinuation of the manufacture of the drug,"Fulvestrant, Injection, 250 mg per 5mL (NDC 63323-715-05)"
Clonazepam Tablet,CLONAZEPAM,Accord Healthcare Inc.,Accord Healthcare Inc.,16729-136,16729-136-00,ORAL,Tablet,Neurology,HUMAN PRESCRIPTION DRUG,Current,Reverified,03/10/2023,09/15/2026,,,"Clonazepam, Tablet, .5 mg (NDC 16729-136-00)"
Rocuronium Bromide Injection,ROCURONIUM BROMIDE,"XGen Pharmaceuticals DJB, Inc.","XGen Pharmaceuticals DJB, Inc.",39822-4200,39822-4200-2,INTRAVENOUS,Injection,Anesthesia,HUMAN PRESCRIPTION DRUG,Current,Reverified,02/15/2023,08/17/2026,,Tamarang is the application holder and X-Gen is the distributor/labeler,"Rocuronium Bromide, Injection, 50 mg/5 mL (NDC 39822-4200-2)"
Ampicillin Sodium Injection,AMPICILLIN,Sandoz Inc,Sandoz Inc.,0781-9409,0781-9409-95,INTRAVENOUS,Injection,Anti-Infective,HUMAN PRESCRIPTION DRUG,To Be Discontinued,New,12/08/2025,12/08/2025,12/08/2025,Discontinuation of private label only,"Ampicillin Sodium, Injection, 10 g (NDC 0781-9409-95)"
Valsartan Tablet,VALSARTAN,Mylan Pharmaceuticals Inc.,"Mylan Pharmaceuticals Inc., a Viatris Company",0378-5813,0378-5813-77,ORAL,Tablet,Cardiovascular,HUMAN PRESCRIPTION DRUG,To Be Discontinued,New,11/19/2025,11/19/2025,11/19/2025,A business decision was made to discontinue manufacture of the drug.,"Valsartan, Tablet, 80 mg (NDC 0378-5813-77)"
"Lisdexamfetamine Dimesylate Tablet, Chewable",LISDEXAMFETAMINE DIMESYLATE,Novadoz Pharmaceuticals LLC,Novadoz Pharmaceuticals LLC,72205-137,72205-137-91,ORAL,"Tablet, Chewable",Psychiatry,HUMAN PRESCRIPTION DRUG,Current,Reverified,07/14/2023,09/16/2026,,,"Lisdexamfetamine Dimesylate, Tablet, Chewable, 60 mg (NDC 72205-137-91)"
"Amphetamine Aspartate Monohydrate, Amphetamine Sulfate, Dextroamphetamine Saccharate, Dextroamphetamine Sulfate Tablet","DEXTROAMPHETAMINE SACCHARATE, AMPHETAMINE ASPARTATE MONOHYDRATE, DEXTROAMPHETAMINE SULFATE AND AMPHETAMINE SULFATE",Sandoz Inc,Sandoz Inc.,0185-2099,0185-2099-01,ORAL,Tablet,Psychiatry,HUMAN PRESCRIPTION DRUG,Current,Reverified,10/12/2022,09/03/2026,,,"Amphetamine Aspartate Monohydrate, Amphetamine Sulfate, Dextroamphetamine Saccharate, Dextroamphetamine Sulfate, Tablet, 7.5 mg; 7.5 mg; 7.5 mg; 7.5 mg (NDC 0185-2099-01)"
Dexmedetomidine Hydrochloride Injection,DEXMEDETOMIDINE HYDROCHLORIDE,"Somerset Therapeutics, LLC","Somerset Therapeutics, LLC",70069-759,70069-759-04,INTRAVENOUS,Injection,Anesthesia,HUMAN PRESCRIPTION DRUG,Current,Reverified,04/10/2020,09/11/2026,,,"Dexmedetomidine Hydrochloride, Injection, 100 ug/1 mL (NDC 70069-759-04)"
Ropivacaine Hydrochloride Injection,ROPIVACAINE HYDROCHLORIDE,"Somerset Therapeutics, LLC","Somerset Therapeutics, LLC",70069-061,70069-061-25,EPIDURAL,Injection,Anesthesia,HUMAN PRESCRIPTION DRUG,Current,Reverified,03/23/2018,09/11/2026,,,"Ropivacaine Hydrochloride, Injection, 2 mg/1 mL (NDC 70069-061-25)"
Midazolam Hydrochloride Injection,MIDAZOLAM HYDROCHLORIDE,Heritage Pharmaceuticals Inc. d/b/a Avet Pharmaceuticals Inc.,"Avet Pharmaceuticals, Inc.",23155-601,23155-601-41,INTRAMUSCULAR,Injection,Anesthesia,HUMAN PRESCRIPTION DRUG,Current,Reverified,04/02/2020,09/01/2026,,,"Midazolam Hydrochloride, Injection, 5 mg/1 mL (NDC 23155-601-41)"
Bupivacaine Hydrochloride Injection,,Kindos Pharmaceuticals Co. Ltd.,Kindos Pharmaceuticals Co. Ltd.,,71288-722-32,,Injection,Anesthesia,,To Be Discontinued,New,05/05/2026,05/05/2026,05/05/2026,Discontinuation of the manufacture of the drug,"Bupivacaine Hydrochloride, Injection, 2.5 mg/1 mL (NDC 71288-722-32)"
"Mesalamine Capsule, Extended Release",PENTASA,"Takeda Pharmaceuticals America, Inc.",Takeda Pharmaceuticals USA Inc.,54092-189,54092-189-81,ORAL,"Capsule, Extended Release",Gastroenterology,HUMAN PRESCRIPTION DRUG,To Be Discontinued,New,09/16/2026,09/16/2026,09/16/2026,"Product is anticipated to be available until December 31, 2027","Pentasa, Capsule, Extended Release, 250 mg (NDC 54092-189-81)"
Ketorolac Tromethamine Injection,KETOROLAC TROMETHAMINE,Sagent Pharmaceuticals,Gland Pharma Limited,25021-701,25021-701-02,INTRAMUSCULAR,Injection,Analgesia/Addiction,HUMAN PRESCRIPTION DRUG,Current,Reverified,03/23/2018,07/22/2026,,,"Ketorolac Tromethamine, Injection, 30 mg/1 mL (NDC 25021-701-02)"
Dextrose Monohydrate 5% Injection,DEXTROSE,Baxter Healthcare Corporation,Baxter Healthcare,0338-0017,0338-0017-02,INTRAVENOUS,Injection,Endocrinology/Metabolism,HUMAN PRESCRIPTION DRUG,Current,Reverified,02/14/2022,09/17/2026,,,"Dextrose 5% In Plastic Container, Injection, 50 g/1000 mL (NDC 0338-0017-02)"
Technetium TC-99M Pyrophosphate Kit Injection,KIT FOR THE PREPARATION OF TECHNETIUM TC99M PYROPHOSPHATE,"Sun Pharmaceutical Industries, Inc.","Sun Pharmaceutical Industries, Inc.",45567-0060,45567-0060-1,INTRAVENOUS,Injection,Medical Imaging,HUMAN PRESCRIPTION DRUG,Current,Revised,12/27/2023,08/27/2026,,Estimated recovery: TBD,"CIS-PYRO, Injection, 12 mg/10 mL (NDC 45567-0060-1)"
Pilocarpine Hydrochloride Ophthalmic Solution,VUITY,AbbVie Inc.,AbbVie Inc.,0074-7098,0074-7098-06,OPHTHALMIC,Ophthalmic Solution,Ophthalmology,HUMAN PRESCRIPTION DRUG,To Be Discontinued,New,03/24/2026,03/24/2026,03/24/2026,Discontinuation of the manufacture of the drug,"Vuity, Ophthalmic Solution, 12.5 mg/1 mL (NDC 0074-7098-06)"
"Cefotaxime Sodium Powder, for Solution",CEFOTAXIME,Hikma Pharmaceuticals USA Inc.,"Hikma Pharmaceuticals USA, Inc.",0143-9931,0143-9931-25,INTRAMUSCULAR,"Powder, For Solution",Anti-Infective,HUMAN PRESCRIPTION DRUG,Current,Revised,02/17/2015,09/03/2026,,Estimated recovery: TBD,"Cefotaxime Sodium, Powder, for Solution, 1 g (NDC 0143-9931-25)"
Methylprednisolone Acetate Injection,DEPO-MEDROL,Pharmacia & Upjohn Company LLC,Pfizer Inc.,0009-0280,0009-0280-03,INTRALESIONAL,Injection,Rheumatology,HUMAN PRESCRIPTION DRUG,Current,Revised,12/15/2021,09/08/2026,,Limited Supply Available. Next Delivery: October 2026; Estimated Recovery: December 2026; Shortage per Manufacturer: Manufacturing Delay,"Depo-medrol, Injection, 40 mg/1 mL (NDC 0009-0280-03)"
Heparin Sodium Injection,HEPARIN SODIUM,"Fresenius Kabi USA, LLC","Fresenius Kabi USA, LLC",63323-519,63323-519-10,INTRAVENOUS,Injection,Hematology,HUMAN PRESCRIPTION DRUG,Current,Reverified,11/14/2017,09/15/2026,,Check wholesalers for inventory,"Heparin Sodium, Injection, 200 [USP'U]/100 mL (NDC 63323-519-10)"
Dexmedetomidine Hydrochloride Injection,,"Fresenius Kabi USA, LLC","Fresenius Kabi USA, LLC",,63323-671-50,,Injection,Anesthesia,,Current,Reverified,04/10/2020,09/15/2026,,Estimated recovery: TBD,"Dexmedetomidine Hydrochloride, Injection, 4 ug/1 mL (NDC 63323-671-50)"
Sodium Bicarbonate Injection,SODIUM BICARBONATE,"Hospira, Inc.","Hospira, Inc., a Pfizer Company",0409-5555,0409-5555-01,INTRAVENOUS,Injection,Endocrinology/Metabolism,HUMAN PRESCRIPTION DRUG,Current,Revised,03/01/2017,09/09/2026,,Next Delivery: April 2027; Estimated Recovery: June 2027; Shortage per Manufacturer: Manufacturing Delay,"Sodium Bicarbonate, Injection, 2.5 mEq/5 mL (4.2%, 0.5 mEq/mL) (NDC 0409-5555-01)"
Morphine Sulfate Tablet,MORPHINE SULFATE,"Upsher-Smith Laboratories, LLC","Upsher-Smith Laboratories, LLC",0832-0274,0832-0274-11,ORAL,Tablet,Analgesia/Addiction,HUMAN PRESCRIPTION DRUG,To Be Discontinued,New,12/22/2025,12/22/2025,12/22/2025,Discontinuation of the manufacture of the drug,"Morphine Sulfate, Tablet, 30 mg (NDC 0832-0274-11)"
"Bupivacaine Hydrochloride, Epinephrine Bitartrate Injection",BUPIVACAINE HYDROCHLORIDE AND EPINEPHRINE,"Hospira, Inc.","Hospira, Inc., a Pfizer Company",0409-9046,0409-9046-01,PERINEURAL,Injection,Anesthesia,HUMAN PRESCRIPTION DRUG,Current,Revised,02/20/2018,09/09/2026,,Next Delivery and Estimated Recovery: December 2028; Shortage per Manufacturer: Manufacturing Delay,"Bupivacaine Hydrochloride And Epinephrine, Injection, 250 mg/50 mL (5 mg/mL) (NDC 0409-9046-01)"
Ampicillin Sodium Injection,AMPICILLIN,Sandoz Inc,Sandoz Inc.,0781-9404,0781-9404-95,INTRAMUSCULAR,Injection,Anti-Infective,HUMAN PRESCRIPTION DRUG,To Be Discontinued,New,12/08/2025,12/08/2025,12/08/2025,Discontinuation of private label only,"Ampicillin Sodium, Injection, 1 g (NDC 0781-9404-95)"
Iron Sucrose Injection,IRON SUCROSE,Mylan Institutional LLC,"Mylan Institutional, a Viatris Company",67457-957,67457-957-99,INTRAVENOUS,Injection,Hematology,HUMAN PRESCRIPTION DRUG,To Be Discontinued,New,05/21/2026,05/21/2026,05/21/2026,A business decision has been made to discontinue of 2.5mL presentation only. Continuity of supply is forecasted across all other presentations of Iron Sucrose: 67457-639-10 Iron Sucrose 20mg/mL 10mL SDV 5PK 67457-638-10 Iron Sucrose 20mg/mL 5mL SDV 10PK 67457-638-25 Iron Sucrose 20mg/mL 5mL SDV 25PK.,"Iron Sucrose, Injection, 50 mg/2.5 mL (NDC 67457-957-99)"
Dextrose Monohydrate 5% Injection,DEXTROSE,"ICU Medical, Inc.",Otsuka ICU Medical LLC,0990-7923,0990-7923-36,INTRAVENOUS,Injection,Endocrinology/Metabolism,HUMAN PRESCRIPTION DRUG,Current,Reverified,02/14/2022,09/16/2026,,"This product is distributed by ICU Medical. For questions regarding this product, please contact ICU Medical.","Dextrose 5% In Plastic Container, Injection, 5 g/100 mL (NDC 0990-7923-36)"
Sodium Chloride 0.9% Injection,SODIUM CHLORIDE,"Hospira, Inc.","Hospira, Inc., a Pfizer Company",0409-7101,0409-7101-67,INTRAVENOUS,Injection,Gastroenterology,HUMAN PRESCRIPTION DRUG,To Be Discontinued,New,12/03/2025,12/03/2025,12/03/2025,Discontinuation of the manufacture of the drug,"Sodium Chloride 0.9%, Injection, 100 mL  ADD-Vantage® Flexible Container (NDC 0409-7101-67)"
Atropine Sulfate Injection,ATROPINE SULFATE,"Hospira, Inc.","Hospira, Inc., a Pfizer Company",0409-1630,0409-1630-10,INTRAVENOUS,Injection,Anesthesia,HUMAN PRESCRIPTION DRUG,Current,Revised,01/01/2012,08/24/2026,,Next Delivery: August 2026; Estimated Recovery: September 2026; Shortage per Manufacturer: Manufacturing Delay,"Atropine Sulfate, Injection, 1 mg/10 mL (0.1 mg/mL) Syringes (NDC 0409-1630-10)"
Carboplatin Injection,CARBOPLATIN,Eugia US LLC,Eugia US LLC,55150-386,55150-386-01,INTRAVENOUS,Injection,Oncology,HUMAN PRESCRIPTION DRUG,Current,Reverified,04/28/2023,09/17/2026,,Check wholesalers for inventory,"Carboplatin, Injection, 600 mg/60 mL (NDC 55150-386-01)"
"Methylphenidate Hydrochloride Tablet, Extended Release",RELEXXII,"Vertical Pharmaceuticals, LLC","Vertical Pharmaceuticals, LLC",68025-089,68025-089-30,ORAL,Tablet,Psychiatry,HUMAN PRESCRIPTION DRUG,Current,Reverified,07/26/2023,09/16/2026,,,"Relexxii, Tablet, Extended Release, 63 mg (NDC 68025-089-30)"
"Amphetamine Aspartate Monohydrate, Amphetamine Sulfate, Dextroamphetamine Saccharate, Dextroamphetamine Sulfate Tablet","DEXTROAMPHETAMINE SACCHARATE, AMPHETAMINE ASPARTATE, DEXTROAMPHETAMINE SULFATE AND AMPHETAMINE SULFATE","Teva Pharmaceuticals USA, Inc.","Teva Pharmaceuticals USA, Inc.",0555-0972,0555-0972-02,ORAL,Tablet,Psychiatry,HUMAN PRESCRIPTION DRUG,Current,Reverified,10/12/2022,09/15/2026,,,"Amphetamine Aspartate Monohydrate, Amphetamine Sulfate, Dextroamphetamine Saccharate, Dextroamphetamine Sulfate, Tablet, 2.5 mg; 2.5 mg; 2.5 mg; 2.5 mg (NDC 0555-0972-02)"
Dopamine Hydrochloride Injection,DOPAMINE HYDROCHLORIDE,Hikma Pharmaceuticals USA Inc.,"Hikma Pharmaceuticals USA, Inc.",0143-9252,0143-9252-25,INTRAVENOUS,Injection,Cardiovascular,HUMAN PRESCRIPTION DRUG,Current,Revised,11/06/2017,09/03/2026,,Product temporarily on backorder.  Additional lots will be available in the February 2027 timeframe.,"Dopamine Hydrochloride, Injection, 40 mg/1 mL (NDC 0143-9252-25)"
Valproate Sodium Injection,VALPROATE SODIUM,Hikma Pharmaceuticals USA Inc.,"Hikma Pharmaceuticals USA, Inc.",0143-9785,0143-9785-10,INTRAVENOUS,Injection,Neurology,HUMAN PRESCRIPTION DRUG,Current,Revised,12/30/2020,09/03/2026,,Additional lots will be available.  Product will be made available as it is released.,"Valproate Sodium, Injection, 500 mg/5 mL (NDC 0143-9785-10)"
"Potassium Chloride Tablet, Extended Release",POTASSIUM CHLORIDE,"Actavis Pharma, Inc.","Teva Pharmaceuticals USA, Inc.",62037-720,62037-720-10,ORAL,Tablet,Endocrinology/Metabolism,HUMAN PRESCRIPTION DRUG,To Be Discontinued,New,11/21/2025,11/21/2025,11/21/2025,Discontinuation of the manufacture of the drug,"Potassium Chloride, Tablet, Extended Release, 20 meq (NDC 62037-720-10)"
Amino Acid Injection,PLENAMINE,B. Braun Medical Inc.,B. Braun Medical Inc.,0264-4500,0264-4500-00,INTRAVENOUS,Injection,Gastroenterology,HUMAN PRESCRIPTION DRUG,Current,Reverified,12/08/2020,09/09/2026,,,"Plenamine, Injection, 0.15 (NDC 0264-4500-00)"
Midazolam Hydrochloride Injection,MIDAZOLAM IN SODIUM CHLORIDE,"WG Critical Care, LLC.",WG Critical Care,44567-611,44567-611-10,INTRAVENOUS,Injection,Anesthesia,HUMAN PRESCRIPTION DRUG,Current,Reverified,04/02/2020,09/01/2026,,Please check wholesalers and distributors for inventory.,"Midazolam In 0.9% Sodium Chloride, Injection, 1 mg/1 mL (NDC 44567-611-10)"
Lisdexamfetamine Dimesylate Capsule,LISDEXAMFETAMINE DIMESYLATE,Apotex Corp.,Apotex Corp.,60505-4740,60505-4740-1,ORAL,Capsule,Psychiatry,HUMAN PRESCRIPTION DRUG,Current,Revised,11/01/2023,09/16/2026,,Estimated recovery: 9/25/26,"Lisdexamfetamine Dimesylate, Capsule, 20 mg (NDC 60505-4740-1)"
"Fluticasone Propionate and Salmeterol Xinafoate Aerosol, Metered",ADVAIR HFA,GlaxoSmithKline LLC,GlaxoSmithKline,0173-0716,0173-0716-22,RESPIRATORY (INHALATION),,Pulmonary/Allergy,HUMAN PRESCRIPTION DRUG,To Be Discontinued,New,07/27/2026,07/27/2026,07/27/2026,"The anticipated date that GSK will cease distribution of the presentation is approximately December 31, 2026.  The 120 dose presentation of this product will still be available.","Advair HFA, Aerosol, Metered, 115 ug; 21 ug (NDC 0173-0716-22)"
Bupivacaine Hydrochloride Injection,BUPIVACAINE HYDROCHLORIDE,Fosun Pharma USA Inc.,ONESOURCE SPECIALTY PTE LTD,72266-263,72266-263-10,EPIDURAL,Injection,Anesthesia,HUMAN PRESCRIPTION DRUG,Current,Reverified,02/20/2018,09/05/2026,,Distributed by Fosun Pharma USA Inc.,"Bupivacaine Hydrochloride PRESERVATIVE FREE, Injection, 2.5 mg/1 mL (NDC 72266-263-10)"
Rocuronium Bromide Injection,ROCURONIUM,"Fresenius Kabi USA, LLC","Fresenius Kabi USA, LLC",65219-065,65219-065-05,INTRAVENOUS,Injection,Anesthesia,HUMAN PRESCRIPTION DRUG,Current,Reverified,02/15/2023,09/15/2026,,Estimated recovery: TBD,"Rocuronium Bromide, Injection, 10 mg/1 mL (NDC 65219-065-05)"
Conivaptan Hydrochloride Injection,,Cumberland Pharmaceuticals Inc.,Cumberland Pharmaceuticals Inc.,,66220-160-10,,Injection,Cardiovascular,,Current,Reverified,03/14/2022,09/16/2026,,Estimated recovery: TBD,"Vaprisol Dextrose In Plastic Container, Injection, 20 mg/100 mL (NDC 66220-160-10)"
Pilocarpine Hydrochloride Ophthalmic Solution,VUITY,AbbVie Inc.,AbbVie Inc.,0074-7098,0074-7098-04,OPHTHALMIC,Ophthalmic Solution,Ophthalmology,HUMAN PRESCRIPTION DRUG,To Be Discontinued,New,03/24/2026,03/24/2026,03/24/2026,Discontinuation of the manufacture of the drug,"Vuity, Ophthalmic Solution, 12.5 mg/1 mL (NDC 0074-7098-04)"
Lidocaine Hydrochloride Injection,LIDOCAINE HYDROCHLORIDE AND DEXTROSE,B. Braun Medical Inc.,B. Braun Medical Inc.,0264-9594,0264-9594-10,INTRAVENOUS,Injection,Cardiovascular,HUMAN PRESCRIPTION DRUG,Current,Reverified,10/25/2017,09/09/2026,,,"Lidocaine Hydrochloride And Dextrose, Injection, 5 g/100 mL; .4 g/100 mL (NDC 0264-9594-10)"
"Epinephrine Bitartrate, Lidocaine Hydrochloride Injection",LIDOCAINE HYDROCHLORIDE AND EPINEPHRINE,"Hospira, Inc.","Hospira, Inc., a Pfizer Company",0409-3178,0409-3178-02,INFILTRATION,Injection,Anesthesia,HUMAN PRESCRIPTION DRUG,Current,Revised,02/22/2012,09/09/2026,,Next Delivery: November 2026; Estimated Recovery: December 2026; Shortage per Manufacturer: Manufacturing Delay,"Lidocaine Hydrochloride And Epinephrine, Injection, 300 mg/30 mL (1%; 1:100,000) (NDC 0409-3178-02)"
Albuterol Sulfate Solution,ALBUTEROL SULFATE,"Rising Pharma Holdings, Inc.","Rising Pharma Holdings, Inc.",64980-642,64980-642-03,RESPIRATORY (INHALATION),Solution,Pediatric,HUMAN PRESCRIPTION DRUG,Resolved,Revised,10/25/2022,08/27/2026,,,"Albuterol Sulfate, Solution, 2.5 mg/.5 mL (NDC 64980-642-03)"
Quinapril Hydrochloride Tablet,QUINAPRIL,Aurobindo Pharma Limited,Aurobindo Pharma USA,65862-620,65862-620-90,ORAL,Tablet,Cardiovascular,HUMAN PRESCRIPTION DRUG,Current,Reverified,01/19/2023,06/02/2026,,Discontinuation of the manufacture of the drug,"Quinapril Hydrochloride, Tablet, 40 mg (NDC 65862-620-90)"
Clonazepam Tablet,CLONAZEPAM,Aurobindo Pharma Limited,Aurobindo Pharma USA,59651-723,59651-723-01,ORAL,Tablet,Neurology,HUMAN PRESCRIPTION DRUG,Current,Reverified,03/10/2023,06/02/2026,,,"Clonazepam, Tablet, 1 mg (NDC 59651-723-01)"
Morphine Sulfate Injection,MORPHINE SULFATE,Hikma Pharmaceuticals USA Inc.,"Hikma Pharmaceuticals USA, Inc.",0641-6127,0641-6127-25,INTRAVENOUS,Injection,Analgesia/Addiction,HUMAN PRESCRIPTION DRUG,Current,Revised,11/03/2017,09/03/2026,,Additional lots will be available in the October 2026 timeframe.  Product will be made available as it is released.,"Morphine Sulfate, Injection, 10 mg/1 mL (NDC 0641-6127-25)"
Lidocaine Hydrochloride Injection,LIDOCAINE HYDROCHLORIDE,"Hospira, Inc.","Hospira, Inc., a Pfizer Company",0409-4276,0409-4276-02,INFILTRATION,Injection,Anesthesia,HUMAN PRESCRIPTION DRUG,Current,Reverified,02/22/2012,09/09/2026,,,"Lidocaine Hydrochloride In Plastic Container, Injection, 500 mg/50 mL (1%; 10 mg/mL) (NDC 0409-4276-02)"
Fentanyl Citrate Injection,FENTANYL CITRATE,Hikma Pharmaceuticals USA Inc.,"Hikma Pharmaceuticals USA, Inc.",0641-6029,0641-6029-25,INTRAVENOUS,Injection,Analgesia/Addiction,HUMAN PRESCRIPTION DRUG,Current,Revised,12/20/2023,09/03/2026,,Additional lots will be scheduled for manufacturing to meet demand.  Product will be made available as it is released.,"Fentanyl Citrate, Injection, 50 mcg/1 mL (NDC 0641-6029-25)"
Bupivacaine Hydrochloride Injection,BUPIVACAINE HYDROCHLORIDE,"Hospira, Inc.","Hospira, Inc., a Pfizer Company",0409-1162,0409-1162-02,EPIDURAL,Injection,Anesthesia,HUMAN PRESCRIPTION DRUG,Current,Reverified,02/20/2018,09/09/2026,,,"Bupivacaine Hydrochloride, Injection, 150 mg/30 mL (5 mg/mL) (NDC 0409-1162-02)"
Rifampin Injection,RIFAMPIN,"Fresenius Kabi USA, LLC","Fresenius Kabi USA, LLC",63323-351,63323-351-20,INTRAVENOUS,Injection,Anti-Infective,HUMAN PRESCRIPTION DRUG,Current,Reverified,02/17/2021,09/15/2026,,Check wholesalers for inventory,"Rifampin, Injection, 600 mg (NDC 63323-351-20)"
Clonazepam Tablet,CLONAZEPAM,Solco Healthcare LLC,"Prinston Pharmaceutical, Inc.",43547-406,43547-406-11,ORAL,Tablet,Neurology,HUMAN PRESCRIPTION DRUG,Current,Reverified,03/10/2023,09/02/2026,,Marketed by Solco Healthcare,"Clonazepam, Tablet, .5 mg (NDC 43547-406-11)"
Morphine Sulfate Suppository,MORPHINE SULFATE,Padagis US LLC,Padagis US LLC,0574-7116,0574-7116-12,RECTAL,Suppository,Analgesia/Addiction,HUMAN PRESCRIPTION DRUG,To Be Discontinued,New,07/23/2026,07/23/2026,07/23/2026,Discontinuation of the manufacture of the drug,"Morphine Sulfate, Suppository, 30 mg (NDC 0574-7116-12)"
Lisdexamfetamine Dimesylate Capsule,LISDEXAMFETAMINE DIMESYLATE,Hikma Pharmaceuticals USA Inc.,"Hikma Pharmaceuticals USA, Inc.",0054-0372,0054-0372-25,ORAL,Capsule,Psychiatry,HUMAN PRESCRIPTION DRUG,Current,Reverified,07/14/2023,09/03/2026,,Available on allocation,"Lisdexamfetamine Dimesylate, Capsule, 40 mg (NDC 0054-0372-25)"
Furosemide Injection,FUROSEMIDE,Sagent Pharmaceuticals,Gland Pharma Limited,25021-311,25021-311-04,INTRAMUSCULAR,Injection,Cardiovascular,HUMAN PRESCRIPTION DRUG,To Be Discontinued,New,04/28/2026,04/28/2026,04/28/2026,Distributed by Sagent Pharmaceuticals; Discontinuation of the manufacture of the drug,"Furosemide, Injection, 10 mg/1 mL (NDC 25021-311-04)"
"Bupivacaine Hydrochloride, Epinephrine Bitartrate Injection",BUPIVACAINE HYDROCHLORIDE AND EPINEPHRINE,"Hospira, Inc.","Hospira, Inc., a Pfizer Company",0409-9043,0409-9043-01,INFILTRATION,Injection,Anesthesia,HUMAN PRESCRIPTION DRUG,Current,Revised,02/20/2018,09/09/2026,,Next Delivery and Estimated Recovery: December 2028; Shortage per Manufacturer: Manufacturing Delay,"Bupivacaine Hydrochloride and Epinephrine, Injection, 125 mg/50 mL (2.5 mg/mL) (NDC 0409-9043-01)"
Ropivacaine Hydrochloride Injection,NAROPIN,"Fresenius Kabi USA, LLC","Fresenius Kabi USA, LLC",63323-285,63323-285-64,EPIDURAL,Injection,Anesthesia,HUMAN PRESCRIPTION DRUG,Current,Reverified,03/23/2018,09/15/2026,,,"Naropin, Injection, 2 mg/1 mL (NDC 63323-285-64)"
Dexmedetomidine Hydrochloride Injection,,Baxter Healthcare,Baxter Healthcare,,0338-9557-12,,Injection,Anesthesia,,Current,Reverified,04/10/2020,09/17/2026,,,"Dexmedetomidine Hydrochloride, Injection, 400 ug/100 mL (NDC 0338-9557-12)"
Quinapril Hydrochloride Tablet,QUINAPRIL,Aurobindo Pharma Limited,Aurobindo Pharma USA,65862-618,65862-618-90,ORAL,Tablet,Cardiovascular,HUMAN PRESCRIPTION DRUG,Current,Reverified,01/19/2023,06/02/2026,,Discontinuation of the manufacture of the drug,"Quinapril Hydrochloride, Tablet, 10 mg (NDC 65862-618-90)"
Lopinavir and Ritonavir Tablet,,AbbVie Inc.,AbbVie Inc.,,0074-6799-22,,Tablet,Antiviral,,To Be Discontinued,New,07/24/2026,07/24/2026,07/24/2026,Discontinuation of the manufacture of the drug,"Kaletra, Tablet, 200 mg; 50 mg (NDC 0074-6799-22)"
"Amphetamine Aspartate Monohydrate, Amphetamine Sulfate, Dextroamphetamine Saccharate, Dextroamphetamine Sulfate Tablet","DEXTROAMPHETAMINE SACCHARATE, AMPHETAMINE ASPARTATE MONOHYDRATE, DEXTROAMPHETAMINE SULFATE AND AMPHETAMINE SULFATE",Sandoz Inc,Sandoz Inc.,0185-0842,0185-0842-01,ORAL,Tablet,Psychiatry,HUMAN PRESCRIPTION DRUG,Current,Reverified,10/12/2022,09/03/2026,,,"Amphetamine Aspartate Monohydrate, Amphetamine Sulfate, Dextroamphetamine Saccharate, Dextroamphetamine Sulfate, Tablet, 2.5 mg; 2.5 mg; 2.5 mg; 2.5 mg (NDC 0185-0842-01)"
Carboplatin Injection,CARBOPLATIN,"Hospira, Inc.","Hospira, Inc., a Pfizer Company",61703-339,61703-339-56,INTRAVENOUS,Injection,Oncology,HUMAN PRESCRIPTION DRUG,Current,Revised,04/28/2023,09/09/2026,,Limited Supply Available. Next Delivery and Estimated Recovery: September 2026; Shortage per Manufacturer: Manufacturing Delay,"Carboplatin, Injection, 600 mg/60 mL (10 mg/mL) (NDC 61703-339-56)"
Bupivacaine Hydrochloride Injection,SENSORCAINE MPF,"Fresenius Kabi USA, LLC","Fresenius Kabi USA, LLC",63323-472,63323-472-17,EPIDURAL,Injection,Anesthesia,HUMAN PRESCRIPTION DRUG,Current,Reverified,02/20/2018,09/15/2026,,Check wholesalers for inventory,"Sensorcaine, Injection, 7.5 mg/1 mL (NDC 63323-472-17)"
Dexmedetomidine Hydrochloride Injection,DEXMEDETOMIDINE HYDROCHLORIDE IN 0.9% SODIUM CHLORIDE,Sandoz Inc.,"Jiangsu Hengrui Pharmaceuticals Co., Ltd.",0781-3493,0781-3493-95,INTRAVENOUS,Injection,Anesthesia,HUMAN PRESCRIPTION DRUG,Current,Reverified,04/10/2020,09/15/2026,,Marketed by Sandoz Inc.; Customer service: 800-525-8747,"Dexmedetomidine Hydrochloride, Injection, 80 mcg/20 mL (NDC 0781-3493-95)"
Ropivacaine Hydrochloride Injection,NAROPIN,"Fresenius Kabi USA, LLC","Fresenius Kabi USA, LLC",63323-285,63323-285-63,EPIDURAL,Injection,Anesthesia,HUMAN PRESCRIPTION DRUG,Current,Reverified,03/23/2018,09/15/2026,,Estimated recovery: TBD,"Naropin, Injection, 2 mg/1 mL (NDC 63323-285-63)"
"Amphetamine Aspartate Monohydrate, Amphetamine Sulfate, Dextroamphetamine Saccharate, Dextroamphetamine Sulfate Tablet","DEXTROAMPHETAMINE SACCHARATE, AMPHETAMINE ASPARTATE, DEXTROAMPHETAMINE SULFATE AND AMPHETAMINE SULFATE","Aurolife Pharma, LLC",Aurobindo Pharma USA,13107-072,13107-072-01,ORAL,Tablet,Psychiatry,HUMAN PRESCRIPTION DRUG,Current,Reverified,10/12/2022,07/21/2026,,Estimated availability: October 2026,"Amphetamine Aspartate Monohydrate, Amphetamine Sulfate, Dextroamphetamine Saccharate, Dextroamphetamine Sulfate, Tablet, 3.75 mg; 3.75 mg; 3.75 mg; 3.75 mg (NDC 13107-072-01)"
Glycopyrrolate Injection,GLYCOPYRROLATE,"Fresenius Kabi USA, LLC","Fresenius Kabi USA, LLC",63323-578,63323-578-05,INTRAMUSCULAR,Injection,Anesthesia,HUMAN PRESCRIPTION DRUG,To Be Discontinued,New,07/30/2026,07/30/2026,07/30/2026,Discontinuation of the manufacture of the drug,"Glycopyrrolate, Injection, 1 mg per 5 mL (NDC 63323-578-05)"
"Calcium Chloride; Dextrose; Magnesium Chloride; Sodium Chloride; Sodium Lactate Intraperitoneal Injection, Solution",DIANEAL LOW CALCIUM WITH DEXTROSE,Vantive US Healthcare LLC,Vantive US Healthcare LLC,0941-0457,0941-0457-05,INTRAPERITONEAL,Solution,Renal,HUMAN PRESCRIPTION DRUG,To Be Discontinued,New,08/03/2026,08/03/2026,08/03/2026,A business decision was made to discontinue manufacture of the drug.,"DIANEAL Low Calcium with Dextrose, Intraperitoneal Injection, Solution, 18.3 mg/100 mL; 2.5 g/100 mL; 5.08 mg/100 mL; 538 mg/100 mL; 448 mg/100 mL (NDC 0941-0457-05)"
Sodium Acetate Injection,SODIUM ACETATE,Hikma Pharmaceuticals USA Inc.,"Hikma Pharmaceuticals USA, Inc.",0641-6262,0641-6262-01,INTRAVENOUS,Injection,Endocrinology/Metabolism,HUMAN PRESCRIPTION DRUG,Current,Reverified,02/03/2016,09/03/2026,,Additional lots will be available.  Product will be made available as it is released.,"Sodium Acetate, Injection, 100 mEq/50mL (2 mEq/mL) (NDC 0641-6262-01)"
Dexmedetomidine Hydrochloride Injection,PRECEDEX,"Hospira, Inc.",Pfizer Inc.,0409-1660,0409-1660-50,INTRAVENOUS,Injection,Anesthesia,HUMAN PRESCRIPTION DRUG,Current,Reverified,04/10/2020,09/08/2026,,,"Precedex, Injection, 200 mcg/50 mL (4 mcg/mL) (NDC 0409-1660-50)"
Rifampin Capsule,RIFAMPIN,"Lupin Pharmaceuticals, Inc.","Lupin Pharmaceuticals, Inc.",68180-659,68180-659-06,ORAL,Capsule,Anti-Infective,HUMAN PRESCRIPTION DRUG,Current,Reverified,12/22/2021,09/01/2026,,,"Rifampin, Capsule, 300 mg (NDC 68180-659-06)"
"Lisdexamfetamine Dimesylate Tablet, Chewable",LISDEXAMFETAMINE DIMESYLATE,"Sun Pharmaceutical Industries, Inc.","Sun Pharmaceutical Industries, Inc.",57664-084,57664-084-88,ORAL,"Tablet, Chewable",Psychiatry,HUMAN PRESCRIPTION DRUG,Current,Revised,07/14/2023,08/27/2026,,,"Lisdexamfetamine Dimesylate, Tablet, Chewable, 20 mg (NDC 57664-084-88)"
Heparin Sodium Injection,HEPARIN SODIUM,"Hospira, Inc.","Hospira, Inc., a Pfizer Company",0409-1005,0409-1005-20,INTRAVENOUS,Injection,Hematology,HUMAN PRESCRIPTION DRUG,Current,Revised,11/14/2017,09/11/2026,,,"Heparin Sodium, Injection, 1,000 Units/500 mL (2 Units/mL) (NDC 0409-1005-20)"
Carboplatin Injection,CARBOPLATIN,Apotex Corp.,Teyro Labs,60505-6282,60505-6282-3,INTRAVENOUS,Injection,Oncology,HUMAN PRESCRIPTION DRUG,Current,Reverified,04/28/2023,09/16/2026,,Wholesaler & Distributor through Marketing partner (Apotex Inc.); Discontinuation of the manufacture of the drug,"Carboplatin, Injection, 150 mg/15 mL (10 mg/mL) Multiple Dose Vial (NDC 60505-6282-3)"
Sterile Water Irrigant,STERILE WATER,B. Braun Medical Inc.,B. Braun Medical Inc.,0264-2101,0264-2101-00,IRRIGATION,Irrigant,Gastroenterology,HUMAN PRESCRIPTION DRUG,Current,Reverified,04/28/2023,09/09/2026,,,"Sterile Water In Plastic Container, Irrigant, 1 mL/1 mL (NDC 0264-2101-00)"
"Amphetamine Aspartate Monohydrate, Amphetamine Sulfate, Dextroamphetamine Saccharate, Dextroamphetamine Sulfate Tablet","DEXTROAMPHETAMINE SACCHARATE, AMPHETAMINE ASPARTATE, DEXTROAMPHETAMINE SULFATE AND AMPHETAMINE SULFATE","Epic Pharma, LLC","Epic Pharma, LLC",42806-343,42806-343-01,ORAL,Tablet,Psychiatry,HUMAN PRESCRIPTION DRUG,Current,Reverified,10/12/2022,09/15/2026,,Estimated recovery: TBD,"Amphetamine Aspartate Monohydrate, Amphetamine Sulfate, Dextroamphetamine Saccharate, Dextroamphetamine Sulfate, Tablet, 3.75 mg; 3.75 mg; 3.75 mg; 3.75 mg (NDC 42806-343-01)"
Ropivacaine Hydrochloride Injection,ROPIVACAINE HYDROCHLORIDE,Eugia US LLC,Eugia US LLC,55150-195,55150-195-20,EPIDURAL,Injection,Anesthesia,HUMAN PRESCRIPTION DRUG,Current,Reverified,03/23/2018,09/17/2026,,On backorder. Recovery: TBD. Check wholesalers for inventory,"Ropivacaine Hydrochloride, Injection, 2 mg/1 mL (NDC 55150-195-20)"
"Methylphenidate Hydrochloride Tablet, Extended Release",,"Sun Pharmaceutical Industries, Inc.","Sun Pharmaceutical Industries, Inc.",,57664-609-88,,Tablet,Psychiatry,,Current,Revised,07/26/2023,08/27/2026,,Currently not marketed,"Methylphenidate Hydrochloride, Tablet, Extended Release, 54 mg (NDC 57664-609-88)"
Hydromorphone Hydrochloride Injection,HYDROMORPHONE HYDROCHLORIDE,"Hospira, Inc.","Hospira, Inc., a Pfizer Company",0409-2634,0409-2634-50,INTRAMUSCULAR,Injection,Analgesia/Addiction,HUMAN PRESCRIPTION DRUG,Current,Reverified,10/31/2017,09/09/2026,,,"Hydromorphone Hydrochloride, Injection, 500 mg/50 mL (10 mg/mL) (NDC 0409-2634-50)"
Cefepime Hydrochloride Injection,CEFEPIME,"Fresenius Kabi USA, LLC","Fresenius Kabi USA, LLC",63323-326,63323-326-20,INTRAMUSCULAR,Injection,Anti-Infective,HUMAN PRESCRIPTION DRUG,To Be Discontinued,New,02/10/2026,02/10/2026,02/10/2026,Discontinuation of the manufacture of the drug.,"Cefepime Hydrochloride, Injection, 1 g (NDC 63323-326-20)"
Bupivacaine Hydrochloride Injection,BUPIVACAINE HYDROCHLORIDE,"Somerset Therapeutics, LLC","Somerset Therapeutics, LLC",70069-752,70069-752-25,INFILTRATION,Injection,Anesthesia,HUMAN PRESCRIPTION DRUG,Current,Reverified,02/20/2018,09/11/2026,,,"Bupivacaine Hydrochloride, Injection, 2.5 mg/1 mL (NDC 70069-752-25)"
Dextrose Monohydrate 5% Injection,DEXTROSE,Baxter Healthcare Company,Baxter Healthcare,0338-9664,0338-9664-40,INTRAVENOUS,Injection,Endocrinology/Metabolism,HUMAN PRESCRIPTION DRUG,Current,Reverified,02/14/2022,09/17/2026,,,"Dextrose 5% In Plastic Container, Injection, 2.5 g/50 mL (NDC 0338-9664-40)"
Sodium Acetate Injection,SODIUM ACETATE,MILLA PHARMACEUTICALS INC.,Milla Pharmaceuticals,71357-002,71357-002-10,INTRAVENOUS,Injection,Endocrinology/Metabolism,HUMAN PRESCRIPTION DRUG,Current,Reverified,02/03/2016,09/16/2026,,,"Sodium Acetate, Injection, 40 mEq/20mL (2 mEq/mL) (NDC 71357-002-10)"
Morphine Sulfate Injection,MORPHINE SULFATE,"Hospira, Inc.","Hospira, Inc., a Pfizer Company",0409-3814,0409-3814-12,EPIDURAL,Injection,Analgesia/Addiction,HUMAN PRESCRIPTION DRUG,Current,Revised,10/31/2017,09/11/2026,,,"Morphine Sulfate, Injection, 5 mg/10 mL (0.5 mg/mL) (NDC 0409-3814-12)"
"Amphetamine Aspartate Monohydrate, Amphetamine Sulfate, Dextroamphetamine Saccharate, Dextroamphetamine Sulfate Tablet","DEXTROAMPHETAMINE SACCHARATE, AMPHETAMINE ASPARTATE, DEXTROAMPHETAMINE SULFATE AND AMPHETAMINE SULFATE","Teva Pharmaceuticals USA, Inc.","Teva Pharmaceuticals USA, Inc.",0555-0974,0555-0974-02,ORAL,Tablet,Psychiatry,HUMAN PRESCRIPTION DRUG,Current,Reverified,10/12/2022,09/15/2026,,,"Amphetamine Aspartate Monohydrate, Amphetamine Sulfate, Dextroamphetamine Saccharate, Dextroamphetamine Sulfate, Tablet, 7.5 mg; 7.5 mg; 7.5 mg; 7.5 mg (NDC 0555-0974-02)"
Clonazepam Tablet,CLONAZEPAM,"Teva Pharmaceuticals USA, Inc.","Teva Pharmaceuticals USA, Inc.",0093-3213,0093-3213-01,ORAL,Tablet,Neurology,HUMAN PRESCRIPTION DRUG,Current,Reverified,03/10/2023,09/15/2026,,,"Clonazepam, Tablet, 2 mg (NDC 0093-3213-01)"
Clindamycin Phosphate Injection,CLINDAMYCIN IN 5 PERCENT DEXTROSE,Sandoz Inc,Sandoz Inc.,0781-3289,0781-3289-09,INTRAVENOUS,Injection,Anti-Infective,HUMAN PRESCRIPTION DRUG,Current,Reverified,03/21/2023,09/03/2026,,,"Clindamycin Phosphate In 5% Dextrose In Plastic Container, Injection, 12 mg/1 mL (NDC 0781-3289-09)"
Flurazepam Hydrochloride Capsule,FLURAZEPAM HYDROCHLORIDE,"Chartwell RX, LLC",Chartwell Molecular Holdings LLC,62135-737,62135-737-30,ORAL,Capsule,Neurology,HUMAN PRESCRIPTION DRUG,Current,Reverified,08/03/2022,09/15/2026,,,"Flurazepam Hydrochloride, Capsule, 30 mg (NDC 62135-737-30)"
Bumetanide Injection,BUMETANIDE,"Fresenius Kabi USA, LLC","Fresenius Kabi USA, LLC",65219-570,65219-570-04,INTRAMUSCULAR,Injection,Cardiovascular,HUMAN PRESCRIPTION DRUG,Current,Reverified,01/31/2018,09/15/2026,,Check wholesalers for inventory,"Bumetanide, Injection, .25 mg/1 mL (NDC 65219-570-04)"
Methylprednisolone Acetate Injection,METHYLPREDNISOLONE ACETATE,Sagent Pharmaceuticals,Sagent Pharmaceuticals,25021-820,25021-820-10,INTRA-ARTICULAR,Injection,Rheumatology,HUMAN PRESCRIPTION DRUG,Current,Reverified,12/15/2021,08/18/2026,,Estimated recovery: November 2026,"Methylprednisolone Acetate, Injection, 40 mg/1 mL (NDC 25021-820-10)"
Itraconazole Capsule,ITRACONAZOLE,Patriot Pharmaceuticals,Janssen Pharmaceuticals,10147-1700,10147-1700-3,ORAL,Capsule,Anti-Infective,HUMAN PRESCRIPTION DRUG,To Be Discontinued,New,02/27/2026,02/27/2026,02/27/2026,Discontinuation of the manufacture of the drug,"Sporanox, Capsule, 100 mg (NDC 10147-1700-3)"
Amino Acid Injection,TRAVASOL,Baxter Healthcare Corporation,Baxter Healthcare,0338-0644,0338-0644-06,INTRAVENOUS,Injection,Gastroenterology,HUMAN PRESCRIPTION DRUG,Current,Reverified,12/08/2020,09/17/2026,,,"Travasol, Injection, 2.07 g/100 mL; 1.15 g/100 mL; 1.03 g/100 mL; 480 mg/100 mL; 600 mg/100 mL; 730 mg/100 mL; 580 mg/100 mL; 400 mg/100 mL; 560 mg/100 mL; 680 mg/100 mL; 500 mg/100 mL; 420 mg/100 mL; 180 mg/100 mL; 40 mg/100 mL; 580 mg/100 mL (NDC 0338-0644-06)"
"Calcium Chloride; Dextrose; Magnesium Chloride; Sodium Chloride; Sodium Lactate Intraperitoneal Injection, Solution",DIANEAL PD-2 WITH DEXTROSE,Vantive US Healthcare LLC,Vantive US Healthcare LLC,0941-0427,0941-0427-53,INTRAPERITONEAL,Solution,Renal,HUMAN PRESCRIPTION DRUG,To Be Discontinued,New,08/03/2026,08/03/2026,08/03/2026,A business decision was made to discontinue manufacture of the drug.,"DIANEAL PD-2 with Dextrose, Intraperitoneal Injection, Solution, 25.7 mg/100 mL; 2.5 g/100 mL; 5.08 mg/100 mL; 538 mg/100 mL; 448 mg/100 mL (NDC 0941-0427-53)"
Dextrose Monohydrate 5% Injection,DEXTROSE,Baxter Healthcare Corporation,Baxter Healthcare,0338-0078,0338-0078-20,INTRAVENOUS,Injection,Endocrinology/Metabolism,HUMAN PRESCRIPTION DRUG,Current,Reverified,02/14/2022,09/17/2026,,,"Dextrose 5% In Plastic Container, Injection, 5 g/100 mL (NDC 0338-0078-20)"
Sterile Water Injection,STERILE WATER,"Hospira, Inc.","Hospira, Inc., a Pfizer Company",0409-4887,0409-4887-99,INTRAMUSCULAR,Injection,Other,HUMAN PRESCRIPTION DRUG,Current,Reverified,11/23/2021,09/09/2026,,,"Sterile Water, Injection, 1 mL/1 mL (NDC 0409-4887-99)"
Morphine Sulfate Injection,DURAMORPH,Hikma Pharmaceuticals USA Inc.,"Hikma Pharmaceuticals USA, Inc.",0641-6020,0641-6020-10,EPIDURAL,Injection,Analgesia/Addiction,HUMAN PRESCRIPTION DRUG,Current,Revised,11/03/2017,09/03/2026,,Additional lots are scheduled to be manufactured. Product will be made available as it is released.,"Duramorph, Injection, .5 mg/1 mL (NDC 0641-6020-10)"
Ketorolac Tromethamine Injection,KETOROLAC TROMETHAMINE,"Fresenius Kabi USA, LLC","Fresenius Kabi USA, LLC",63323-162,63323-162-01,INTRAMUSCULAR,Injection,Analgesia/Addiction,HUMAN PRESCRIPTION DRUG,Current,Revised,03/23/2018,09/15/2026,,Next release October 2026. Check wholesalers for inventory.,"Ketorolac Tromethamine, Injection, 30 mg/1 mL (NDC 63323-162-01)"
Clonazepam Tablet,CLONAZEPAM,Advagen Pharma Ltd,Rubicon Research Private Limited,72888-153,72888-153-00,ORAL,Tablet,Neurology,HUMAN PRESCRIPTION DRUG,Current,Reverified,03/10/2023,06/01/2026,,Marketed by Advagen Pharma Ltd.,"Clonazepam, Tablet, 1 mg (NDC 72888-153-00)"
Clindamycin Phosphate Injection,CLEOCIN PHOSPHATE,Pharmacia & Upjohn Company LLC,Pfizer Inc.,0009-5095,0009-5095-06,INTRAMUSCULAR,Injection,Anti-Infective,HUMAN PRESCRIPTION DRUG,To Be Discontinued,New,06/01/2026,06/01/2026,06/01/2026,Discontinuation of the manufacture of the drug,"Cleocin Phosphate, Injection, 900 mg/6 mL (150 mg/mL); 6 mL Vial NovaPlus (NDC 0009-5095-06)"
Etomidate Injection,ETOMIDATE,Armas Pharmaceuticals Inc.,"Caplin Steriles, Ltd.",72485-508,72485-508-10,INTRAVENOUS,Injection,Anesthesia,HUMAN PRESCRIPTION DRUG,Current,Revised,10/05/2022,06/16/2026,,"Check wholesalers for inventory; Marketed by Armas Pharmaceuticals, Inc. 908-803-2586","Etomidate, Injection, 2 mg/mL (NDC 72485-508-10)"
Sterile Water Irrigant,STERILE WATER,Baxter Healthcare Corporation,Baxter Healthcare,0338-0004,0338-0004-04,IRRIGATION,Irrigant,Gastroenterology,HUMAN PRESCRIPTION DRUG,Current,Reverified,04/28/2023,09/17/2026,,Estimated recovery: September 2026,"Sterile Water, Irrigant, 100 mL/100 mL (NDC 0338-0004-04)"
Oxaliplatin Injection,OXALIPLATIN,Sagent Pharmaceuticals,"Jiangsu Hengrui Pharmaceuticals Co., Ltd.",25021-233,25021-233-20,INTRAVENOUS,Injection,Oncology,HUMAN PRESCRIPTION DRUG,To Be Discontinued,New,06/29/2026,06/29/2026,06/29/2026,Marketed by Sagent Pharmaceuticals; Discontinuation of the manufacture of the drug,"Oxaliplatin, Injection, 5 mg/1 mL (NDC 25021-233-20)"
Lidocaine Hydrochloride Injection,LIDOCAINE HYDROCHLORIDE,"Hospira, Inc.","Hospira, Inc., a Pfizer Company",0409-4282,0409-4282-02,EPIDURAL,Injection,Anesthesia,HUMAN PRESCRIPTION DRUG,Current,Reverified,02/22/2012,09/09/2026,,,"Lidocaine Hydrochloride, Injection, 200 mg/10 mL (2%; 20 mg/mL) (NDC 0409-4282-02)"
Dexmedetomidine Hydrochloride Injection,,Accord Healthcare Inc.,Accord Healthcare Inc.,,16729-432-93,,Injection,Anesthesia,,Current,Reverified,04/10/2020,09/15/2026,,Discontinuation of the manufacture of the drug,"Dexmedetomidine Hydrochloride, Injection, 100 ug/1 mL (NDC 16729-432-93)"
Clonazepam Tablet,CLONAZEPAM,"Teva Pharmaceuticals USA, Inc.","Teva Pharmaceuticals USA, Inc.",0093-0832,0093-0832-05,ORAL,Tablet,Neurology,HUMAN PRESCRIPTION DRUG,Current,Reverified,03/10/2023,09/15/2026,,,"Clonazepam, Tablet, .5 mg (NDC 0093-0832-05)"
Furosemide Injection,FUROSEMIDE,Sagent Pharmaceuticals,Gland Pharma Limited,25021-311,25021-311-04,INTRAMUSCULAR,Injection,Cardiovascular,HUMAN PRESCRIPTION DRUG,Current,Reverified,04/07/2020,07/22/2026,,"Distributed by Sagent Pharmaceuticals: 1-866-625-1618, Discontinued product","Furosemide, Injection, 10 mg/1 mL (NDC 25021-311-04)"
Bupivacaine Hydrochloride Injection,SENSORCAINE MPF,"Fresenius Kabi USA, LLC","Fresenius Kabi USA, LLC",63323-466,63323-466-37,EPIDURAL,Injection,Anesthesia,HUMAN PRESCRIPTION DRUG,Current,Reverified,02/20/2018,09/15/2026,,Check wholesalers for inventory,"Sensorcaine, Injection, 5 mg/1 mL (NDC 63323-466-37)"
Quinapril/Hydrochlorothiazide Tablet,QUINAPRIL HYDROCHLORIDE/HYDROCHLOROTHIAZIDE,Aurobindo Pharma Limited,Aurobindo Pharma USA,65862-162,65862-162-90,ORAL,Tablet,Cardiovascular,HUMAN PRESCRIPTION DRUG,Current,Reverified,01/19/2023,06/02/2026,,Discontinuation of the manufacture of the drug,"Quinapril Hydrochloride And Hydrochlorothiazide, Tablet, 12.5 mg; 20 mg (NDC 65862-162-90)"
Lisdexamfetamine Dimesylate Capsule,LISDEXAMFETAMINE DIMESYLATE,SpecGx LLC,SpecGx LLC,0406-5116,0406-5116-01,ORAL,Capsule,Psychiatry,HUMAN PRESCRIPTION DRUG,Current,Reverified,07/14/2023,08/20/2026,,,"Lisdexamfetamine Dimesylate, Capsule, 60 mg (NDC 0406-5116-01)"
Dopamine Hydrochloride Injection,DOPAMINE HYDROCHLORIDE AND DEXTROSE,Baxter Healthcare Corporation,Baxter Healthcare,0338-1005,0338-1005-03,INTRAVENOUS,Injection,Cardiovascular,HUMAN PRESCRIPTION DRUG,Current,Reverified,11/06/2017,09/17/2026,,,"Dopamine Hydrochloride In Dextrose 5% In Plastic Container, Injection, 80 mg/100 mL (NDC 0338-1005-03)"
Dexmedetomidine Hydrochloride Injection,PRECEDEX,"Hospira, Inc.",Pfizer Inc.,0409-0155,0409-0155-02,INTRAVENOUS,Injection,Anesthesia,HUMAN PRESCRIPTION DRUG,Current,Reverified,04/10/2020,09/08/2026,,,"Precedex, Injection, 400 mcg/100 mL (4 mcg/mL) (NDC 0409-0155-02)"
Icatibant Acetate Injection,ICATIBANT,"Fresenius Kabi USA, LLC","Fresenius Kabi USA, LLC",63323-574,63323-574-86,SUBCUTANEOUS,Injection,Hematology,HUMAN PRESCRIPTION DRUG,To Be Discontinued,New,05/07/2026,05/07/2026,05/07/2026,Discontinuation of the manufacturer of the drug,"Icatibant Acetate, Injection, 10 mg/1 mL (NDC 63323-574-86)"
"Calcium Chloride; Dextrose; Magnesium Chloride; Sodium Chloride; Sodium Lactate Intraperitoneal Injection, Solution",DIANEAL PD-2 WITH DEXTROSE,Vantive US Healthcare LLC,Vantive US Healthcare LLC,0941-0426,0941-0426-53,INTRAPERITONEAL,Solution,Renal,HUMAN PRESCRIPTION DRUG,To Be Discontinued,New,08/03/2026,08/03/2026,08/03/2026,A business decision was made to discontinue manufacture of the drug.,"DIANEAL PD-2 with Dextrose, Intraperitoneal Injection, Solution, 25.7 mg/100 mL; 1.5 g/100 mL; 5.08 mg/100 mL; 538 mg/100 mL; 448 mg/100 mL (NDC 0941-0426-53)"
Phenobarbital Tablet,PHENOBARBITAL,"Par Health USA, LLC","Endo Pharmaceuticals, Inc.",0603-5166,0603-5166-32,ORAL,Tablet,Analgesia/Addiction,HUMAN PRESCRIPTION DRUG,To Be Discontinued,New,10/31/2025,10/31/2025,10/31/2025,Discontinuation of the manufacture of the drug,"Phenobarbital, Tablet, 32.4 mg (NDC 0603-5166-32)"
Lisdexamfetamine Dimesylate Capsule,LISDEXAMFETAMINE DIMESYLATE,Apotex Corp.,Apotex Corp.,60505-4742,60505-4742-1,ORAL,Capsule,Psychiatry,HUMAN PRESCRIPTION DRUG,Current,Reverified,11/01/2023,09/16/2026,,,"Lisdexamfetamine Dimesylate, Capsule, 40 mg (NDC 60505-4742-1)"
Dextrose Monohydrate 5% Injection,DEXTROSE,Baxter Healthcare Corporation,Baxter Healthcare,0338-0017,0338-0017-18,INTRAVENOUS,Injection,Endocrinology/Metabolism,HUMAN PRESCRIPTION DRUG,Current,Reverified,02/14/2022,09/17/2026,,,"Dextrose 5% In Plastic Container, Injection, 50 g/1000 mL (NDC 0338-0017-18)"
Desmopressin Acetate Spray,,Apotex Corp.,Apotex Corp.,,60505-0815-0,,Spray,Hematology,,Current,Revised,03/12/2021,09/16/2026,,,"Desmopressin Acetate (needs No Refrigeration), Spray, 10 ug (NDC 60505-0815-0)"
Heparin Sodium Injection,HEPARIN SODIUM IN SODIUM CHLORIDE,Baxter Healthcare Corporation,Baxter Healthcare,0338-0431,0338-0431-03,INTRAVENOUS,Injection,Hematology,HUMAN PRESCRIPTION DRUG,Current,Reverified,11/14/2017,09/17/2026,,,"Heparin Sodium In Sodium Chloride, Injection, 200 [USP'U]/100 mL (NDC 0338-0431-03)"
Bupivacaine Hydrochloride Injection,,Kindos Pharmaceuticals Co. Ltd.,Kindos Pharmaceuticals Co. Ltd.,,71288-725-32,,Injection,Anesthesia,,Current,Revised,02/20/2018,05/05/2026,,Meitheal Pharmaceuticals is distributor/labeler,"Bupivacaine Hydrochloride, Injection, 5 mg/1 mL (NDC 71288-725-32)"
Quinapril Hydrochloride Tablet,,Pfizer Inc.,Pfizer Inc.,,0071-0535-23,,Tablet,Cardiovascular,,To Be Discontinued,New,10/01/2025,10/01/2025,10/01/2025,Discontinuation of the manufacture of the drug,"Accupril, Tablet, 40 mg (NDC 0071-0535-23)"
"Amphetamine Aspartate Monohydrate, Amphetamine Sulfate, Dextroamphetamine Saccharate, Dextroamphetamine Sulfate Tablet","DEXTROAMPHETAMINE SACCHARATE, AMPHETAMINE ASPARTATE, DEXTROAMPHETAMINE SULFATE AND AMPHETAMINE SULFATE","Elite Laboratories, Inc.","Elite Laboratories, Inc.",64850-506,64850-506-01,ORAL,Tablet,Psychiatry,HUMAN PRESCRIPTION DRUG,Current,Reverified,08/15/2023,09/16/2026,,,"Amphetamine Aspartate Monohydrate, Amphetamine Sulfate, Dextroamphetamine Saccharate, Dextroamphetamine Sulfate, Tablet, 7.5 mg; 7.5 mg; 7.5 mg; 7.5 mg (NDC 64850-506-01)"
Dextrose Monohydrate 5% Injection,DEXTROSE,"ICU Medical, Inc.",Otsuka ICU Medical LLC,0990-7922,0990-7922-03,INTRAVENOUS,Injection,Endocrinology/Metabolism,HUMAN PRESCRIPTION DRUG,Current,Reverified,02/14/2022,09/16/2026,,"This product is distributed by ICU Medical. For questions regarding this product, please contact ICU Medical.","Dextrose 5% In Plastic Container, Injection, 5 g/100 mL (NDC 0990-7922-03)"
Dexamethasone Sodium Phosphate Injection,DEXAMETHASONE SODIUM PHOSPHATE,Hikma Pharmaceuticals USA Inc.,"Hikma Pharmaceuticals USA, Inc.",0641-6145,0641-6145-25,INTRA-ARTICULAR,Injection,Dermatology,HUMAN PRESCRIPTION DRUG,Current,Revised,02/08/2019,09/03/2026,,Additional product will be made available as it is released.,"Dexamethasone Sodium Phosphate, Injection, 4 mg/1 mL (NDC 0641-6145-25)"
Hydromorphone Hydrochloride Injection,DILAUDID,"Fresenius Kabi USA, LLC","Fresenius Kabi USA, LLC",76045-009,76045-009-06,INTRAMUSCULAR,Injection,Analgesia/Addiction,HUMAN PRESCRIPTION DRUG,Current,Reverified,10/31/2017,09/15/2026,,Next release September 2026. Check wholesalers for inventory.,"Dilaudid, Injection, 1 mg/1 mL (NDC 76045-009-06)"
"Bupivacaine Hydrochloride, Epinephrine Bitartrate Injection",MARCAINE WITH EPINEPHRINE,"Hospira, Inc.","Hospira, Inc., a Pfizer Company",0409-1755,0409-1755-50,PERINEURAL,Injection,Anesthesia,HUMAN PRESCRIPTION DRUG,Current,Reverified,02/20/2018,09/09/2026,,,"Marcaine With Epinephrine, Injection, Marcaine with Epinephrine 1:200,000 as the bitartrate 250 mg/50 mL (5 mg/mL 1:200,000) (NDC 0409-1755-50)"
Remifentanil Hydrochloride Injection,REMIFENTANIL HYDROCHLORIDE,"Fresenius Kabi USA, LLC","Fresenius Kabi USA, LLC",63323-724,63323-724-05,INTRAVENOUS,Injection,Analgesia/Addiction,HUMAN PRESCRIPTION DRUG,Current,Reverified,06/28/2022,09/15/2026,,Next release September 2026. Check wholesalers for inventory.,"Remifentanil Hydrochloride, Injection, 1 mg/1 mL (NDC 63323-724-05)"
Lisdexamfetamine Dimesylate Capsule,LISDEXAMFETAMINE DIMESYLATE,"Elite Laboratories, Inc.","Elite Laboratories, Inc.",64850-554,64850-554-01,ORAL,Capsule,Psychiatry,HUMAN PRESCRIPTION DRUG,Current,Reverified,07/14/2023,09/16/2026,,Estimated recovery: TBD,"Lisdexamfetamine Dimesylate, Capsule, 50 mg (NDC 64850-554-01)"
"Epinephrine Bitartrate, Lidocaine Hydrochloride Injection",XYLOCAINE MPF,"Fresenius Kabi USA, LLC","Fresenius Kabi USA, LLC",63323-489,63323-489-27,EPIDURAL,Injection,Anesthesia,HUMAN PRESCRIPTION DRUG,Current,Reverified,10/14/2016,09/15/2026,,Next release September 2026. Check wholesalers for inventory.,"Xylocaine, Injection, .005 mg/1 mL; 20 mg/1 mL (NDC 63323-489-27)"
Dextrose Monohydrate 10% Injection,DEXTROSE,Baxter Healthcare Corporation,Baxter Healthcare,0338-0023,0338-0023-04,INTRAVENOUS,Injection,Endocrinology/Metabolism,HUMAN PRESCRIPTION DRUG,Current,Reverified,03/01/2022,09/17/2026,,,"Dextrose 10% In Plastic Container, Injection, 100 g/1000 mL (NDC 0338-0023-04)"
Ketorolac Tromethamine Injection,KETOROLAC TROMETHAMINE,Sagent Pharmaceuticals,Gland Pharma Limited,25021-701,25021-701-01,INTRAMUSCULAR,Injection,Analgesia/Addiction,HUMAN PRESCRIPTION DRUG,Current,Reverified,03/23/2018,07/22/2026,,,"Ketorolac Tromethamine, Injection, 30 mg/1 mL (NDC 25021-701-01)"
Clindamycin Phosphate Injection,CLEOCIN PHOSPHATE,Pharmacia & Upjohn Company LLC,Pfizer Inc.,0009-3051,0009-3051-02,INTRAMUSCULAR,Injection,Anti-Infective,HUMAN PRESCRIPTION DRUG,To Be Discontinued,New,06/01/2026,06/01/2026,06/01/2026,Discontinuation of the manufacture of the drug,"Cleocin Phosphate, Injection, 300 mg/2 mL (150 mg/mL); 2 mL Vial NovaPlus (NDC 0009-3051-02)"
Ropivacaine Hydrochloride Injection,ROPIVACAINE HYDROCHLORIDE,"Somerset Therapeutics, LLC","Somerset Therapeutics, LLC",70069-062,70069-062-25,EPIDURAL,Injection,Anesthesia,HUMAN PRESCRIPTION DRUG,Current,Reverified,03/23/2018,09/11/2026,,,"Ropivacaine Hydrochloride, Injection, 2 mg/1 mL (NDC 70069-062-25)"
Midazolam Hydrochloride Injection,MIDAZOLAM,Sagent Pharmaceuticals,Gland Pharma Limited,25021-655,25021-655-02,INTRAMUSCULAR,Injection,Anesthesia,HUMAN PRESCRIPTION DRUG,Current,Reverified,04/02/2020,07/22/2026,,Estimated recovery: TBD; Distributed by Sagent Pharmaceuticals,"Midazolam Hydrochloride, Injection, 1 mg/1 mL (NDC 25021-655-02)"
Furosemide Injection,FUROSEMIDE,Meitheal Pharmaceuticals Inc.,"Meitheal Pharmaceuticals, Inc.",71288-203,71288-203-05,INTRAMUSCULAR,Injection,Cardiovascular,HUMAN PRESCRIPTION DRUG,Current,Reverified,04/07/2020,08/27/2026,,Check wholesalers for inventory,"Furosemide, Injection, 10 mg/1 mL (NDC 71288-203-05)"
"Amphetamine Aspartate Monohydrate, Amphetamine Sulfate, Dextroamphetamine Saccharate, Dextroamphetamine Sulfate Tablet","DEXTROAMPHETAMINE SACCHARATE, AMPHETAMINE ASPARTATE, DEXTROAMPHETAMINE SULFATE AND AMPHETAMINE SULFATE","SUNRISE PHARMACEUTICAL, INC.","Sunrise Pharmaceutical, Inc.",11534-190,11534-190-01,ORAL,Tablet,Psychiatry,HUMAN PRESCRIPTION DRUG,Current,Reverified,10/12/2022,09/16/2026,,,"Amphetamine Aspartate Monohydrate, Amphetamine Sulfate, Dextroamphetamine Saccharate, Dextroamphetamine Sulfate, Tablet, 1.25 mg; 1.25 mg; 1.25 mg; 1.25 mg (NDC 11534-190-01)"
Lidocaine Hydrochloride Injection,LIDOCAINE,"Fresenius Kabi USA, LLC","Fresenius Kabi USA, LLC",63323-208,63323-208-05,INTRAVENOUS,Injection,Anesthesia,HUMAN PRESCRIPTION DRUG,Current,Reverified,02/22/2012,09/15/2026,,Next release October 2026. Check wholesalers for inventory.,"Lidocaine Hydrochloride Preservative Free, Injection, 20 mg/1 mL (NDC 63323-208-05)"
Dexmedetomidine Hydrochloride Injection,DEXMEDETOMIDINE HYDROCHLORIDE,"Par Health USA, LLC","Par Health, USA LLC",42023-187,42023-187-10,INTRAVENOUS,Injection,Anesthesia,HUMAN PRESCRIPTION DRUG,Current,Reverified,04/10/2020,09/17/2026,,Estimated recovery: TBD; Please check wholesalers for inventory,"Dexmedetomidine Hydrochloride, Injection, 4 ug/1 mL (NDC 42023-187-10)"
Ropivacaine Hydrochloride Injection,ROPIVACAINE HYDROCHLORIDE,"Somerset Therapeutics, LLC","Somerset Therapeutics, LLC",70069-064,70069-064-10,EPIDURAL,Injection,Anesthesia,HUMAN PRESCRIPTION DRUG,Current,Reverified,03/23/2018,09/11/2026,,,"Ropivacaine Hydrochloride, Injection, 5 mg/1 mL (NDC 70069-064-10)"
"Lisdexamfetamine Dimesylate Tablet, Chewable",VYVANSE,"Takeda Pharmaceuticals America, Inc.",Takeda Pharmaceuticals USA Inc.,59417-118,59417-118-01,ORAL,"Tablet, Chewable",Psychiatry,HUMAN PRESCRIPTION DRUG,Current,Reverified,07/14/2023,09/15/2026,,,"Vyvanse, Tablet, Chewable, 40 mg (NDC 59417-118-01)"
"Epinephrine Bitartrate, Lidocaine Hydrochloride Injection",LIDOCAINE HYDROCHLORIDE AND EPINEPHRINE,"Hospira, Inc.","Hospira, Inc., a Pfizer Company",0409-3183,0409-3183-01,EPIDURAL,Injection,Anesthesia,HUMAN PRESCRIPTION DRUG,Current,Reverified,02/22/2012,09/09/2026,,,"Lidocaine Hydrochloride And Epinephrine, Injection, 400 mg/20 mL (2%; 1:200,000) (NDC 0409-3183-01)"
Dextrose Monohydrate 5% Injection,DEXTROSE,"FRESENIUS KABI USA, LLC","Fresenius Kabi USA, LLC",65219-462,65219-462-10,INTRAVENOUS,Injection,Endocrinology/Metabolism,HUMAN PRESCRIPTION DRUG,Current,Revised,02/14/2022,09/15/2026,,Check wholesalers for inventory,"Dextrose 5% In Plastic Container, Injection, 50 mg/1 mL (NDC 65219-462-10)"
Ketorolac Tromethamine Injection,KETOROLAC TROMETHAMINE,"Hospira, Inc.","Hospira, Inc., a Pfizer Company",0409-3793,0409-3793-25,INTRAMUSCULAR,Injection,Analgesia/Addiction,HUMAN PRESCRIPTION DRUG,Current,Revised,03/26/2018,09/09/2026,,Next Delivery and Estimated Recovery: December 2027; Shortage per Manufacturer: Manufacturing Delay,"Ketorolac Tromethamine, Injection, 15 mg/1 mL (NDC 0409-3793-25)"
Clonazepam Tablet,CLONAZEPAM,Solco Healthcare LLC,"Prinston Pharmaceutical, Inc.",43547-408,43547-408-50,ORAL,Tablet,Neurology,HUMAN PRESCRIPTION DRUG,Current,Reverified,03/10/2023,09/02/2026,,Marketed by Solco Healthcare,"Clonazepam, Tablet, 2 mg (NDC 43547-408-50)"
Ropivacaine Hydrochloride Injection,ROPIVACAINE HYDROCHLORIDE,Eugia US LLC,Eugia US LLC,55150-199,55150-199-20,EPIDURAL,Injection,Anesthesia,HUMAN PRESCRIPTION DRUG,Current,Reverified,03/23/2018,09/17/2026,,On backorder. Recovery: TBD. Check wholesalers for inventory,"Ropivacaine Hydrochloride, Injection, 7.5 mg/1 mL (NDC 55150-199-20)"
"Methylphenidate Hydrochloride Tablet, Extended Release",CONCERTA,"Janssen Pharmaceuticals, Inc.",Janssen Pharmaceuticals,50458-587,50458-587-01,ORAL,Tablet,Psychiatry,HUMAN PRESCRIPTION DRUG,Current,Reverified,07/26/2023,09/17/2026,,,"Concerta, Tablet, Extended Release, 54 mg (NDC 50458-587-01)"
Flurazepam Hydrochloride Capsule,,"Rising Pharma Holdings, Inc.","Rising Pharma Holdings, Inc.",,0378-4415-01,,Capsule,Neurology,,Current,Reverified,08/03/2022,09/01/2026,,Anticipated availability: Q4 2026; Delay is due to manufacturing delays at the contract manufacturing facility.,"Flurazepam Hydrochloride, Capsule, 15 mg (NDC 0378-4415-01)"
Dobutamine Hydrochloride Injection,DOBUTAMINE IN DEXTROSE,"Hospira, Inc.","Hospira, Inc., a Pfizer Company",0409-0025,0409-0025-10,INTRAVENOUS,Injection,Cardiovascular,HUMAN PRESCRIPTION DRUG,Current,Revised,11/06/2017,09/11/2026,,,"Dobutamine Hydrochloride In Dextrose 5% In Plastic Container, Injection, 500 mg/250mL (200 mg/mL) (NDC 0409-0025-10)"
"Amphetamine Aspartate Monohydrate, Amphetamine Sulfate, Dextroamphetamine Saccharate, Dextroamphetamine Sulfate Tablet","DEXTROAMPHETAMINE SACCHARATE, AMPHETAMINE ASPARTATE, DEXTROAMPHETAMINE SULFATE AND AMPHETAMINE SULFATE","Teva Pharmaceuticals USA, Inc.","Teva Pharmaceuticals USA, Inc.",0555-0777,0555-0777-02,ORAL,Tablet,Psychiatry,HUMAN PRESCRIPTION DRUG,Current,Revised,10/12/2022,09/15/2026,,Estimated recovery: September 2026,"Amphetamine Aspartate Monohydrate, Amphetamine Sulfate, Dextroamphetamine Saccharate, Dextroamphetamine Sulfate, Tablet, 3.75 mg; 3.75 mg; 3.75 mg; 3.75 mg (NDC 0555-0777-02)"
Desmopressin Acetate Spray,,Ferring,Ferring,,0053-6871-00,,Spray,Hematology,,Current,Reverified,03/12/2021,05/01/2026,,Estimated recovery: TBD,"Stimate, Spray, 1.5 mg/1 mL (NDC 0053-6871-00)"
Cisatracurium Besylate Injection,CISATRACURIUM BESYLATE,"Hospira, Inc.","Hospira, Inc., a Pfizer Company",0409-1103,0409-1103-01,INTRAVENOUS,Injection,Analgesia/Addiction,HUMAN PRESCRIPTION DRUG,To Be Discontinued,New,05/06/2026,05/06/2026,05/06/2026,Supply expected to exhaust late June 2026; Discontinuation of the manufacture of the drug,"Cisatracurium Besylate, Injection, 200 mg/20ml (10 mg/mL) Single Dose Vial (NDC 0409-1103-01)"
Rocuronium Bromide Injection,ROCURONIUM BROMIDE,"Hospira, Inc.","Hospira, Inc., a Pfizer Company",0409-5160,0409-5160-10,INTRAVENOUS,Injection,Anesthesia,HUMAN PRESCRIPTION DRUG,Current,Reverified,02/15/2023,09/09/2026,,,"Rocuronium Bromide, Injection, 100 mg/10 mL (10 mg/mL) (NDC 0409-5160-10)"
Lisdexamfetamine Dimesylate Capsule,LISDEXAMFETAMINE DIMESYLATE,"Elite Laboratories, Inc.","Elite Laboratories, Inc.",64850-551,64850-551-01,ORAL,Capsule,Psychiatry,HUMAN PRESCRIPTION DRUG,Current,Reverified,07/14/2023,09/16/2026,,Estimated recovery: TBD,"Lisdexamfetamine Dimesylate, Capsule, 20 mg (NDC 64850-551-01)"
Leflunomide Tablet,ARAVA,sanofi-aventis U.S. LLC,Sanofi-Aventis U.S. LLC,0088-2161,0088-2161-30,ORAL,Tablet,Rheumatology,HUMAN PRESCRIPTION DRUG,To Be Discontinued,New,06/08/2026,06/08/2026,06/08/2026,Discontinuation of the manufacture of the drug,"Arava, Tablet, 20 mg (NDC 0088-2161-30)"
Aprepitant Oral Powder for Suspension,EMEND,Merck Sharp & Dohme LLC,Merck Sharp & Dohme LLC,0006-3066,0006-3066-03,ORAL,,Gastroenterology,HUMAN PRESCRIPTION DRUG,To Be Discontinued,New,04/08/2026,04/08/2026,04/08/2026,To be discontinued in approximately early-September 2026.,"Emend, Oral Powder for Suspension, 125 mg (NDC 0006-3066-03)"
"Amphetamine Aspartate Monohydrate, Amphetamine Sulfate, Dextroamphetamine Saccharate, Dextroamphetamine Sulfate Tablet",,"Lannett Company, Inc.","Lannett Company, Inc.",,0527-1505-37,,Tablet,Psychiatry,,Current,Reverified,10/12/2022,09/15/2026,,,"Amphetamine Aspartate Monohydrate, Amphetamine Sulfate, Dextroamphetamine Saccharate, Dextroamphetamine Sulfate, Tablet, 5 mg; 5 mg; 5 mg; 5 mg (NDC 0527-1505-37)"
"Amphetamine Aspartate Monohydrate, Amphetamine Sulfate, Dextroamphetamine Saccharate, Dextroamphetamine Sulfate Tablet",DEXTROAMPHETAMINE SACCHARATE AND AMPHETAMINE ASPARTATE AND DEXTROAMPHETAMINE SULFATE AND AMPHETAMINE SULFATE,SpecGx LLC,SpecGx LLC,0406-8893,0406-8893-01,ORAL,Tablet,Psychiatry,HUMAN PRESCRIPTION DRUG,Current,Reverified,10/12/2022,08/20/2026,,,"Amphetamine Aspartate Monohydrate, Amphetamine Sulfate, Dextroamphetamine Saccharate, Dextroamphetamine Sulfate, Tablet, 5 mg; 5 mg; 5 mg; 5 mg (NDC 0406-8893-01)"
Travoprost Ophthalmic Solution,"TRAVOPROST OPHTHALMIC SOLUTION, 0.004%",Mylan Pharmaceuticals Inc.,"Mylan Pharmaceuticals Inc., a Viatris Company",0378-9651,0378-9651-50,OPHTHALMIC,Ophthalmic Solution,Ophthalmology,HUMAN PRESCRIPTION DRUG,To Be Discontinued,New,07/07/2026,07/07/2026,07/07/2026,Discontinuation of the manufacture of the drug,"Travoprost, Ophthalmic Solution, 0.004%, 5 mL (NDC 0378-9651-50)"
"Methylphenidate Hydrochloride Tablet, Extended Release",METHYLPHENIDATE HYDROCHLORIDE,"Lannett Company, Inc.","Lannett Company, Inc.",62175-311,62175-311-37,ORAL,Tablet,Psychiatry,HUMAN PRESCRIPTION DRUG,Current,Revised,07/26/2023,09/15/2026,,Estimated recovery: November 2026,"Methylphenidate Hydrochloride, Tablet, Extended Release, 27 mg (NDC 62175-311-37)"
Lisdexamfetamine Dimesylate Capsule,LISDEXAMFETAMINE DIMESYLATE,Alvogen Inc.,Alvogen,47781-565,47781-565-01,ORAL,Capsule,Psychiatry,HUMAN PRESCRIPTION DRUG,Current,Reverified,07/14/2023,09/17/2026,,,"Lisdexamfetamine Dimesylate, Capsule, 40 mg (NDC 47781-565-01)"
Palonosetron Hydrochloride Injection,PALONOSETRON HYDROCHLORIDE,"Teva Parenteral Medicines, Inc.","Teva Pharmaceuticals USA, Inc.",0703-4094,0703-4094-01,INTRAVENOUS,Injection,Gastroenterology,HUMAN PRESCRIPTION DRUG,To Be Discontinued,New,11/14/2025,11/14/2025,11/14/2025,Discontinuation of the manufacture of the drug,"Palonosetron Hydrochloride, Injection, .25 mg/5 mL (NDC 0703-4094-01)"
Ifosfamide Injection,IFOSFAMIDE,Baxter Healthcare Company,Baxter Healthcare,10019-925,10019-925-01,INTRAVENOUS,Injection,Oncology,HUMAN PRESCRIPTION DRUG,Current,Reverified,06/12/2026,09/17/2026,,,"Ifosfamide, Injection, 1 g/20 mL (NDC 10019-925-01)"
Clonazepam Tablet,KLONOPIN,"H2-Pharma, LLC",Cheplapharm Arzneimittel GmbH,61269-605,61269-605-10,ORAL,Tablet,Neurology,HUMAN PRESCRIPTION DRUG,Current,Reverified,03/10/2023,09/16/2026,,Marketed by H2-Pharma,"Klonopin, Tablet, .5 mg (NDC 61269-605-10)"
Sodium Bicarbonate Injection,,"Hospira, Inc., a Pfizer Company","Hospira, Inc., a Pfizer Company",,0409-4916-14,,Injection,Endocrinology/Metabolism,,To Be Discontinued,New,11/07/2025,11/07/2025,11/07/2025,Discontinuation of the manufacture of the drug,"Sodium Bicarbonate, Injection, 75 mg/1 mL (NDC 0409-4916-14)"
"Lisdexamfetamine Dimesylate Tablet, Chewable",VYVANSE,"Takeda Pharmaceuticals America, Inc.",Takeda Pharmaceuticals USA Inc.,59417-115,59417-115-01,ORAL,"Tablet, Chewable",Psychiatry,HUMAN PRESCRIPTION DRUG,Current,Reverified,07/14/2023,09/15/2026,,,"Vyvanse, Tablet, Chewable, 10 mg (NDC 59417-115-01)"
Lidocaine Hydrochloride Injection,XYLOCAINE MPF,"Fresenius Kabi USA, LLC","Fresenius Kabi USA, LLC",63323-492,63323-492-31,EPIDURAL,Injection,Anesthesia,HUMAN PRESCRIPTION DRUG,Current,Reverified,02/22/2012,09/15/2026,,Estimated recovery: TBD,"Xylocaine, Injection, 10 mg/1 mL (NDC 63323-492-31)"
Morphine Sulfate Injection,MORPHINE SULFATE,"Fresenius Kabi, USA LLC","Fresenius Kabi USA, LLC",76045-004,76045-004-11,INTRAMUSCULAR,Injection,Analgesia/Addiction,HUMAN PRESCRIPTION DRUG,Current,Reverified,10/31/2017,09/15/2026,,Next release September 2026. Check wholesalers for inventory.,"Morphine Sulfate, Injection, 2 mg/1 mL (NDC 76045-004-11)"
Furosemide Oral Solution,FUROSEMIDE,Hikma Pharmaceuticals USA Inc.,"Hikma Pharmaceuticals USA, Inc.",0054-3294,0054-3294-50,ORAL,Oral Solution,Cardiovascular,HUMAN PRESCRIPTION DRUG,Current,Reverified,03/31/2026,09/03/2026,,Available on allocation,"Furosemide, Oral Solution, 10 mg/1 mL (NDC 0054-3294-50)"
Dacomitinib Tablet,VIZIMPRO,Pfizer Laboratories Div Pfizer Inc,Pfizer Inc.,0069-2299,0069-2299-30,ORAL,Tablet,Oncology,HUMAN PRESCRIPTION DRUG,To Be Discontinued,New,06/08/2026,06/08/2026,06/08/2026,Discontinuation of the manufacture of the drug,"Vizimpro, Tablet, 45 mg (NDC 0069-2299-30)"
Azithromycin Injection,ZITHROMAX,Pfizer Laboratories Div Pfizer Inc,Pfizer Inc.,0069-3150,0069-3150-83,INTRAVENOUS,Injection,Anti-Infective,HUMAN PRESCRIPTION DRUG,To Be Discontinued,New,01/20/2026,01/20/2026,01/20/2026,Discontinuation of the manufacture of the drug.,"Zithromax IV, Injection, 500 mg/5 mL (NDC 0069-3150-83)"
Meperidine Hydrochloride Injection,MEPERIDINE HYDROCHLORIDE,Hikma Pharmaceuticals USA Inc.,"Hikma Pharmaceuticals USA, Inc.",0641-6052,0641-6052-25,INTRAMUSCULAR,Injection,Analgesia/Addiction,HUMAN PRESCRIPTION DRUG,Current,Reverified,05/30/2025,09/03/2026,,Additional lots are scheduled to be manufactured.  Product will be made available as it is released.,"Meperidine Hydrochloride, Injection, 25 mg/1 mL (NDC 0641-6052-25)"
Liraglutide Injection,LIRAGLUTIDE,"Teva Pharmaceuticals USA, Inc.","Novo Nordisk, Inc.",0480-3667,0480-3667-20,SUBCUTANEOUS,Injection,Endocrinology/Metabolism,HUMAN PRESCRIPTION DRUG,Current,Revised,07/18/2023,08/25/2026,,Distributed by Teva,"Liraglutide, Injection, 6 mg/1 mL (NDC 0480-3667-20)"
Nebivolol Hydrochloride Tablet,,Torrent Pharmaceuticals Limited,Torrent Pharmaceuticals Limited,,13668-353-90,,Tablet,Cardiovascular,,To Be Discontinued,New,03/25/2026,03/25/2026,03/25/2026,Discontinuation of the manufacture of the drug,"Nebivolol Hydrochloride, Tablet, 2.5 mg (NDC 13668-353-90)"
Hydromorphone Hydrochloride Injection,DILAUDID,"Fresenius Kabi USA, LLC","Fresenius Kabi USA, LLC",76045-010,76045-010-11,INTRAMUSCULAR,Injection,Analgesia/Addiction,HUMAN PRESCRIPTION DRUG,Current,Reverified,11/01/2017,09/15/2026,,Next release not available at this time.  Check wholesalers for inventory.,"Dilaudid, Injection, 2 mg/1 mL (NDC 76045-010-11)"
Dexmedetomidine Hydrochloride Injection,DEXMEDETOMIDINE IN DEXTROSE,"WG Critical Care, LLC",HQ Specialty Pharma,44567-603,44567-603-24,INTRAVENOUS,Injection,Anesthesia,HUMAN PRESCRIPTION DRUG,Current,Reverified,04/10/2020,08/17/2026,,Marketed by WG Critical Care,"Dexmedetomidine Hydrochloride, Injection, 4 ug/1 mL (NDC 44567-603-24)"
Bupivacaine Hydrochloride Injection,MARCAINE,"Hospira, Inc.","Hospira, Inc., a Pfizer Company",0409-2510,0409-2510-01,EPIDURAL,Injection,Anesthesia,HUMAN PRESCRIPTION DRUG,Current,Revised,02/20/2018,09/11/2026,,,"Marcaine, Injection, 25 mg/10 mL (2.5 mg/mL) (NDC 0409-2510-01)"
"Methylphenidate Hydrochloride Tablet, Extended Release",CONCERTA,"Janssen Pharmaceuticals, Inc.",Janssen Pharmaceuticals,50458-585,50458-585-01,ORAL,Tablet,Psychiatry,HUMAN PRESCRIPTION DRUG,Current,Reverified,07/26/2023,09/17/2026,,,"Concerta, Tablet, Extended Release, 18 mg (NDC 50458-585-01)"
Lisdexamfetamine Dimesylate Capsule,,"Lannett Company, Inc.","Lannett Company, Inc.",,0527-4661-37,,Capsule,Psychiatry,,Current,Reverified,07/14/2023,09/15/2026,,,"Lisdexamfetamine Dimesylate, Capsule, 10 mg (NDC 0527-4661-37)"
Phenobarbital Tablet,PHENOBARBITAL,"Par Health USA, LLC","Endo Pharmaceuticals, Inc.",0603-5168,0603-5168-21,ORAL,Tablet,Analgesia/Addiction,HUMAN PRESCRIPTION DRUG,To Be Discontinued,New,10/31/2025,10/31/2025,10/31/2025,Discontinuation of the manufacture of the drug,"Phenobarbital, Tablet, 97.2 mg (NDC 0603-5168-21)"
Insulin Lispro Protamine and Insulin Lispro Injection,INSULIN LISPRO PROTAMINE AND INSULIN LISPRO INJECTABLE SUSPENSION MIX75/25 KWIKPEN,Eli Lilly and Company,Eli Lilly and Co.,0002-8233,0002-8233-05,SUBCUTANEOUS,Injection,Endocrinology/Metabolism,HUMAN PRESCRIPTION DRUG,To Be Discontinued,New,09/01/2026,09/01/2026,09/01/2026,"A business decision was made to discontinue manufacture of the drug. Distribution projected to end June 2027. If patients or prescribers have any questions, the Lilly Answers Center (1-800-545-5979) is available Monday through Friday from 9am to 8pm for assistance.","Humalog Mix 75/25, Injection, 100 [iU]/1 mL (NDC 0002-8233-05)"
Dextrose Monohydrate 5% Injection,DEXTROSE,B. Braun Medical Inc.,B. Braun Medical Inc.,0264-1510,0264-1510-31,INTRAVENOUS,Injection,Endocrinology/Metabolism,HUMAN PRESCRIPTION DRUG,Current,Reverified,02/14/2022,09/09/2026,,,"Dextrose 5% In Plastic Container, Injection, 50 mg/1 mL (NDC 0264-1510-31)"
Carboplatin Injection,CARBOPLATIN,Apotex Corp.,Teyro Labs,60505-6282,60505-6282-6,INTRAVENOUS,Injection,Oncology,HUMAN PRESCRIPTION DRUG,To Be Discontinued,New,06/01/2026,06/01/2026,06/01/2026,Wholesaler & Distributor through Marketing partner (Apotex Inc.); Discontinuation of the manufacture of the drug,"Carboplatin, Injection, 450 mg/45 mL (10 mg/mL) Multiple Dose Vial (NDC 60505-6282-6)"
Midazolam Hydrochloride Injection,MIDAZOLAM,"Hospira, Inc.","Hospira, Inc., a Pfizer Company",0409-2587,0409-2587-05,INTRAMUSCULAR,Injection,Anesthesia,HUMAN PRESCRIPTION DRUG,Current,Revised,04/02/2020,09/09/2026,,Next Delivery and Estimated Recovery: December 2026,"Midazolam Hydrochloride, Injection, 10 mg/10 mL (1 mg/mL) (NDC 0409-2587-05)"
"Amphetamine Aspartate Monohydrate, Amphetamine Sulfate, Dextroamphetamine Saccharate, Dextroamphetamine Sulfate Tablet","DEXTROAMPHETAMINE SACCHARATE, AMPHETAMINE ASPARTATE, DEXTROAMPHETAMINE SULFATE AND AMPHETAMINE SULFATE",Granules Pharmaceuticals Inc.,Granules Pharmaceuticals Inc.,70010-112,70010-112-01,ORAL,Tablet,Psychiatry,HUMAN PRESCRIPTION DRUG,Current,Reverified,10/12/2022,08/18/2026,,Estimated recovery: October 2026,"Amphetamine Aspartate Monohydrate, Amphetamine Sulfate, Dextroamphetamine Saccharate, Dextroamphetamine Sulfate, Tablet, 1.875 mg; 1.875 mg; 1.875 mg; 1.875 mg (NDC 70010-112-01)"
Rifampin Capsule,RIFAMPIN,"EPIC PHARMA, LLC","Epic Pharma, LLC",42806-801,42806-801-30,ORAL,Capsule,Anti-Infective,HUMAN PRESCRIPTION DRUG,Current,Reverified,12/22/2021,09/15/2026,,,"Rifampin, Capsule, 150 mg (NDC 42806-801-30)"
Lidocaine Hydrochloride Injection,LIDOCAINE,Hikma Pharmaceuticals USA Inc.,"Hikma Pharmaceuticals USA, Inc.",0143-9575,0143-9575-10,INFILTRATION,Injection,Anesthesia,HUMAN PRESCRIPTION DRUG,Current,Revised,06/13/2018,09/03/2026,,Additional lots are scheduled for manufacturing to meet demand.  Product will be made available as it is released.,"Lidocaine Hydrochloride, Injection, 20 mg/1 mL (NDC 0143-9575-10)"
Dexmedetomidine Hydrochloride Injection,DEXMEDETOMIDINE HYDROCHLORIDE,Amneal Pharmaceuticals LLC,Amneal Pharmaceuticals,70121-1389,70121-1389-7,INTRAVENOUS,Injection,Anesthesia,HUMAN PRESCRIPTION DRUG,Current,Reverified,04/10/2020,06/17/2026,,,"Dexmedetomidine Hydrochloride, Injection, 4 ug/1 mL (NDC 70121-1389-7)"
Amino Acid Injection,PREMASOL - SULFITE-FREE (AMINO ACID),Baxter Healthcare Company,Baxter Healthcare,0338-1130,0338-1130-06,INTRAVENOUS,Injection,Gastroenterology,HUMAN PRESCRIPTION DRUG,Current,Reverified,12/08/2020,09/17/2026,,,"Premasol 10% Sulfite Free in VIAFLEX Plastic Container, Injection, 0.1 (NDC 0338-1130-06)"
Micafungin Sodium Injection,,"Par Health, USA LLC","Par Health, USA LLC",,42023-229-10,,Injection,Anti-Infective,,To Be Discontinued,New,09/11/2026,09/11/2026,09/11/2026,A business decision was made to discontinue manufacture of the drug.,"Micafungin Sodium, Injection, 10 mg/1 mL (NDC 42023-229-10)"
Lisdexamfetamine Dimesylate Capsule,LISDEXAMFETAMINE DIMESYLATE,"Solco Healthcare US,LLC","Solco Healthcare US, LLC",43547-603,43547-603-10,ORAL,Capsule,Psychiatry,HUMAN PRESCRIPTION DRUG,Current,Reverified,07/14/2023,06/29/2026,,On allocation,"Lisdexamfetamine Dimesylate, Capsule, 20 mg (NDC 43547-603-10)"
Piperacillin and Tazobactam Injection,PIPERACILLIN AND TAZOBACTAM,"Fresenius Kabi USA, LLC","Fresenius Kabi USA, LLC",65219-434,65219-434-20,INTRAVENOUS,Injection,Anti-Infective,HUMAN PRESCRIPTION DRUG,To Be Discontinued,New,01/20/2026,01/20/2026,01/20/2026,Discontinuation of the manufacture of the drug,"Piperacillin and Tazobactam, Injection, 2.25 g vial (NDC 65219-434-20)"
Ketorolac Tromethamine Injection,KETOROLAC TROMETHAMINE,"Fresenius Kabi USA, LLC","Fresenius Kabi USA, LLC",76045-104,76045-104-10,INTRAMUSCULAR,Injection,Analgesia/Addiction,HUMAN PRESCRIPTION DRUG,Current,Reverified,03/23/2018,09/15/2026,,Estimated recovery: TBD,"Ketorolac Tromethamine, Injection, 30 mg/1 mL (NDC 76045-104-10)"
Dextrose Monohydrate 10% Injection,DEXTROSE,B. Braun Medical Inc.,B. Braun Medical Inc.,0264-7520,0264-7520-10,INTRAVENOUS,Injection,Endocrinology/Metabolism,HUMAN PRESCRIPTION DRUG,Current,Reverified,03/01/2022,09/09/2026,,,"Dextrose Monohydrate 10%, Injection, 10 g/100 mL (NDC 0264-7520-10)"
Carboplatin Injection,CARBOPLATIN,BPI Labs LLC,Gland Pharma Limited,54288-164,54288-164-01,INTRAVENOUS,Injection,Oncology,HUMAN PRESCRIPTION DRUG,Current,Revised,04/28/2023,09/15/2026,,"Discontinued; Distributed by BPI Labs, LLC","Carboplatin, Injection, 50mg/5mL (NDC 54288-164-01)"
Midazolam Hydrochloride Injection,MIDAZOLAM,"Fresenius Kabi USA, LLC","Fresenius Kabi USA, LLC",63323-412,63323-412-25,INTRAMUSCULAR,Injection,Anesthesia,HUMAN PRESCRIPTION DRUG,Current,Revised,04/02/2020,09/15/2026,,Next release October 2026. Check wholesalers for inventory.,"Midazolam Hydrochloride, Injection, 5 mg/1 mL (NDC 63323-412-25)"
Lorazepam Injection,,"Hikma Pharmaceuticals USA, Inc.","Hikma Pharmaceuticals USA, Inc.",,0641-6001-25,,Injection,Neurology,,Current,Revised,09/05/2018,09/03/2026,,Estimated recovery: TBD,"Ativan, Injection, 2 mg/1 mL (NDC 0641-6001-25)"
Quinapril/Hydrochlorothiazide Tablet,QUINAPRIL AND HYDROCHLOROTHIAZIDE,"Chartwell RX, LLC",Chartwell Molecular Holdings LLC,62135-668,62135-668-90,ORAL,Tablet,Cardiovascular,HUMAN PRESCRIPTION DRUG,Current,Reverified,01/19/2023,09/15/2026,,,"Quinapril/Hydrochlorothiazide, Tablet, 12.5 mg; 20 mg (NDC 62135-668-90)"
Lasmiditan Succinate Tablet,REYVOW,Eli Lilly and Company,Eli Lilly and Co.,0002-4491,0002-4491-62,ORAL,Tablet,Neurology,HUMAN PRESCRIPTION DRUG,To Be Discontinued,New,11/03/2025,11/03/2025,11/03/2025,"A business decision was made to discontinue manufacture of the 50 mg and 100 mg tablets. Distribution will end on May 31, 2026.","Reyvow, Tablet, 100 mg (NDC 0002-4491-62)"
"Dextrose Monohydrate, Sodium Chloride, Sodium Lactate, Calcium Chloride, Magnesium Chloride Solution",DELFLEX,"Fresenius Medical Care de Mexico, S.A. de C.V.",Fresenius Medical Care North America,46163-212,46163-212-95,INTRAPERITONEAL,Solution,Renal,HUMAN PRESCRIPTION DRUG,To Be Discontinued,New,09/10/2026,09/10/2026,09/10/2026,A business decision was made to discontinue manufacture of the drug.,"DELFLEX, Solution, 18.4 mg/100 mL; 4.25 g/100 mL; 5.08 mg/100 mL; 538 mg/100 mL; 448 mg/100 mL (NDC 46163-212-95)"
Ceftazidime Injection,TAZICEF,"Hospira, Inc.","Hospira, Inc., a Pfizer Company",0409-5093,0409-5093-11,INTRAVENOUS,Injection,Anti-Infective,HUMAN PRESCRIPTION DRUG,To Be Discontinued,New,11/14/2025,11/14/2025,11/14/2025,Discontinuation of the manufacture of the drug,"Tazicef, Injection, 2 g (NDC 0409-5093-11)"
Nilutamide Tablet,,Advanz Pharma (US) Corp.,Advanz Pharma (US) Corp.,,66993-212-38,,Tablet,Oncology,,To Be Discontinued,New,12/01/2025,12/01/2025,12/01/2025,Product to expire in March 2026; Discontinuation of the manufacture of the drug,"Nilandron, Tablet, 150 mg (NDC 66993-212-38)"
Adalimumab-adaz Injection,HYRIMOZ,Sandoz Inc,Sandoz Inc.,61314-531,61314-531-64,,Injection,Rheumatology,HUMAN PRESCRIPTION DRUG,To Be Discontinued,New,01/13/2026,01/13/2026,01/13/2026,Equivalent Sandoz format is available.,"Hyrimoz, Injection, Kit (NDC 61314-531-64)"
Riluzole Oral Suspension,TEGLUTIK,EDW PHARMA,"EDW Pharma, Inc. (formerly Italfarmaco Pharma, Inc.)",70726-0305,70726-0305-1,ORAL,Oral Suspension,Neurology,HUMAN PRESCRIPTION DRUG,Current,Reverified,01/26/2024,09/15/2026,,,"Teglutik, Oral Suspension, 5 mg/1 mL (NDC 70726-0305-1)"
Liraglutide Injection,LIRAGLUTIDE,Meitheal Pharmaceuticals Inc.,"Meitheal Pharmaceuticals, Inc.",71288-563,71288-563-85,SUBCUTANEOUS,Injection,Endocrinology/Metabolism,HUMAN PRESCRIPTION DRUG,Current,Revised,07/18/2023,08/27/2026,,,"Liraglutide, Injection, 6 mg/1 mL (NDC 71288-563-85)"
Fondaparinux Sodium Injection,FONDAPARINUX SODIUM,Sandoz Inc.,"Jiangsu Hengrui Pharmaceuticals Co. (US Agent eVenus Pharmaceutical Laboratories, Inc.)",0781-3465,0781-3465-95,SUBCUTANEOUS,Injection,Hematology,HUMAN PRESCRIPTION DRUG,To Be Discontinued,New,09/29/2025,09/29/2025,09/29/2025,Discontinuation of the manufacture of the drug; Distributed by Sandoz Inc.,"Fondaparinux Sodium, Injection, 7.5 mg/.6 mL (NDC 0781-3465-95)"
Cromolyn Sodium Concentrate,CROMOLYN SODIUM,Micro Labs Limited,Micro Labs LTD,42571-132,42571-132-52,ORAL,Concentrate,Pulmonary/Allergy,HUMAN PRESCRIPTION DRUG,Current,Reverified,11/03/2023,09/16/2026,,,"Cromolyn Sodium, Concentrate, 100 mg/5 mL (NDC 42571-132-52)"
Atropine Sulfate Injection,,Accord Healthcare Inc.,Accord Healthcare Inc.,,16729-526-08,,Injection,Anesthesia,,Current,Reverified,01/01/2012,09/01/2026,,Estimated recovery: TBD,"Atropine Sulfate, Injection, 1 mg/1 mL (NDC 16729-526-08)"
Methylprednisolone Acetate Injection,DEPO-MEDROL,Pharmacia & Upjohn Company LLC,Pfizer Inc.,0009-3073,0009-3073-23,INTRALESIONAL,Injection,Rheumatology,HUMAN PRESCRIPTION DRUG,Current,Revised,12/15/2021,09/08/2026,,Next Delivery: October 2026; Estimated Recovery: December 2026; Shortage per Manufacturer: Manufacturing Delay,"Depo-medrol, Injection, 40 mg/1 mL (NDC 0009-3073-23)"
Sterile Water Injection,STERILE WATER,Nephron Pharmaceuticals Corporation,Nephron Pharmaceuticals Corporation,0487-6105,0487-6105-01,INTRAMUSCULAR,Injection,Other,HUMAN PRESCRIPTION DRUG,Current,Reverified,11/23/2021,08/04/2026,,Small amount of inventory available with 12/31/2026 dating,"Sterile Water, Injection, 1 mL/1 mL (NDC 0487-6105-01)"
Lisdexamfetamine Dimesylate Capsule,LISDEXAMFETAMINE DIMESYLATE,Hikma Pharmaceuticals USA Inc.,"Hikma Pharmaceuticals USA, Inc.",0054-0660,0054-0660-25,ORAL,Capsule,Psychiatry,HUMAN PRESCRIPTION DRUG,Current,Revised,07/14/2023,05/12/2026,,Available on allocation,"Lisdexamfetamine Dimesylate, Capsule, 10 mg (NDC 0054-0660-25)"
"Amphetamine Aspartate Monohydrate, Amphetamine Sulfate, Dextroamphetamine Saccharate, Dextroamphetamine Sulfate Tablet","DEXTROAMPHETAMINE SACCHARATE, AMPHETAMINE ASPARTATE, DEXTROAMPHETAMINE SULFATE AND AMPHETAMINE SULFATE","SUNRISE PHARMACEUTICAL, INC.","Sunrise Pharmaceutical, Inc.",11534-191,11534-191-01,ORAL,Tablet,Psychiatry,HUMAN PRESCRIPTION DRUG,Current,Reverified,10/12/2022,09/16/2026,,,"Amphetamine Aspartate Monohydrate, Amphetamine Sulfate, Dextroamphetamine Saccharate, Dextroamphetamine Sulfate, Tablet, 1.875 mg; 1.875 mg; 1.875 mg; 1.875 mg (NDC 11534-191-01)"
Clonazepam Tablet,CLONAZEPAM,Advagen Pharma Ltd,Rubicon Research Private Limited,72888-153,72888-153-05,ORAL,Tablet,Neurology,HUMAN PRESCRIPTION DRUG,Current,Reverified,03/10/2023,06/01/2026,,Marketed by Advagen Pharma Ltd.,"Clonazepam, Tablet, 1 mg (NDC 72888-153-05)"
Peginterferon alfa-2a Injection,PEGASYS,pharmaand GmbH,pharmaand GmbH (pharma&),82154-0449,82154-0449-1,SUBCUTANEOUS,Injection,Antiviral,HUMAN PRESCRIPTION DRUG,Resolved,Revised,01/24/2025,08/27/2026,,,"Pegasys, Injection, 180 ug/1 mL (NDC 82154-0449-1)"
Methotrexate Sodium Injection,METHOTREXATE,"Hospira, Inc.","Hospira, Inc., a Pfizer Company",61703-350,61703-350-38,INTRAMUSCULAR,Injection,Rheumatology,HUMAN PRESCRIPTION DRUG,Current,Reverified,03/13/2023,09/09/2026,,,"Methotrexate Sodium, Injection, 50 mg/2 mL (25 mg/mL) (NDC 61703-350-38)"
Ropivacaine Hydrochloride Injection,NAROPIN,"Fresenius Kabi USA, LLC","Fresenius Kabi USA, LLC",63323-285,63323-285-10,EPIDURAL,Injection,Anesthesia,HUMAN PRESCRIPTION DRUG,Current,Reverified,03/23/2018,09/15/2026,,Estimated recovery: TBD,"Naropin, Injection, 2 mg/1 mL (NDC 63323-285-10)"
Lisdexamfetamine Dimesylate Capsule,LISDEXAMFETAMINE DIMESYLATE,SpecGx LLC,SpecGx LLC,0406-5112,0406-5112-01,ORAL,Capsule,Psychiatry,HUMAN PRESCRIPTION DRUG,Current,Reverified,07/14/2023,08/20/2026,,,"Lisdexamfetamine Dimesylate, Capsule, 20 mg (NDC 0406-5112-01)"
Etomidate Injection,ETOMIDATE,Mylan Institutional LLC,"Mylan Institutional, a Viatris Company",67457-902,67457-902-10,INTRAVENOUS,Injection,Anesthesia,HUMAN PRESCRIPTION DRUG,Current,Reverified,10/05/2022,09/17/2026,,,"Etomidate, Injection, 2 mg/1 mL (NDC 67457-902-10)"
Clonazepam Tablet,CLONAZEPAM,Accord Healthcare Inc.,Accord Healthcare Inc.,16729-137,16729-137-00,ORAL,Tablet,Neurology,HUMAN PRESCRIPTION DRUG,Current,Reverified,03/10/2023,09/15/2026,,,"Clonazepam, Tablet, 1 mg (NDC 16729-137-00)"
Prazosin Hydrochloride Capsule,,Pfizer Inc.,Pfizer Inc.,,0069-4380-71,,Capsule,Cardiovascular,,To Be Discontinued,New,04/28/2023,04/28/2023,04/28/2023,Discontinuation of the manufacture of the drug. Supply expected to exhaust in September 2023,"Minipress, Capsule, 5 mg (NDC 0069-4380-71)"
Methylprednisolone Acetate Injection,METHYLPREDNISOLONE ACETATE,Amneal Pharmaceuticals LLC,Amneal Pharmaceuticals,70121-1573,70121-1573-1,INTRA-ARTICULAR,Injection,Rheumatology,HUMAN PRESCRIPTION DRUG,Current,Revised,12/15/2021,06/17/2026,,On backorder. Estimated recovery: late July,"Methylprednisolone Acetate, Injection, 40 mg/1 mL (NDC 70121-1573-1)"
Ropivacaine Hydrochloride Injection,ROPIVACAINE HYDROCHLORIDE,"Somerset Therapeutics, LLC","Somerset Therapeutics, LLC",70069-067,70069-067-25,EPIDURAL,Injection,Anesthesia,HUMAN PRESCRIPTION DRUG,Current,Reverified,03/23/2018,09/11/2026,,,"Ropivacaine Hydrochloride, Injection, 10 mg/1 mL (NDC 70069-067-25)"
Lisdexamfetamine Dimesylate Capsule,,"Lannett Company, Inc.","Lannett Company, Inc.",,0527-4663-37,,Capsule,Psychiatry,,Current,Reverified,07/14/2023,09/15/2026,,,"Lisdexamfetamine Dimesylate, Capsule, 30 mg (NDC 0527-4663-37)"
Furosemide Injection,FUROSEMIDE,Baxter Healthcare Corporation,Baxter Healthcare,36000-283,36000-283-25,INTRAVENOUS,Injection,Cardiovascular,HUMAN PRESCRIPTION DRUG,Current,Reverified,04/07/2020,09/17/2026,,,"Furosemide, Injection, 10 mg/1 mL (NDC 36000-283-25)"
"Amphetamine Aspartate Monohydrate, Amphetamine Sulfate, Dextroamphetamine Saccharate, Dextroamphetamine Sulfate Tablet",DEXTROAMPHETAMINE SACCHARATE AND AMPHETAMINE ASPARTATE AND DEXTROAMPHETAMINE SULFATE AND AMPHETAMINE SULFATE,SpecGx LLC,SpecGx LLC,0406-8884,0406-8884-01,ORAL,Tablet,Psychiatry,HUMAN PRESCRIPTION DRUG,Current,Reverified,10/12/2022,08/20/2026,,,"Amphetamine Aspartate Monohydrate, Amphetamine Sulfate, Dextroamphetamine Saccharate, Dextroamphetamine Sulfate, Tablet, 1.875 mg; 1.875 mg; 1.875 mg; 1.875 mg (NDC 0406-8884-01)"
Quinapril Hydrochloride Tablet,QUINAPRIL,"Chartwell RX, LLC",Chartwell Molecular Holdings LLC,62135-484,62135-484-60,ORAL,Tablet,Cardiovascular,HUMAN PRESCRIPTION DRUG,Current,Reverified,01/19/2023,09/15/2026,,,"Quinapril Hydrochloride, Tablet, 5 mg (NDC 62135-484-60)"
Arsenic Trioxide Injection,ARSENIC TRIOXIDE,"Ingenus Pharmaceuticals, LLC",Ingenus Pharmaceuticals LLC,50742-438,50742-438-10,INTRAVENOUS,Injection,Oncology,HUMAN PRESCRIPTION DRUG,To Be Discontinued,New,02/24/2026,02/24/2026,02/24/2026,A business decision was made to discontinue manufacture of the drug.,"Arsenic Trioxide, Injection, 1 mg/1 mL (NDC 50742-438-10)"
Sufentanil Citrate Injection,,"Hikma Pharmaceuticals USA, Inc.","Hikma Pharmaceuticals USA, Inc.",,17478-050-01,,Injection,Analgesia/Addiction,,Current,Revised,05/03/2022,09/03/2026,,Not currently manufactured,"Sufentanil Citrate, Injection, 50 mcg/1 mL (NDC 17478-050-01)"
"Lisdexamfetamine Dimesylate Tablet, Chewable",LISDEXAMFETAMINE DIMESYLATE,Novadoz Pharmaceuticals LLC,Novadoz Pharmaceuticals LLC,72205-133,72205-133-91,ORAL,"Tablet, Chewable",Psychiatry,HUMAN PRESCRIPTION DRUG,Current,Reverified,07/14/2023,09/16/2026,,,"Lisdexamfetamine Dimesylate, Tablet, Chewable, 20 mg (NDC 72205-133-91)"
Hydromorphone Hydrochloride Suppository,HYDROMORPHONE HYDROCHLORIDE,Padagis US LLC,Padagis US LLC,0574-7224,0574-7224-06,RECTAL,Suppository,Analgesia/Addiction,HUMAN PRESCRIPTION DRUG,To Be Discontinued,New,07/23/2026,07/23/2026,07/23/2026,Discontinuation of the manufacture of the drug,"Hydromorphone Hydrochloride, Suppository, 3 mg (NDC 0574-7224-06)"
Doxercalciferol Injection,,Sanofi-Aventis U.S. LLC,Sanofi-Aventis U.S. LLC,,58468-0123-1,,Injection,Endocrinology/Metabolism,,To Be Discontinued,New,12/10/2025,12/10/2025,12/10/2025,Discontinuation of the manufacture of the drug,"Hectorol, Injection, 4 mcg/2 mL injection 50 single-dose vials (NDC 58468-0123-1)"
Azacitidine Injection,AZACITIDINE,BluePoint Laboratories,"Teva Pharmaceuticals USA, Inc.",68001-313,68001-313-56,INTRAVENOUS,Injection,Oncology,HUMAN PRESCRIPTION DRUG,Current,Revised,12/22/2020,09/15/2026,,Estimated recovery: TBD,"Azacitidine, Injection, 100 mg (NDC 68001-313-56)"
Phenobarbital Tablet,PHENOBARBITAL,"Par Health USA, LLC","Endo Pharmaceuticals, Inc.",0603-5168,0603-5168-32,ORAL,Tablet,Analgesia/Addiction,HUMAN PRESCRIPTION DRUG,To Be Discontinued,New,10/31/2025,10/31/2025,10/31/2025,Discontinuation of the manufacture of the drug,"Phenobarbital, Tablet, 97.2 mg (NDC 0603-5168-32)"
"Bupivacaine Hydrochloride, Epinephrine Bitartrate Injection",SENSORCAINE MPF,"Fresenius Kabi USA, LLC","Fresenius Kabi USA, LLC",63323-462,63323-462-31,EPIDURAL,Injection,Anesthesia,HUMAN PRESCRIPTION DRUG,Current,Reverified,02/20/2018,09/15/2026,,Estimated recovery: TBD,"Sensorcaine, Injection, 5 mg/1 mL; .005 mg/1 mL (NDC 63323-462-31)"
"Methylphenidate Hydrochloride Tablet, Extended Release",RELEXXII,"Vertical Pharmaceuticals, LLC","Vertical Pharmaceuticals, LLC",68025-096,68025-096-10,ORAL,Tablet,Psychiatry,HUMAN PRESCRIPTION DRUG,Current,Reverified,07/26/2023,09/16/2026,,,"Relexxii, Tablet, Extended Release, 27 mg (NDC 68025-096-10)"
Hydrocortisone Acetate Suppository,HYDROCORTISONE ACETATE,Padagis US LLC,Padagis US LLC,0574-7090,0574-7090-12,RECTAL,Suppository,Analgesia/Addiction,HUMAN PRESCRIPTION DRUG,To Be Discontinued,New,07/23/2026,07/23/2026,07/23/2026,Discontinuation of the manufacture of the drug,"Hydrocortisone Acetate, Suppository, 25 mg (NDC 0574-7090-12)"
Dexmedetomidine Hydrochloride Injection,DEXMEDETOMIDINE HYDROCHLORIDE,"Fresenius Kabi USA, LLC","Fresenius Kabi USA, LLC",63323-421,63323-421-02,INTRAVENOUS,Injection,Anesthesia,HUMAN PRESCRIPTION DRUG,Current,Reverified,04/10/2020,09/15/2026,,Estimated recovery: TBD,"Dexmedetomidine Hydrochloride, Injection, 100 ug/1 mL (NDC 63323-421-02)"
Rocuronium Bromide Injection,ROCURONIUM BROMIDE,Baxter Healthcare Corporation,Baxter Healthcare,43066-007,43066-007-10,INTRAVENOUS,Injection,Anesthesia,HUMAN PRESCRIPTION DRUG,Current,Reverified,02/15/2023,09/17/2026,,,"Rocuronium Bromide, Injection, 50 mg/5 mL (NDC 43066-007-10)"
Morphine Sulfate Injection,MORPHINE SULFATE,"Fresenius Kabi, USA LLC","Fresenius Kabi USA, LLC",76045-005,76045-005-11,INTRAMUSCULAR,Injection,Analgesia/Addiction,HUMAN PRESCRIPTION DRUG,Current,Reverified,10/31/2017,09/15/2026,,Next release September 2026. Check wholesalers for inventory.,"Morphine Sulfate, Injection, 4 mg/1 mL (NDC 76045-005-11)"
Bumetanide Injection,BUMETANIDE,Hikma Pharmaceuticals USA Inc.,"Hikma Pharmaceuticals USA, Inc.",0641-6007,0641-6007-10,INTRAMUSCULAR,Injection,Cardiovascular,HUMAN PRESCRIPTION DRUG,Current,Revised,01/31/2018,09/03/2026,,Additional lots will be available in the September 2026 timeframe.  Product will be made available as it is released.,"Bumetanide, Injection, .25 mg/1 mL (NDC 0641-6007-10)"
Meperidine Hydrochloride Injection,MEPERIDINE HYDROCHLORIDE,Hikma Pharmaceuticals USA Inc.,"Hikma Pharmaceuticals USA, Inc.",0641-6054,0641-6054-25,INTRAMUSCULAR,Injection,Analgesia/Addiction,HUMAN PRESCRIPTION DRUG,Current,Reverified,05/30/2025,09/03/2026,,Additional lots are scheduled to be manufactured.  Product will be made available as it is released.,"Meperidine Hydrochloride, Injection, 100 mg/1 mL (NDC 0641-6054-25)"
Hydromorphone Hydrochloride Injection,HYDROMORPHONE HYDROCHLORIDE,"Fresenius Kabi USA, LLC","Fresenius Kabi USA, LLC",63323-851,63323-851-10,INTRAMUSCULAR,Injection,Analgesia/Addiction,HUMAN PRESCRIPTION DRUG,Current,Reverified,10/31/2017,09/15/2026,,Check wholesalers for inventory,"Hydromorphone Hydrochloride, Injection, 10 mg/1 mL (NDC 63323-851-10)"
Dextrose Monohydrate 5% Injection,DEXTROSE,B. Braun Medical Inc.,B. Braun Medical Inc.,0264-7510,0264-7510-10,INTRAVENOUS,Injection,Endocrinology/Metabolism,HUMAN PRESCRIPTION DRUG,Current,Reverified,02/14/2022,09/09/2026,,,"Dextrose Monohydrate 5%, Injection, 5 g/100 mL (NDC 0264-7510-10)"
Rocuronium Bromide Injection,ROCURONIUM BROMIDE,"Hospira, Inc.","Hospira, Inc., a Pfizer Company",0409-3189,0409-3189-10,INTRAVENOUS,Injection,Anesthesia,HUMAN PRESCRIPTION DRUG,Current,Reverified,02/15/2023,09/09/2026,,,"Rocuronium Bromide, Injection, 50 mg/5 mL (10 mg/mL) (NDC 0409-3189-10)"
Nebivolol Hydrochloride Tablet,,Torrent Pharmaceuticals Limited,Torrent Pharmaceuticals Limited,,13668-354-01,,Tablet,Cardiovascular,,To Be Discontinued,New,03/25/2026,03/25/2026,03/25/2026,Discontinuation of the manufacture of the drug,"Nebivolol Hydrochloride, Tablet, 5 mg (NDC 13668-354-01)"
Bupivacaine Hydrochloride Injection,BUPIVACAINE HYDROCHLORIDE,"Hospira, Inc.","Hospira, Inc., a Pfizer Company",0409-1160,0409-1160-01,INFILTRATION,Injection,Anesthesia,HUMAN PRESCRIPTION DRUG,Current,Reverified,02/20/2018,09/09/2026,,,"Marcaine, Injection, Marcaine 125 mg/50 mL (2.5 mg/mL) (NDC 0409-1160-01)"
"Amphetamine Aspartate Monohydrate, Amphetamine Sulfate, Dextroamphetamine Saccharate, Dextroamphetamine Sulfate Tablet","DEXTROAMPHETAMINE SACCHARATE, AMPHETAMINE ASPARTATE, DEXTROAMPHETAMINE SULFATE AND AMPHETAMINE SULFATE",Granules Pharmaceuticals Inc.,Granules Pharmaceuticals Inc.,70010-114,70010-114-01,ORAL,Tablet,Psychiatry,HUMAN PRESCRIPTION DRUG,Current,Reverified,10/12/2022,08/18/2026,,Estimated recovery: October 2026,"Amphetamine Aspartate Monohydrate, Amphetamine Sulfate, Dextroamphetamine Saccharate, Dextroamphetamine Sulfate, Tablet, 3.125 mg; 3.125 mg; 3.125 mg; 3.125 mg (NDC 70010-114-01)"
Ifosfamide Injection,IFOSFAMIDE,Hikma Pharmaceuticals USA Inc.,"Hikma Pharmaceuticals USA, Inc.",0143-9531,0143-9531-01,INTRAVENOUS,Injection,Oncology,HUMAN PRESCRIPTION DRUG,Current,Reverified,06/12/2026,09/03/2026,,Additional lots will be available in the September 2026 timeframe.  Product will be made available as it is released.,"Ifosfamide, Injection, 50 mg/1 mL (NDC 0143-9531-01)"
"Epinephrine Bitartrate, Lidocaine Hydrochloride Injection",LIDOCAINE HYDROCHLORIDE AND EPINEPHRINE,"Hospira, Inc.","Hospira, Inc., a Pfizer Company",0409-1209,0409-1209-01,EPIDURAL,Injection,Anesthesia,HUMAN PRESCRIPTION DRUG,Current,Revised,02/22/2012,09/09/2026,,Next Delivery: November 2026; Estimated Recovery: December 2026; Shortage per Manufacturer: Manufacturing Delay,"Lidocaine Hydrochloride And Epinephrine, Injection, 75 mg/5 mL (1.5%; 1:200,000) (NDC 0409-1209-01)"
Sodium Acetate Injection,SODIUM ACETATE,MILLA PHARMACEUTICALS INC.,Milla Pharmaceuticals,71357-007,71357-007-10,INTRAVENOUS,Injection,Total Parenteral Nutrition,HUMAN PRESCRIPTION DRUG,Current,Reverified,03/23/2016,09/16/2026,,,"Sodium Acetate, Injection, 100 mEq/50mL (2 mEq/mL) (NDC 71357-007-10)"
Plerixafor Injection,PLERIXAFOR,"Fresenius Kabi Usa, LLC","Fresenius Kabi USA, LLC",65219-284,65219-284-12,SUBCUTANEOUS,Injection,Hematology,HUMAN PRESCRIPTION DRUG,To Be Discontinued,New,03/13/2026,03/13/2026,03/13/2026,A business decision was made to discontinue manufacture of the drug.,"Plerixafor, Injection, 24 mg per 1.2 mL (20 mg per mL) (NDC 65219-284-12)"
"Calcium Chloride; Dextrose; Magnesium Chloride; Sodium Chloride; Sodium Lactate Intraperitoneal Injection, Solution",DIANEAL PD-2 WITH DEXTROSE,Vantive US Healthcare LLC,Vantive US Healthcare LLC,0941-0411,0941-0411-07,INTRAPERITONEAL,Solution,Renal,HUMAN PRESCRIPTION DRUG,To Be Discontinued,New,08/03/2026,08/03/2026,08/03/2026,A business decision was made to discontinue manufacture of the drug.,"DIANEAL PD-2 with Dextrose, Intraperitoneal Injection, Solution, 25.7 mg/100 mL; 1.5 g/100 mL; 5.08 mg/100 mL; 538 mg/100 mL; 448 mg/100 mL (NDC 0941-0411-07)"
Morphine Sulfate Injection,MORPHINE SULFATE,"Fresenius Kabi USA, LLC","Fresenius Kabi USA, LLC",63323-455,63323-455-01,INTRAMUSCULAR,Injection,Analgesia/Addiction,HUMAN PRESCRIPTION DRUG,Current,Reverified,10/31/2017,09/15/2026,,Estimated recovery: TBD,"Morphine Sulfate, Injection, 5 mg/1 mL (NDC 63323-455-01)"
Lidocaine Hydrochloride Injection,LIDOCAINE HYDROCHLORIDE,Eugia US LLC,Eugia US LLC,55150-163,55150-163-30,EPIDURAL,Injection,Anesthesia,HUMAN PRESCRIPTION DRUG,Current,Reverified,02/20/2018,09/17/2026,,Check wholesalers for inventory,"Lidocaine Hydrochloride, Injection, 10 mg/1 mL (NDC 55150-163-30)"
"Fluvastatin Sodium Tablet, Extended Release",FLUVASTATIN SODIUM ER,Sandoz Inc,Sandoz Inc.,0781-8017,0781-8017-01,ORAL,Tablet,Cardiovascular,HUMAN PRESCRIPTION DRUG,To Be Discontinued,New,01/27/2026,01/27/2026,01/27/2026,Discontinuation of the manufacture of the drug,"Fluvastatin Sodium, Tablet, Extended Release, 80 mg (NDC 0781-8017-01)"
Bupivacaine Hydrochloride Injection,BUPIVACAINE HYDROCHLORIDE,"Somerset Therapeutics, LLC","Somerset Therapeutics, LLC",70069-753,70069-753-01,INFILTRATION,Injection,Anesthesia,HUMAN PRESCRIPTION DRUG,Current,Reverified,02/20/2018,09/11/2026,,,"Bupivacaine Hydrochloride, Injection, 5 mg/1 mL (NDC 70069-753-01)"
Riluzole Oral Suspension,TEGLUTIK,EDW PHARMA,"EDW Pharma, Inc. (formerly Italfarmaco Pharma, Inc.)",70726-0306,70726-0306-1,ORAL,Oral Suspension,Neurology,HUMAN PRESCRIPTION DRUG,Current,Reverified,01/26/2024,09/15/2026,,,"Teglutik, Oral Suspension, 5 mg/1 mL (NDC 70726-0306-1)"
Daptomycin Injection,,"Jiangsu Hengrui Pharmaceuticals Co. (US Agent eVenus Pharmaceutical Laboratories, Inc.)","Jiangsu Hengrui Pharmaceuticals Co. (US Agent eVenus Pharmaceutical Laboratories, Inc.)",,57884-3151-1,,Injection,Anti-Infective,,To Be Discontinued,New,06/30/2026,06/30/2026,06/30/2026,Discontinuation of the manufacture of the drug,"Daptomycin, Injection, 500 mg/10 mL (NDC 57884-3151-1)"
Phenoxybenzamine Hydrochloride Capsule,,Advanz Pharma (US) Corp.,Advanz Pharma (US) Corp.,,59212-001-02,,Capsule,Cardiovascular,,To Be Discontinued,New,12/01/2025,12/01/2025,12/01/2025,Discontinuation of the manufacture of the drug,"Dibenzyline, Capsule, 10 mg (NDC 59212-001-02)"
Ketorolac Tromethamine Injection,KETOROLAC TROMETHAMINE,FOSUN PHARMA USA INC,Gland Pharma Limited,72266-119,72266-119-25,INTRAMUSCULAR,Injection,Analgesia/Addiction,HUMAN PRESCRIPTION DRUG,Current,Reverified,06/06/2018,07/22/2026,,"Distributed by Fosun Pharma USA, Inc.. To order, contact: 833-291-9645.","Ketorolac Tromethamine, Injection, 30 mg/1 mL (NDC 72266-119-25)"
Etomidate Injection,ETOMIDATE,Hikma Pharmaceuticals USA Inc.,"Hikma Pharmaceuticals USA, Inc.",0143-9506,0143-9506-10,INTRAVENOUS,Injection,Anesthesia,HUMAN PRESCRIPTION DRUG,Current,Reverified,10/05/2022,08/13/2026,,Additional product will be made available as it is released.,"Etomidate, Injection, 2 mg/1 mL (NDC 0143-9506-10)"
Sodium Bicarbonate Injection,SODIUM BICARBONATE,"Fresenius Kabi USA, LLC","Fresenius Kabi USA, LLC",63323-089,63323-089-50,INTRAVENOUS,Injection,Endocrinology/Metabolism,HUMAN PRESCRIPTION DRUG,Current,Reverified,07/24/2017,09/15/2026,,Check wholesalers for inventory,"Sodium Bicarbonate, Injection, 84 mg/1 mL (NDC 63323-089-50)"
Quinapril/Hydrochlorothiazide Tablet,QUINAPRIL AND HYDROCHLOROTHIAZIDE,"Chartwell RX, LLC",Chartwell Molecular Holdings LLC,62135-667,62135-667-90,ORAL,Tablet,Cardiovascular,HUMAN PRESCRIPTION DRUG,Current,Reverified,01/19/2023,09/15/2026,,,"Quinapril/Hydrochlorothiazide, Tablet, 12.5 mg; 10 mg (NDC 62135-667-90)"
Clindamycin Hydrochloride Capsule,,Pfizer Inc.,Pfizer Inc.,,0009-0331-02,,Capsule,Anti-Infective,,To Be Discontinued,New,02/25/2026,02/25/2026,02/25/2026,Discontinuation of the manufacture of the drug,"Cleocin Hydrochloride, Capsule, 75 mg (NDC 0009-0331-02)"
Omeprazole Delayed Release Capsule,OMEPRAZOLE,Sandoz Inc,Sandoz Inc.,0781-2868,0781-2868-31,ORAL,,Gastroenterology,HUMAN PRESCRIPTION DRUG,To Be Discontinued,New,10/09/2025,10/09/2025,10/09/2025,Discontinuation of the manufacture of the drug,"Omeprazole, Delayed Release Capsule, 20 mg (NDC 0781-2868-31)"
"Lamotrigine Tablet, Extended Release",,"Par Health, Inc.","Par Health, Inc.",,49884-562-11,,Tablet,Neurology,,To Be Discontinued,New,04/29/2026,04/29/2026,04/29/2026,Discontinuation of the manufacture of the drug,"Lamotrigine, Tablet, Extended Release, 50 mg (NDC 49884-562-11)"
Fentanyl Citrate Injection,FENTANYL CITRATE,"Fresenius Kabi USA, LLC","Fresenius Kabi USA, LLC",63323-806,63323-806-20,INTRAMUSCULAR,Injection,Analgesia/Addiction,HUMAN PRESCRIPTION DRUG,Current,Reverified,01/01/2012,09/15/2026,,Check wholesalers for inventory,"Fentanyl Citrate Preservative Free, Injection, .05 mg/1 mL (NDC 63323-806-20)"
Tobramycin Sulfate Injection,TOBRAMYCIN,"Hospira, Inc.","Hospira, Inc., a Pfizer Company",0409-3578,0409-3578-01,INTRAMUSCULAR,Injection,Anti-Infective,HUMAN PRESCRIPTION DRUG,To Be Discontinued,New,07/17/2026,07/17/2026,07/17/2026,Discontinuation of the manufacture of the drug,"Tobramycin Sulfate, Injection, 80 mg/2 mL (40 mg/mL); 2 mL Multiple Dose Glass Fliptop Vial (NDC 0409-3578-01)"
Rifampin Capsule,RIFAMPIN,"EPIC PHARMA, LLC","Epic Pharma, LLC",42806-801,42806-801-01,ORAL,Capsule,Anti-Infective,HUMAN PRESCRIPTION DRUG,Current,Reverified,12/22/2021,09/15/2026,,Discontinuation of the manufacture of the drug,"Rifampin, Capsule, 150 mg (NDC 42806-801-01)"
Clindamycin Phosphate Injection,CLINDAMYCIN,Sagent Pharmaceuticals,Sagent Pharmaceuticals,25021-115,25021-115-04,INTRAMUSCULAR,Injection,Anti-Infective,HUMAN PRESCRIPTION DRUG,Current,Reverified,03/21/2023,08/18/2026,,Discontinuation of the manufacture of the drug,"Clindamycin Phosphate, Injection, 150 mg/1 mL (NDC 25021-115-04)"
Peritoneal Dialysis Solution,DELFLEX,"Fresenius Medical Care de Mexico, S.A. de C.V.",Fresenius Medical Care North America,46163-212,46163-212-92,INTRAPERITONEAL,Solution,Renal,HUMAN PRESCRIPTION DRUG,To Be Discontinued,New,03/10/2026,03/10/2026,03/10/2026,"The NDC codes are being discontinued, to be replaced with NDC labeler code #46163.","DELFLEX® w/Dextrose, Solution, 4.25% Low Mg/Low Ca 2L, 5/cs (NDC 46163-212-92)"
Lidocaine Hydrochloride Injection,LIDOCAINE HYDROCHLORIDE,Eugia US LLC,Eugia US LLC,55150-256,55150-256-50,INFILTRATION,Injection,Anesthesia,HUMAN PRESCRIPTION DRUG,Current,Reverified,06/13/2018,09/17/2026,,On backorder. Recovery: TBD. Check wholesalers for inventory,"Lidocaine Hydrochloride, Injection, 20 mg/mL (NDC 55150-256-50)"
Furosemide Injection,FUROSEMIDE,"Accord Healthcare, Inc.",Accord Healthcare Inc.,16729-500,16729-500-08,INTRAMUSCULAR,Injection,Cardiovascular,HUMAN PRESCRIPTION DRUG,Current,Reverified,04/07/2020,09/15/2026,,Estimated recovery: TBD,"Furosemide, Injection, 10 mg/1 mL (NDC 16729-500-08)"
Bupivacaine Hydrochloride Injection,MARCAINE,"Hospira, Inc.","Hospira, Inc., a Pfizer Company",0409-0525,0409-0525-25,PERINEURAL,Injection,Anesthesia,HUMAN PRESCRIPTION DRUG,Current,Reverified,02/20/2018,09/09/2026,,Historical NDC: 0409-1610-50,"Marcaine, Injection, 250 mg/50 mL (NDC 0409-0525-25)"
Ropivacaine Hydrochloride Injection,NAROPIN,"Fresenius Kabi USA, LLC","Fresenius Kabi USA, LLC",63323-285,63323-285-20,EPIDURAL,Injection,Anesthesia,HUMAN PRESCRIPTION DRUG,Current,Reverified,03/23/2018,09/15/2026,,Estimated recovery: TBD,"Naropin, Injection, 2 mg/1 mL (NDC 63323-285-20)"
Dexamethasone Sodium Phosphate Injection,DEXAMETHASONE SODIUM PHOSPHATE,Mylan Institutional LLC,"Mylan Institutional, a Viatris Company",67457-422,67457-422-54,INTRA-ARTICULAR,Injection,Dermatology,HUMAN PRESCRIPTION DRUG,Current,Reverified,02/08/2019,09/17/2026,,,"Dexamethasone Sodium Phosphate, Injection, 4 mg/1 mL (NDC 67457-422-54)"
Propranolol Hydrochloride Injection,PROPRANOLOL HYDROCHLORIDE,Hikma Pharmaceuticals USA Inc.,"Hikma Pharmaceuticals USA, Inc.",0143-9872,0143-9872-10,INTRAVENOUS,Injection,Cardiovascular,HUMAN PRESCRIPTION DRUG,Current,Revised,10/31/2023,09/03/2026,,Estimated recovery: TBD,"Propranolol Hydrochloride, Injection, 1 mg/1 mL (NDC 0143-9872-10)"
Lisdexamfetamine Dimesylate Capsule,LISDEXAMFETAMINE DIMESYLATE,"Elite Laboratories, Inc.","Elite Laboratories, Inc.",64850-553,64850-553-01,ORAL,Capsule,Psychiatry,HUMAN PRESCRIPTION DRUG,Current,Reverified,07/14/2023,09/16/2026,,Estimated recovery: TBD,"Lisdexamfetamine Dimesylate, Capsule, 40 mg (NDC 64850-553-01)"
Hydromorphone Hydrochloride Injection,HYDROMORPHONE HYDROCHLORIDE,"Teva Parenteral Medicines, Inc.","Teva Pharmaceuticals USA, Inc.",0703-0113,0703-0113-03,INTRAMUSCULAR,Injection,Analgesia/Addiction,HUMAN PRESCRIPTION DRUG,Current,Revised,11/01/2017,09/15/2026,,Estimated recovery: TBD,"Hydromorphone Hydrochloride, Injection, 10 mg/1 mL (NDC 0703-0113-03)"
Carboplatin Injection,KYXATA,"Avyxa Pharma, LLC","Avyxa Pharma, LLC",83831-142,83831-142-50,INTRAVENOUS,Injection,Oncology,HUMAN PRESCRIPTION DRUG,Current,Reverified,04/28/2023,09/01/2026,,,"Kyxata, Injection, 500 mg/50 mL (10 mg/mL) (NDC 83831-142-50)"
Sterile Water Irrigant,,Otsuka ICU Medical LLC,Otsuka ICU Medical LLC,,0990-6139-22,,Irrigant,Gastroenterology,,Current,Reverified,04/28/2023,09/16/2026,,"Product temporarily unavailable. Estimated recovery: TBD. This product is distributed by ICU Medical. For questions regarding this product, please contact ICU Medical.","Sterile Water In Plastic Container, Irrigant, 1 mL/1 mL (NDC 0990-6139-22)"
Acetaminophen; Oxycodone Hydrochloride Tablet,,"Endo Pharmaceuticals, Inc.","Endo Pharmaceuticals, Inc.",,63481-627-70,,Tablet,Analgesia/Addiction,,To Be Discontinued,New,11/03/2025,11/03/2025,11/03/2025,Discontinuation of the manufacture of the drug,"Acetaminophen; Oxycodone Hydrochloride, Tablet, 325 mg; 2.5 mg (NDC 63481-627-70)"
Ropivacaine Hydrochloride Injection,ROPIVACAINE HYDROCHLORIDE,Sagent Pharmaceuticals,InfoRLife SA,25021-652,25021-652-82,EPIDURAL,Injection,Anesthesia,HUMAN PRESCRIPTION DRUG,Current,Reverified,03/27/2018,08/18/2026,,Marketed by Sagent Pharmaceuticals,"Ropivacaine Hydrochloride, Injection, 5 mg/1 mL (NDC 25021-652-82)"
"Amphetamine Aspartate Monohydrate, Amphetamine Sulfate, Dextroamphetamine Saccharate, Dextroamphetamine Sulfate Tablet","DEXTROAMPHETAMINE SACCHARATE, AMPHETAMINE ASPARTATE, DEXTROAMPHETAMINE SULFATE AND AMPHETAMINE SULFATE","Elite Laboratories, Inc.","Elite Laboratories, Inc.",64850-504,64850-504-01,ORAL,Tablet,Psychiatry,HUMAN PRESCRIPTION DRUG,Current,Reverified,10/12/2022,09/16/2026,,,"Amphetamine Aspartate Monohydrate, Amphetamine Sulfate, Dextroamphetamine Saccharate, Dextroamphetamine Sulfate, Tablet, 3.75 mg; 3.75 mg; 3.75 mg; 3.75 mg (NDC 64850-504-01)"
Furosemide Injection,FUROSEMIDE,Eugia US LLC,Eugia US LLC,55150-323,55150-323-25,INTRAMUSCULAR,Injection,Cardiovascular,HUMAN PRESCRIPTION DRUG,Current,Reverified,04/07/2020,09/17/2026,,Check wholesalers for inventory,"Furosemide, Injection, 40 mg/4 mL (NDC 55150-323-25)"
Alteplase Injection,ACTIVASE,"Genentech, Inc.","Genentech, Inc",50242-085,50242-085-27,,Injection,Cardiovascular,HUMAN PRESCRIPTION DRUG,To Be Discontinued,New,05/21/2026,05/21/2026,05/21/2026,Discontinuation of the 100mg vial configuration,"Activase, Injection, 1 KIT in 1 CARTON (50242-085-27) * 100 mL in 1 VIAL, SINGLE-USE * 100 mL in 1 VIAL, SINGLE USE (NDC 50242-085-27)"
Ropivacaine Hydrochloride Injection,NAROPIN,"Fresenius Kabi USA, LLC","Fresenius Kabi USA, LLC",63323-286,63323-286-23,EPIDURAL,Injection,Anesthesia,HUMAN PRESCRIPTION DRUG,Current,Reverified,03/23/2018,09/15/2026,,,"Naropin, Injection, 5 mg/1 mL (NDC 63323-286-23)"
Dexmedetomidine Hydrochloride Injection,DEXMEDETOMIDINE HYDROCHLORIDE,Dr.Reddy's Laboratories Inc,Gland Pharma Limited,43598-976,43598-976-58,INTRAVENOUS,Injection,Anesthesia,HUMAN PRESCRIPTION DRUG,Current,Reverified,04/10/2020,07/22/2026,,Distributed by DRL,"Dexmedetomidine Hydrochloride, Injection, 4 ug/1 mL (NDC 43598-976-58)"
Quinapril Hydrochloride Tablet,QUINAPRIL,"Lupin Pharmaceuticals, Inc.","Lupin Pharmaceuticals, Inc.",68180-557,68180-557-09,ORAL,Tablet,Cardiovascular,HUMAN PRESCRIPTION DRUG,Current,Reverified,01/19/2023,09/01/2026,,Estimated recovery: TBD,"Quinapril Hydrochloride, Tablet, 10 mg (NDC 68180-557-09)"
"Amphetamine Aspartate Monohydrate, Amphetamine Sulfate, Dextroamphetamine Saccharate, Dextroamphetamine Sulfate Tablet","DEXTROAMPHETAMINE SACCHARATE, AMPHETAMINE ASPARTATE, DEXTROAMPHETAMINE SULFATE AND AMPHETAMINE SULFATE","Elite Laboratories, Inc.","Elite Laboratories, Inc.",64850-505,64850-505-01,ORAL,Tablet,Psychiatry,HUMAN PRESCRIPTION DRUG,Current,Reverified,10/12/2022,09/16/2026,,,"Amphetamine Aspartate Monohydrate, Amphetamine Sulfate, Dextroamphetamine Saccharate, Dextroamphetamine Sulfate, Tablet, 5 mg; 5 mg; 5 mg; 5 mg (NDC 64850-505-01)"
Hydrochlorothiazide Capsule,,"Teva Pharmaceuticals USA, Inc.","Teva Pharmaceuticals USA, Inc.",,0591-0347-01,,Capsule,Cardiovascular,,To Be Discontinued,New,11/19/2025,11/19/2025,11/19/2025,A business decision was made to discontinue manufacture of the drug.,"Microzide, Capsule, 12.5 mg (NDC 0591-0347-01)"
Carboplatin Injection,CARBOPLATIN,Apotex Corp.,Teyro Labs,60505-6282,60505-6282-7,INTRAVENOUS,Injection,Oncology,HUMAN PRESCRIPTION DRUG,Current,Reverified,04/28/2023,09/16/2026,,Wholesaler & Distributor through Marketing partner (Apotex Inc.); Discontinuation of the manufacture of the drug,"Carboplatin, Injection, 600 mg/60 mL (10 mg/mL) Multiple Dose Vial (NDC 60505-6282-7)"
Scopolamine Transdermal System,SCOPOLAMINE TRANSDERMAL SYSTEM,Padagis Israel Pharmaceuticals Ltd,Padagis US LLC,45802-580,45802-580-46,TRANSDERMAL,Transdermal System,Gastroenterology,HUMAN PRESCRIPTION DRUG,To Be Discontinued,New,11/03/2025,11/03/2025,11/03/2025,Discontinuation of the manufacture of the drug,"Scopolamine, Transdermal System, 1 mg (NDC 45802-580-46)"
"Amphetamine Aspartate Monohydrate, Amphetamine Sulfate, Dextroamphetamine Saccharate, Dextroamphetamine Sulfate Tablet","DEXTROAMPHETAMINE SACCHARATE, AMPHETAMINE ASPARTATE, DEXTROAMPHETAMINE SULFATE AND AMPHETAMINE SULFATE","Epic Pharma, LLC","Epic Pharma, LLC",42806-341,42806-341-01,ORAL,Tablet,Psychiatry,HUMAN PRESCRIPTION DRUG,Current,Reverified,10/12/2022,09/15/2026,,Estimated recovery: TBD,"Amphetamine Aspartate Monohydrate, Amphetamine Sulfate, Dextroamphetamine Saccharate, Dextroamphetamine Sulfate, Tablet, 2.5 mg; 2.5 mg; 2.5 mg; 2.5 mg (NDC 42806-341-01)"
Rifampin Capsule,RIFAMPIN,"EPIC PHARMA, LLC","Epic Pharma, LLC",42806-799,42806-799-60,ORAL,Capsule,Anti-Infective,HUMAN PRESCRIPTION DRUG,Current,Reverified,12/22/2021,09/15/2026,,,"Rifampin, Capsule, 300 mg (NDC 42806-799-60)"
"Lisdexamfetamine Dimesylate Tablet, Chewable",VYVANSE,"Takeda Pharmaceuticals America, Inc.",Takeda Pharmaceuticals USA Inc.,59417-117,59417-117-01,ORAL,"Tablet, Chewable",Psychiatry,HUMAN PRESCRIPTION DRUG,Current,Reverified,07/14/2023,09/15/2026,,,"Vyvanse, Tablet, Chewable, 30 mg (NDC 59417-117-01)"
Ketorolac Tromethamine Injection,KETOROLAC TROMETHAMINE,Hikma Pharmaceuticals USA Inc.,"Hikma Pharmaceuticals USA, Inc.",0641-6041,0641-6041-25,INTRAMUSCULAR,Injection,Analgesia/Addiction,HUMAN PRESCRIPTION DRUG,Current,Revised,06/06/2018,09/03/2026,,Estimated recovery: TBD,"Ketorolac Tromethamine, Injection, 15 mg/1 mL (NDC 0641-6041-25)"
Clonazepam Tablet,CLONAZEPAM,Advagen Pharma Ltd,Rubicon Research Private Limited,72888-152,72888-152-05,ORAL,Tablet,Neurology,HUMAN PRESCRIPTION DRUG,Current,Reverified,03/10/2023,06/01/2026,,Marketed by Advagen Pharma Ltd.,"Clonazepam, Tablet, .5 mg (NDC 72888-152-05)"
Sufentanil Citrate Injection,,"Hikma Pharmaceuticals USA, Inc.","Hikma Pharmaceuticals USA, Inc.",,17478-050-02,,Injection,Analgesia/Addiction,,Current,Revised,05/03/2022,09/03/2026,,Not currently manufactured,"Sufentanil Citrate, Injection, 50 mcg/1 mL (NDC 17478-050-02)"
Dextrose Monohydrate 10% Injection,DEXTROSE,"Fresenius Kabi USA, LLC","Fresenius Kabi USA, LLC",63323-824,63323-824-75,INTRAVENOUS,Injection,Endocrinology/Metabolism,HUMAN PRESCRIPTION DRUG,Current,Reverified,03/01/2022,09/15/2026,,Check wholesalers for inventory,"Dextrose 10% In Plastic Container, Injection, 100 mg/1 mL (NDC 63323-824-75)"
Sterile Water Injection,STERILE WATER,Hikma Pharmaceuticals USA Inc.,"Hikma Pharmaceuticals USA, Inc.",0641-6147,0641-6147-10,INTRAMUSCULAR,Injection,Other,HUMAN PRESCRIPTION DRUG,Current,Revised,11/23/2021,09/03/2026,,Additional lots will be scheduled for manufacturing. Product will be made available as it is released.,"Sterile Water, Injection, 1 mL/1 mL (NDC 0641-6147-10)"
Midazolam Hydrochloride Injection,MIDAZOLAM,"Hospira, Inc.","Hospira, Inc., a Pfizer Company",0409-0001,0409-0001-25,INTRAMUSCULAR,Injection,Anesthesia,HUMAN PRESCRIPTION DRUG,Current,Revised,04/02/2020,09/11/2026,,Next Delivery and Estimated Recovery: December 2026,"Midazolam Hydrochloride Preservative Free, Injection, 2 mg/2mL (1 mg/mL) (NDC 0409-0001-25)"
Lidocaine Hydrochloride Injection,XYLOCAINE MPF,"Fresenius Kabi USA, LLC","Fresenius Kabi USA, LLC",63323-496,63323-496-97,EPIDURAL,Injection,Anesthesia,HUMAN PRESCRIPTION DRUG,Current,Reverified,02/22/2012,09/15/2026,,Estimated recovery: TBD,"Xylocaine, Injection, 20 mg/1 mL (NDC 63323-496-97)"
Dexmedetomidine Hydrochloride Injection,,"Fresenius Kabi USA, LLC","Fresenius Kabi USA, LLC",,63323-671-20,,Injection,Anesthesia,,Current,Reverified,04/10/2020,09/15/2026,,Expected recovery: TBD,"Dexmedetomidine Hydrochloride, Injection, 4 ug/1 mL (NDC 63323-671-20)"
Bupivacaine Hydrochloride Injection,BUPIVACAINE HYDROCHLORIDE,"Hospira, Inc.","Hospira, Inc., a Pfizer Company",0409-1165,0409-1165-01,EPIDURAL,Injection,Anesthesia,HUMAN PRESCRIPTION DRUG,Current,Reverified,02/20/2018,09/09/2026,,,"Marcaine, Injection, Marcaine 75 mg/10 mL (7.5 mg/mL) (NDC 0409-1165-01)"
"Amphetamine Aspartate Monohydrate, Amphetamine Sulfate, Dextroamphetamine Saccharate, Dextroamphetamine Sulfate Tablet","DEXTROAMPHETAMINE SACCHARATE, AMPHETAMINE ASPARTATE, DEXTROAMPHETAMINE SULFATE AND AMPHETAMINE SULFATE","SUNRISE PHARMACEUTICAL, INC.","Sunrise Pharmaceutical, Inc.",11534-195,11534-195-01,ORAL,Tablet,Psychiatry,HUMAN PRESCRIPTION DRUG,Current,Reverified,10/12/2022,09/16/2026,,,"Amphetamine Aspartate Monohydrate, Amphetamine Sulfate, Dextroamphetamine Saccharate, Dextroamphetamine Sulfate, Tablet, 5 mg; 5 mg; 5 mg; 5 mg (NDC 11534-195-01)"
"Bupivacaine Hydrochloride, Epinephrine Bitartrate Injection",MARCAINE WITH EPINEPHRINE,"Hospira, Inc.","Hospira, Inc., a Pfizer Company",0409-1746,0409-1746-30,EPIDURAL,Injection,Anesthesia,HUMAN PRESCRIPTION DRUG,Current,Reverified,02/20/2018,09/09/2026,,,"Marcaine With Epinephrine, Injection, Marcaine with Epinephrine 1:200,000 as the bitartrate 75 mg/30 mL (2.5 mg/mL 1:200,000) (NDC 0409-1746-30)"
"Methylphenidate Hydrochloride Tablet, Extended Release",METHYLPHENIDATE HYDROCHLORIDE,"Lannett Company, Inc.","Lannett Company, Inc.",62175-313,62175-313-37,ORAL,Tablet,Psychiatry,HUMAN PRESCRIPTION DRUG,Current,Reverified,07/26/2023,09/15/2026,,,"Methylphenidate Hydrochloride, Tablet, Extended Release, 54 mg (NDC 62175-313-37)"
Lidocaine Hydrochloride Injection,LIDOCAINE HYDROCHLORIDE,"Hospira, Inc.","Hospira, Inc., a Pfizer Company",0409-4277,0409-4277-01,INFILTRATION,Injection,Anesthesia,HUMAN PRESCRIPTION DRUG,Current,Reverified,02/22/2012,09/09/2026,,,"Lidocaine Hydrochloride In Plastic Container, Injection, 400 mg/20 mL (2%; 20 mg/mL) (NDC 0409-4277-01)"
Clonazepam Tablet,CLONAZEPAM,Aurobindo Pharma Limited,Aurobindo Pharma USA,59651-724,59651-724-05,ORAL,Tablet,Neurology,HUMAN PRESCRIPTION DRUG,Current,Reverified,03/10/2023,06/02/2026,,,"Clonazepam, Tablet, 2 mg (NDC 59651-724-05)"
Bupivacaine Hydrochloride Injection,SENSORCAINE,"Fresenius Kabi USA, LLC","Fresenius Kabi USA, LLC",63323-465,63323-465-57,INFILTRATION,Injection,Anesthesia,HUMAN PRESCRIPTION DRUG,Current,Reverified,02/20/2018,09/15/2026,,Check wholesalers for inventory,"Sensorcaine, Injection, 2.5 mg/1 mL (NDC 63323-465-57)"
"Diclofenac Sodium Tablet, Delayed Release",DICLOFENAC SODIUM,"Actavis Pharma, Inc.","Teva Pharmaceuticals USA, Inc.",0228-2550,0228-2550-96,ORAL,Tablet,Musculoskeletal,HUMAN PRESCRIPTION DRUG,To Be Discontinued,New,08/13/2026,08/13/2026,08/13/2026,A business decision was made to discontinue manufacture of the drug.,"Diclofenac Sodium, Tablet, Delayed Release, 50 mg (NDC 0228-2550-96)"
Valsartan Tablet,VALSARTAN,Mylan Pharmaceuticals Inc.,"Mylan Pharmaceuticals Inc., a Viatris Company",0378-5815,0378-5815-77,ORAL,Tablet,Cardiovascular,HUMAN PRESCRIPTION DRUG,To Be Discontinued,New,11/19/2025,11/19/2025,11/19/2025,A business decision was made to discontinue manufacture of the drug.,"Valsartan, Tablet, 320 mg (NDC 0378-5815-77)"
"Methylphenidate Hydrochloride Tablet, Extended Release",CONCERTA,"Janssen Pharmaceuticals, Inc.",Janssen Pharmaceuticals,50458-586,50458-586-01,ORAL,Tablet,Psychiatry,HUMAN PRESCRIPTION DRUG,Current,Reverified,07/26/2023,09/17/2026,,,"Concerta, Tablet, Extended Release, 36 mg (NDC 50458-586-01)"
"Amphetamine Aspartate Monohydrate, Amphetamine Sulfate, Dextroamphetamine Saccharate, Dextroamphetamine Sulfate Tablet","DEXTROAMPHETAMINE SACCHARATE, AMPHETAMINE ASPARTATE, DEXTROAMPHETAMINE SULFATE AND AMPHETAMINE SULFATE","Elite Laboratories, Inc.","Elite Laboratories, Inc.",64850-500,64850-500-01,ORAL,Tablet,Psychiatry,HUMAN PRESCRIPTION DRUG,Current,Reverified,10/12/2022,09/16/2026,,,"Amphetamine Aspartate Monohydrate, Amphetamine Sulfate, Dextroamphetamine Saccharate, Dextroamphetamine Sulfate, Tablet, 1.25 mg; 1.25 mg; 1.25 mg; 1.25 mg (NDC 64850-500-01)"
Dexmedetomidine Hydrochloride Injection,DEXMEDETOMIDINE HYDROCHLORIDE,"Somerset Therapeutics, LLC","Somerset Therapeutics, LLC",70069-758,70069-758-04,INTRAVENOUS,Injection,Anesthesia,HUMAN PRESCRIPTION DRUG,Current,Reverified,04/10/2020,09/11/2026,,,"Dexmedetomidine Hydrochloride, Injection, 100 ug/1 mL (NDC 70069-758-04)"
Bupivacaine Hydrochloride Injection,BUPIVACAINE HYDROCHLORIDE,Eugia US LLC,Eugia US LLC,55150-171,55150-171-10,EPIDURAL,Injection,Anesthesia,HUMAN PRESCRIPTION DRUG,Current,Reverified,02/20/2018,09/17/2026,,Check wholesalers for inventory,"Bupivacaine Hydrochloride, Injection, 7.5 mg/1 mL (NDC 55150-171-10)"
Dobutamine Hydrochloride Injection,DOBUTAMINE,"Hospira, Inc.","Hospira, Inc., a Pfizer Company",0409-2344,0409-2344-01,INTRAVENOUS,Injection,Cardiovascular,HUMAN PRESCRIPTION DRUG,Current,Revised,11/06/2017,09/11/2026,,,"Dobutamine Hydrochloride, Injection, 250 mg/20mL (12.5 mg/1 mL) (NDC 0409-2344-01)"
Bumetanide Injection,BUMETANIDE,Mullan Pharmaceutical Inc.,Mullan Pharmaceutical Inc.,83301-0080,83301-0080-2,INTRAMUSCULAR,Injection,Cardiovascular,HUMAN PRESCRIPTION DRUG,Current,Reverified,12/13/2017,09/16/2026,,,"Bumetanide, Injection, 1 mg/4 mL (0.25 mg/mL) (NDC 83301-0080-2)"
Mirikizumab-mrkz Injection,OMVOH,Eli Lilly and Company,Eli Lilly and Co.,0002-8870,0002-8870-27,SUBCUTANEOUS,Injection,Gastroenterology,HUMAN PRESCRIPTION DRUG,To Be Discontinued,New,12/22/2025,12/22/2025,12/22/2025,A business decision was made to discontinue. Distribution will end April 2026. The 200 mg/2 mL injection presentation (NDC 0002-1442-11) will remain.,"Omvoh, Injection, 100 mg/1 mL (NDC 0002-8870-27)"
Lisdexamfetamine Dimesylate Capsule,LISDEXAMFETAMINE DIMESYLATE,Apotex Corp.,Apotex Corp.,60505-4744,60505-4744-1,ORAL,Capsule,Psychiatry,HUMAN PRESCRIPTION DRUG,Current,Reverified,11/01/2023,09/16/2026,,,"Lisdexamfetamine Dimesylate, Capsule, 60 mg (NDC 60505-4744-1)"
Dextrose Monohydrate 5% Injection,DEXTROSE,"ICU Medical, Inc.",Otsuka ICU Medical LLC,0990-7923,0990-7923-23,INTRAVENOUS,Injection,Endocrinology/Metabolism,HUMAN PRESCRIPTION DRUG,Current,Reverified,02/14/2022,09/16/2026,,"This product is distributed by ICU Medical. For questions regarding this product, please contact ICU Medical.","Dextrose 5% In Plastic Container, Injection, 5 g/100 mL (NDC 0990-7923-23)"
"Bupivacaine Hydrochloride, Epinephrine Bitartrate Injection",SENSORCAINE MPF,"Fresenius Kabi USA, LLC","Fresenius Kabi USA, LLC",63323-460,63323-460-37,EPIDURAL,Injection,Anesthesia,HUMAN PRESCRIPTION DRUG,Current,Reverified,02/20/2018,09/15/2026,,Check wholesaler for inventory,"Sensorcaine, Injection, 7.5 mg/1 mL; .005 mg/1 mL (NDC 63323-460-37)"
Etomidate Injection,AMIDATE,"Hospira, Inc.","Hospira, Inc., a Pfizer Company",0409-6695,0409-6695-02,INTRAVENOUS,Injection,Anesthesia,HUMAN PRESCRIPTION DRUG,Current,Reverified,10/05/2022,08/24/2026,,Next Delivery: November 2026; Estimated Recovery: December 2026. Shortage per Manufacturer: Manufacturing Delay,"Amidate, Injection, 2 mg/mL (NDC 0409-6695-02)"
Carboplatin Injection,CARBOPLATIN,"Accord Healthcare, Inc.",Accord Healthcare Inc.,16729-295,16729-295-12,INTRAVENOUS,Injection,Oncology,HUMAN PRESCRIPTION DRUG,Current,Reverified,04/28/2023,09/15/2026,,Estimated recovery: TBD,"Carboplatin, Injection, 10 mg/1 mL (NDC 16729-295-12)"
Pemetrexed Disodium Injection,PEMETREXED,Sandoz Inc.,Sandoz Inc.,0781-3518,0781-3518-76,INTRAVENOUS,Injection,Oncology,HUMAN PRESCRIPTION DRUG,To Be Discontinued,New,10/10/2025,10/10/2025,10/10/2025,Discontinuation of the manufacture of the drug,"Pemetrexed Disodium, Injection, 100 mg/4 mL (NDC 0781-3518-76)"
Lorazepam Injection,,"Hikma Pharmaceuticals USA, Inc.","Hikma Pharmaceuticals USA, Inc.",,0641-6000-10,,Injection,Neurology,,Current,Revised,09/05/2018,09/03/2026,,Estimated recovery: TBD,"Ativan, Injection, 2 mg/1 mL (NDC 0641-6000-10)"
Emtricitabine Oral Solution,EMTRIVA,"Gilead Sciences, Inc.","Gilead Sciences, Inc.",61958-0602,61958-0602-1,ORAL,Oral Solution,Anti-Infective,HUMAN PRESCRIPTION DRUG,To Be Discontinued,New,06/17/2026,06/17/2026,06/17/2026,Product expected to be available until March 2027,"Emtriva, Oral Solution, 10 mg/1 mL (NDC 61958-0602-1)"
Clindamycin Phosphate Injection,CLINDAMYCIN,Sagent Pharmaceuticals,Sagent Pharmaceuticals,25021-115,25021-115-06,INTRAMUSCULAR,Injection,Anti-Infective,HUMAN PRESCRIPTION DRUG,Current,Revised,03/21/2023,08/18/2026,,"Selling through remaining short-dated inventory (Dec 2026), API not available, Exiting product line","Clindamycin Phosphate, Injection, 150 mg/1 mL (NDC 25021-115-06)"
Gadoterate Meglumine Injection,GADOTERATE MEGLUMINE,"Fresenius Kabi USA, LLC","Jiangsu Hengrui Pharmaceuticals Co., Ltd.",65219-082,65219-082-10,INTRAVENOUS,Injection,Medical Imaging,HUMAN PRESCRIPTION DRUG,To Be Discontinued,New,06/30/2026,06/30/2026,06/30/2026,"Marketed by Fresenius Kabi, USA; Discontinuation of the manufacture of the drug","Gadoterate Meglumine, Injection, 376.9 mg/1 mL (NDC 65219-082-10)"
Clonazepam Tablet,CLONAZEPAM,Aurobindo Pharma Limited,Aurobindo Pharma USA,59651-724,59651-724-01,ORAL,Tablet,Neurology,HUMAN PRESCRIPTION DRUG,Current,Reverified,03/10/2023,06/02/2026,,,"Clonazepam, Tablet, 2 mg (NDC 59651-724-01)"
Nitroglycerin Ointment,RECTIV,"Allergan, Inc.",AbbVie Inc.,58914-301,58914-301-80,RECTAL,Ointment,Analgesia/Addiction,HUMAN PRESCRIPTION DRUG,To Be Discontinued,New,04/14/2026,04/14/2026,04/14/2026,Discontinuation of the manufacture of the drug,"Rectiv, Ointment, 0.4% (NDC 58914-301-80)"
Lisdexamfetamine Dimesylate Capsule,,"Lannett Company, Inc.","Lannett Company, Inc.",,0527-4662-37,,Capsule,Psychiatry,,Current,Reverified,07/14/2023,09/15/2026,,,"Lisdexamfetamine Dimesylate, Capsule, 20 mg (NDC 0527-4662-37)"
Dextrose Monohydrate 5% Injection,DEXTROSE,Baxter Healthcare Corporation,Baxter Healthcare,0338-0070,0338-0070-10,INTRAVENOUS,Injection,Endocrinology/Metabolism,HUMAN PRESCRIPTION DRUG,Current,Reverified,02/14/2022,09/04/2026,,,"Dextrose 5% In Plastic Container, Injection, 5 g/100 mL (NDC 0338-0070-10)"
"Calcium Chloride; Dextrose; Magnesium Chloride; Sodium Chloride; Sodium Lactate Intraperitoneal Injection, Solution",DIANEAL PD-2 WITH DEXTROSE,Vantive US Healthcare LLC,Vantive US Healthcare LLC,0941-0413,0941-0413-06,INTRAPERITONEAL,Solution,Renal,HUMAN PRESCRIPTION DRUG,To Be Discontinued,New,08/03/2026,08/03/2026,08/03/2026,A business decision was made to discontinue manufacture of the drug.,"DIANEAL PD-2 with Dextrose, Intraperitoneal Injection, Solution, 25.7 mg/100 mL; 2.5 g/100 mL; 5.08 mg/100 mL; 538 mg/100 mL; 448 mg/100 mL (NDC 0941-0413-06)"
Everolimus Tablet,EVEROLIMUS,"Teva Pharmaceuticals USA, Inc.","Teva Pharmaceuticals USA, Inc.",0093-7766,0093-7766-24,ORAL,Tablet,Transplant,HUMAN PRESCRIPTION DRUG,To Be Discontinued,New,03/02/2026,03/02/2026,03/02/2026,Discontinuation of the manufacture of the drug,"Everolimus, Tablet, 2.5 mg (NDC 0093-7766-24)"
"Cefotaxime Sodium Powder, for Solution",CEFOTAXIME,Hikma Pharmaceuticals USA Inc.,"Hikma Pharmaceuticals USA, Inc.",0143-9935,0143-9935-01,INTRAVENOUS,"Powder, For Solution",Anti-Infective,HUMAN PRESCRIPTION DRUG,Current,Revised,02/17/2015,09/03/2026,,Estimated recovery: TBD,"Cefotaxime Sodium, Powder, for Solution, 10 g (NDC 0143-9935-01)"
Oxaliplatin Injection,OXALIPLATIN,Sandoz Inc,Sandoz Inc.,0781-3315,0781-3315-70,INTRAVENOUS,Injection,Oncology,HUMAN PRESCRIPTION DRUG,To Be Discontinued,New,10/20/2025,10/20/2025,10/20/2025,Discontinuation of the manufacture of the drug,"Oxaliplatin, Injection, 5 mg/1 mL (NDC 0781-3315-70)"
Lisdexamfetamine Dimesylate Capsule,LISDEXAMFETAMINE DIMESYLATE,"Solco Healthcare US,LLC","Solco Healthcare US, LLC",43547-604,43547-604-10,ORAL,Capsule,Psychiatry,HUMAN PRESCRIPTION DRUG,Current,Reverified,07/14/2023,06/29/2026,,On allocation,"Lisdexamfetamine Dimesylate, Capsule, 30 mg (NDC 43547-604-10)"
Dopamine Hydrochloride Injection,DOPAMINE HYDROCHLORIDE,"Hospira, Inc.","Hospira, Inc., a Pfizer Company",0409-9104,0409-9104-20,INTRAVENOUS,Injection,Cardiovascular,HUMAN PRESCRIPTION DRUG,Current,Revised,11/06/2017,09/11/2026,,,"Dopamine Hydrochloride, Injection, 400 mg/10mL (40 mg/1 mL) (NDC 0409-9104-20)"
Clindamycin Hydrochloride Capsule,,Pfizer Inc.,Pfizer Inc.,,0009-0395-14,,Capsule,Anti-Infective,,To Be Discontinued,New,02/25/2026,02/25/2026,02/25/2026,Discontinuation of the manufacture of the drug,"Cleocin Hydrochloride, Capsule, 300 mg (NDC 0009-0395-14)"
Furosemide Injection,FUROSEMIDE,Heritage Pharmaceuticals Inc. d/b/a Avet Pharmaceuticals Inc.,"Avet Pharmaceuticals, Inc.",23155-473,23155-473-44,INTRAVENOUS,Injection,Cardiovascular,HUMAN PRESCRIPTION DRUG,Current,Revised,04/07/2020,09/01/2026,,Estimated recovery: End October 2026; Manufacturing delay,"Furosemide, Injection, 10 mg/1 mL (NDC 23155-473-44)"
Clindamycin Palmitate Hydrochloride Injection,CLINDAMYCIN PALMITATE HYDROCHLORIDE (PEDIATRIC),Amneal Pharmaceuticals of New York LLC,Amneal Pharmaceuticals,53746-468,53746-468-19,ORAL,Injection,Anti-Infective,HUMAN PRESCRIPTION DRUG,To Be Discontinued,New,03/26/2026,03/26/2026,03/26/2026,Discontinuation of the manufacture of the drug,"Clindamycin Palmitate Hydrochloride, Injection, 75 mg/5 mL (NDC 53746-468-19)"
Promethazine Hydrochloride Injection,PROMETHAZINE HYDROCHLORIDE,"XGen Pharmaceuticals DJB, Inc.","XGen Pharmaceuticals DJB, Inc.",39822-5525,39822-5525-3,INTRAMUSCULAR,Injection,Analgesia/Addiction,HUMAN PRESCRIPTION DRUG,Current,Reverified,11/21/2023,06/23/2026,,,"Promethazine Hydrochloride, Injection, 25 mg/1 mL (NDC 39822-5525-3)"
Methotrexate Sodium Injection,METHOTREXATE,"Hospira, Inc.","Hospira, Inc., a Pfizer Company",61703-350,61703-350-10,INTRAMUSCULAR,Injection,Rheumatology,HUMAN PRESCRIPTION DRUG,Current,Reverified,03/13/2023,09/09/2026,,,"Methotrexate Sodium, Injection, 50 mg/2 mL  (25 mg/mL) (NDC 61703-350-10)"
"Epinephrine Bitartrate, Lidocaine Hydrochloride Injection",LIDOCAINE HYDROCHLORIDE AND EPINEPHRINE,"Hospira, Inc.","Hospira, Inc., a Pfizer Company",0409-3178,0409-3178-01,INFILTRATION,Injection,Anesthesia,HUMAN PRESCRIPTION DRUG,Current,Revised,02/22/2012,09/09/2026,,Next Delivery: October 2026; Estimated Recovery: December 2026; Shortage per Manufacturer: Manufacturing Delay,"Lidocaine Hydrochloride And Epinephrine, Injection, 200 mg/20 mL (1%; 1:100,000) (NDC 0409-3178-01)"
Decitabine Injection,,Ingenus Pharmaceuticals LLC,Ingenus Pharmaceuticals LLC,,50742-430-01,,Injection,Oncology,,To Be Discontinued,New,02/20/2026,02/20/2026,02/20/2026,Discontinuation of the manufacture of the drug,"Decitabine, Injection, 50 mg (NDC 50742-430-01)"
Hydromorphone Hydrochloride Injection,HYDROMORPHONE HYDROCHLORIDE,"Hospira, Inc.","Hospira, Inc., a Pfizer Company",0409-1283,0409-1283-31,INTRAMUSCULAR,Injection,Analgesia/Addiction,HUMAN PRESCRIPTION DRUG,Current,Reverified,10/31/2017,09/09/2026,,,"Hydromorphone Hydrochloride, Injection, 1 mg/1 mL Syringes (NDC 0409-1283-31)"
Amino Acid Injection,AMINOSYN II,ICU Medical Inc.,Otsuka ICU Medical LLC,0990-7172,0990-7172-17,INTRAVENOUS,Injection,Gastroenterology,HUMAN PRESCRIPTION DRUG,Current,Reverified,12/08/2020,09/16/2026,,"This product is distributed by ICU Medical. For questions regarding this product, please contact ICU Medical.","Aminosyn II 10% In Plastic Container, Injection, 0.1 (NDC 0990-7172-17)"
Remifentanil Hydrochloride Injection,ULTIVA,Mylan Institutional LLC,"Mylan Institutional, a Viatris Company",72078-036,72078-036-05,INTRAVENOUS,Injection,Analgesia/Addiction,HUMAN PRESCRIPTION DRUG,Current,Reverified,06/28/2022,09/17/2026,,,"Ultiva, Injection, 5 mg (NDC 72078-036-05)"
Adalimumab-adaz Injection,HYRIMOZ,Sandoz Inc,Sandoz Inc.,61314-517,61314-517-36,,Injection,Rheumatology,HUMAN PRESCRIPTION DRUG,To Be Discontinued,New,01/13/2026,01/13/2026,01/13/2026,Equivalent Sandoz format is available.,"Hyrimoz, Injection, Kit (NDC 61314-517-36)"
Furosemide Injection,FUROSEMIDE,Sagent Pharmaceuticals,Gland Pharma Limited,25021-311,25021-311-02,INTRAMUSCULAR,Injection,Cardiovascular,HUMAN PRESCRIPTION DRUG,To Be Discontinued,New,04/28/2026,04/28/2026,04/28/2026,Distributed by Sagent Pharmaceuticals; Discontinuation of the manufacture of the drug,"Furosemide, Injection, 10 mg/1 mL (NDC 25021-311-02)"
Dextrose Monohydrate 10% Injection,DEXTROSE,"Fresenius Kabi USA, LLC","Fresenius Kabi USA, LLC",63323-824,63323-824-76,INTRAVENOUS,Injection,Endocrinology/Metabolism,HUMAN PRESCRIPTION DRUG,Current,Reverified,03/01/2022,09/15/2026,,Check wholesalers for inventory,"Dextrose 10% In Plastic Container, Injection, 100 mg/1 mL (NDC 63323-824-76)"
"Lamotrigine Tablet, Extended Release",LAMOTRIGINE EXTENDED RELEASE,"Par Health USA, LLC","Par Health, Inc.",49884-604,49884-604-11,ORAL,Tablet,Neurology,HUMAN PRESCRIPTION DRUG,To Be Discontinued,New,04/29/2026,04/29/2026,04/29/2026,Discontinuation of the manufacture of the drug,"Lamotrigine, Tablet, Extended Release, 250 mg (NDC 49884-604-11)"
Deferiprone Tablet,,"Chiesi USA, Inc.","Chiesi USA, Inc.",,10122-100-10,,Tablet,Hematology,,To Be Discontinued,New,11/07/2025,11/07/2025,11/07/2025,Discontinuation of the manufacture of the drug.,"Ferriprox, Tablet, 500 mg (NDC 10122-100-10)"
Quinapril Hydrochloride Tablet,QUINAPRIL,"Chartwell RX, LLC",Chartwell Molecular Holdings LLC,62135-486,62135-486-90,ORAL,Tablet,Cardiovascular,HUMAN PRESCRIPTION DRUG,Current,Reverified,01/19/2023,09/15/2026,,,"Quinapril Hydrochloride, Tablet, 20 mg (NDC 62135-486-90)"
Methylprednisolone Acetate Injection,METHYLPREDNISOLONE ACETATE,Amneal Pharmaceuticals LLC,Amneal Pharmaceuticals,70121-1573,70121-1573-5,INTRA-ARTICULAR,Injection,Rheumatology,HUMAN PRESCRIPTION DRUG,Current,Revised,12/15/2021,06/17/2026,,,"Methylprednisolone Acetate, Injection, 40 mg/1 mL (NDC 70121-1573-5)"
Fentanyl Citrate Injection,FENTANYL CITRATE,Hikma Pharmaceuticals USA Inc.,"Hikma Pharmaceuticals USA, Inc.",0641-6028,0641-6028-25,INTRAMUSCULAR,Injection,Analgesia/Addiction,HUMAN PRESCRIPTION DRUG,Current,Revised,12/20/2023,09/03/2026,,Additional lots will be scheduled for manufacturing to meet demand.  Product will be made available as it is released.,"Fentanyl Citrate, Injection, 50 mcg/1 mL (NDC 0641-6028-25)"
Dexamethasone Sodium Phosphate Injection,DEXAMETHASONE SODIUM PHOSPHATE,Mylan Institutional LLC,"Mylan Institutional, a Viatris Company",67457-421,67457-421-30,INTRA-ARTICULAR,Injection,Dermatology,HUMAN PRESCRIPTION DRUG,Current,Reverified,02/08/2019,09/17/2026,,,"Dexamethasone Sodium Phosphate, Injection, 4 mg/1 mL (NDC 67457-421-30)"
Hydroxychloroquine Sulfate Tablet,HYDROXYCHLOROQUINE SULFATE,"Teva Pharmaceuticals USA, Inc.","Teva Pharmaceuticals USA, Inc.",0093-2401,0093-2401-01,ORAL,Tablet,Anti-Infective,HUMAN PRESCRIPTION DRUG,To Be Discontinued,New,01/05/2026,01/05/2026,01/05/2026,Discontinuation of the manufacture of the drug,"Hydroxychloroquine Sulfate, Tablet, 200 mg (NDC 0093-2401-01)"
Clonazepam Tablet,CLONAZEPAM,Solco Healthcare LLC,"Prinston Pharmaceutical, Inc.",43547-407,43547-407-10,ORAL,Tablet,Neurology,HUMAN PRESCRIPTION DRUG,Current,Reverified,03/10/2023,09/02/2026,,Marketed by Solco Healthcare,"Clonazepam, Tablet, 1 mg (NDC 43547-407-10)"
Atropine Sulfate Injection,ATROPINE SULFATE,"Accord Healthcare, Inc.,",Accord Healthcare Inc.,16729-484,16729-484-45,INTRAVENOUS,Injection,Anesthesia,HUMAN PRESCRIPTION DRUG,Current,Reverified,01/01/2020,09/15/2026,,,"Atropine Sulfate, Injection, 0.1 mg/1 mL (NDC 16729-484-45)"
Methylprednisolone Acetate Injection,DEPO-MEDROL,Pharmacia & Upjohn Company LLC,Pfizer Inc.,0009-3475,0009-3475-01,INTRA-ARTICULAR,Injection,Rheumatology,HUMAN PRESCRIPTION DRUG,Current,Revised,12/15/2021,09/08/2026,,Limited Supply Available. Next Delivery: October 2026; Estimated Recovery: December 2026,"Depo-medrol, Injection, 80 mg/1 mL (NDC 0009-3475-01)"
"Fluticasone Propionate and Salmeterol Xinafoate Aerosol, Metered",ADVAIR HFA,GlaxoSmithKline LLC,GlaxoSmithKline,0173-0715,0173-0715-22,RESPIRATORY (INHALATION),,Pulmonary/Allergy,HUMAN PRESCRIPTION DRUG,To Be Discontinued,New,07/27/2026,07/27/2026,07/27/2026,"The anticipated date that GSK will cease distribution of the presentation is approximately December 31, 2026.  The 120 dose presentation of this product will still be available.","Advair HFA, Aerosol, Metered, 45 ug; 21 ug (NDC 0173-0715-22)"
Dexmedetomidine Hydrochloride Injection,DEXMEDETOMIDINE HYDROCHLORIDE,Dr.Reddy's Laboratories Inc,Gland Pharma Limited,43598-975,43598-975-58,INTRAVENOUS,Injection,Anesthesia,HUMAN PRESCRIPTION DRUG,Current,Reverified,04/10/2020,07/22/2026,,Distributed by DRL,"Dexmedetomidine Hydrochloride, Injection, 4 ug/1 mL (NDC 43598-975-58)"
Ifosfamide Injection,IFOSFAMIDE,SteriMax Inc.,"SteriMax, Inc.",21586-211,21586-211-02,INTRAVENOUS,Injection,Oncology,HUMAN PRESCRIPTION DRUG,Current,New,06/12/2026,09/08/2026,,"To place an order, please contact GlobalRX at info@globalrx.com or (919) 245-8418","Ifosfamide, Injection, 1 g/1 (NDC 21586-211-02)"
Cromolyn Sodium Concentrate,CROMOLYN SODIUM,Omnivium Pharmaceuticals LLC,Ailex Pharmaceuticals,81665-104,81665-104-96,ORAL,Concentrate,Pulmonary/Allergy,HUMAN PRESCRIPTION DRUG,Current,Reverified,11/03/2023,08/31/2026,,Distributed by Omnivium Pharmaceuticals LLC (888) 807-9195,"Cromolyn Sodium, Concentrate, 100 mg/5 mL (NDC 81665-104-96)"
Rocuronium Bromide Injection,ROCURONIUM BROMIDE,Hikma Pharmaceuticals USA Inc.,"Hikma Pharmaceuticals USA, Inc.",0143-9250,0143-9250-10,INTRAVENOUS,Injection,Anesthesia,HUMAN PRESCRIPTION DRUG,Current,Revised,02/15/2023,09/03/2026,,Additional lots will be available.  Product will be made available as it is released.,"Rocuronium Bromide, Injection, 10 mg/1 mL (NDC 0143-9250-10)"
Aspirin Suppository,ASPIRIN,Padagis US LLC,Padagis US LLC,0574-7034,0574-7034-12,RECTAL,Suppository,Analgesia/Addiction,HUMAN OTC DRUG,To Be Discontinued,New,07/23/2026,07/23/2026,07/23/2026,Discontinuation of the manufacture of the drug,"Aspirin, Suppository, 300 mg (NDC 0574-7034-12)"
Glycopyrrolate Injection,GLYCOPYRROLATE,"Fresenius Kabi USA, LLC","Fresenius Kabi USA, LLC",63323-578,63323-578-02,INTRAMUSCULAR,Injection,Anesthesia,HUMAN PRESCRIPTION DRUG,To Be Discontinued,New,07/30/2026,07/30/2026,07/30/2026,Discontinuation of the manufacture of the drug,"Glycopyrrolate, Injection, 0.4 mg per 2 mL (NDC 63323-578-02)"
"Diclofenac Sodium Tablet, Delayed Release",DICLOFENAC SODIUM,"Actavis Pharma, Inc.","Teva Pharmaceuticals USA, Inc.",0228-2551,0228-2551-06,ORAL,Tablet,Musculoskeletal,HUMAN PRESCRIPTION DRUG,To Be Discontinued,New,08/13/2026,08/13/2026,08/13/2026,A business decision was made to discontinue manufacture of the drug.,"Diclofenac Sodium, Tablet, Delayed Release, 75 mg (NDC 0228-2551-06)"
Lidocaine Hydrochloride Injection,LIDOCAINE HYDROCHLORIDE,"Avenacy, LLC",Anthea Pharma,83634-651,83634-651-20,INFILTRATION,Injection,Anesthesia,HUMAN PRESCRIPTION DRUG,Current,Reverified,02/22/2012,09/15/2026,,"Distributed by Avenacy, LLC","Lidocaine Hydrochloride, Injection, 200 mg/20 mL (NDC 83634-651-20)"
Dexmedetomidine Hydrochloride Injection,PRECEDEX,"Hospira, Inc.",Pfizer Inc.,0409-1638,0409-1638-02,INTRAVENOUS,Injection,Anesthesia,HUMAN PRESCRIPTION DRUG,Current,Reverified,04/10/2020,09/08/2026,,,"Precedex, Injection, 200 mcg/2 mL (100 mcg/mL) (NDC 0409-1638-02)"
Sodium Bicarbonate Injection,,"Hospira, Inc., a Pfizer Company","Hospira, Inc., a Pfizer Company",,0409-4900-14,,Injection,Endocrinology/Metabolism,,To Be Discontinued,New,11/07/2025,11/07/2025,11/07/2025,Discontinuation of the manufacture of the drug,"Sodium Bicarbonate, Injection, 84 mg/1 mL (NDC 0409-4900-14)"
Phenoxybenzamine Hydrochloride Capsule,,Advanz Pharma (US) Corp.,Advanz Pharma (US) Corp.,,59212-001-01,,Capsule,Cardiovascular,,To Be Discontinued,New,12/01/2025,12/01/2025,12/01/2025,Discontinuation of the manufacture of the drug,"Dibenzyline, Capsule, 10 mg (NDC 59212-001-01)"
Isocarboxazid Tablet,MARPLAN,Lifsa Drugs LLC,Lifsa Drugs LLC,72336-032,72336-032-01,ORAL,Tablet,Psychiatry,HUMAN PRESCRIPTION DRUG,Current,Revised,04/16/2026,08/06/2026,,Estimated recovery: TBD,"Marplan, Tablet, 10 mg, 100 count bottle (NDC 72336-032-01)"
"Amphetamine Aspartate Monohydrate, Amphetamine Sulfate, Dextroamphetamine Saccharate, Dextroamphetamine Sulfate Tablet","DEXTROAMPHETAMINE SACCHARATE, AMPHETAMINE ASPARTATE, DEXTROAMPHETAMINE SULFATE AND AMPHETAMINE SULFATE","SUNRISE PHARMACEUTICAL, INC.","Sunrise Pharmaceutical, Inc.",11534-196,11534-196-01,ORAL,Tablet,Psychiatry,HUMAN PRESCRIPTION DRUG,Current,Reverified,10/12/2022,09/16/2026,,,"Amphetamine Aspartate Monohydrate, Amphetamine Sulfate, Dextroamphetamine Saccharate, Dextroamphetamine Sulfate, Tablet, 7.5 mg; 7.5 mg; 7.5 mg; 7.5 mg (NDC 11534-196-01)"
Lisdexamfetamine Dimesylate Capsule,LISDEXAMFETAMINE DIMESYLATE,Rhodes Pharmaceuticals LLC,Rhodes Pharmaceuticals L.P.,42858-162,42858-162-01,ORAL,Capsule,Psychiatry,HUMAN PRESCRIPTION DRUG,Current,Revised,07/14/2023,06/24/2026,,Estimated recovery: TBD,"Lisdexamfetamine Dimesylate, Capsule, 20 mg (NDC 42858-162-01)"
Dextrose Monohydrate 50% Injection,DEXTROSE MONOHYDRATE,"International Medication Systems, Limited","Amphastar Pharmaceuticals, Inc.",76329-3302,76329-3302-1,INTRAVENOUS,Injection,Endocrinology/Metabolism,HUMAN PRESCRIPTION DRUG,Current,Reverified,01/13/2022,09/16/2026,,,"Dextrose Monohydrate 50%, Injection, 25 g/50 mL (NDC 76329-3302-1)"
Rocuronium Bromide Injection,ROCURONIUM BROMIDE,"Hospira, Inc.","Hospira, Inc., a Pfizer Company",0409-7037,0409-7037-10,INTRAVENOUS,Injection,Anesthesia,HUMAN PRESCRIPTION DRUG,Current,Reverified,02/15/2023,09/09/2026,,,"Rocuronium Bromide, Injection, 100 mg/10 mL (10 mg/mL) (NDC 0409-7037-10)"
Morphine Sulfate Injection,MORPHINE SULFATE,"Hospira, Inc.","Hospira, Inc., a Pfizer Company",0409-2022,0409-2022-01,INTRAVENOUS,Injection,Analgesia/Addiction,HUMAN PRESCRIPTION DRUG,Current,Revised,10/31/2017,09/11/2026,,,"Morphine Sulfate, Injection, 50 mg/1 mL (NDC 0409-2022-01)"
Heparin Sodium Injection,HEPARIN SODIUM IN SODIUM CHLORIDE,B. Braun Medical Inc.,B. Braun Medical Inc.,0264-9872,0264-9872-10,INTRAVENOUS,Injection,Hematology,HUMAN PRESCRIPTION DRUG,Current,Revised,11/14/2017,09/09/2026,,Estimated recovery: TBD; Manufacturing delays,"Heparin Sodium 1,000 Units In Sodium Chloride 0.9% In Plastic Container, Injection, 200 [USP'U]/100 mL (NDC 0264-9872-10)"
Dobutamine Hydrochloride Injection,DOBUTAMINE,"Hospira, Inc.","Hospira, Inc., a Pfizer Company",0409-2344,0409-2344-02,INTRAVENOUS,Injection,Cardiovascular,HUMAN PRESCRIPTION DRUG,Current,Revised,11/06/2017,09/11/2026,,,"Dobutamine Hydrochloride, Injection, 250 mg/20mL (12.5 mg/1 mL) (NDC 0409-2344-02)"
Lidocaine Hydrochloride Injection,LIDOCAINE HYDROCHLORIDE,Eugia US LLC,Eugia US LLC,55150-251,55150-251-10,INFILTRATION,Injection,Anesthesia,HUMAN PRESCRIPTION DRUG,Current,Revised,06/13/2018,09/03/2026,,Check wholesalers for inventory,"Lidocaine Hydrochloride, Injection, 10 mg/mL (NDC 55150-251-10)"
Dexmedetomidine Hydrochloride Injection,DEXMEDETOMIDINE HYDROCHLORIDE IN 0.9% SODIUM CHLORIDE,Sandoz Inc.,"Jiangsu Hengrui Pharmaceuticals Co., Ltd.",0781-3495,0781-3495-95,INTRAVENOUS,Injection,Anesthesia,HUMAN PRESCRIPTION DRUG,Current,Reverified,04/10/2020,09/15/2026,,Marketed by Sandoz Inc.; Customer service: 800-525-8747,"Dexmedetomidine Hydrochloride, Injection, 400 mcg/100 mL (NDC 0781-3495-95)"
Azacitidine Injection,AZACITIDINE,Eugia US LLC,Eugia US LLC,55150-393,55150-393-01,INTRAVENOUS,Injection,Oncology,HUMAN PRESCRIPTION DRUG,Current,Reverified,12/22/2020,09/17/2026,,On backorder. Recovery: TBD. Check wholesalers for inventory,"Azacitidine, Injection, 100 mg/4 mL (NDC 55150-393-01)"
Nebivolol Hydrochloride Tablet,,Torrent Pharmaceuticals Limited,Torrent Pharmaceuticals Limited,,13668-354-05,,Tablet,Cardiovascular,,To Be Discontinued,New,03/25/2026,03/25/2026,03/25/2026,Discontinuation of the manufacture of the drug,"Nebivolol Hydrochloride, Tablet, 5 mg (NDC 13668-354-05)"
"Amphetamine Aspartate Monohydrate, Amphetamine Sulfate, Dextroamphetamine Saccharate, Dextroamphetamine Sulfate Tablet","DEXTROAMPHETAMINE SACCHARATE, AMPHETAMINE ASPARTATE MONOHYDRATE, DEXTROAMPHETAMINE SULFATE AND AMPHETAMINE SULFATE",Sandoz Inc,Sandoz Inc.,0185-0853,0185-0853-01,ORAL,Tablet,Psychiatry,HUMAN PRESCRIPTION DRUG,Current,Reverified,10/12/2022,09/03/2026,,,"Amphetamine Aspartate Monohydrate, Amphetamine Sulfate, Dextroamphetamine Saccharate, Dextroamphetamine Sulfate, Tablet, 5 mg; 5 mg; 5 mg; 5 mg (NDC 0185-0853-01)"
Activated Charcoal Oral Suspension,ACTIDOSE,Padagis US LLC,Padagis US LLC,0574-0520,0574-0520-74,ORAL,Oral Suspension,Other,HUMAN OTC DRUG,To Be Discontinued,New,05/15/2026,05/15/2026,05/15/2026,Discontinuation of the manufacture of the drug,"Actidose, Oral Suspension, 208 mg/1 mL (NDC 0574-0520-74)"
Lincomycin Hydrochloride Injection,LINCOMYCIN,"XGen Pharmaceuticals DJB, Inc.","XGen Pharmaceuticals DJB, Inc.",39822-0350,39822-0350-2,INTRAMUSCULAR,Injection,Anti-Infective,HUMAN PRESCRIPTION DRUG,To Be Discontinued,New,03/26/2026,03/26/2026,03/26/2026,A business decision was made to discontinue manufacture of the drug.,"Lincomycin Hydrochloride, Injection, 600 mg/2 mL vial x 10 count (NDC 39822-0350-2)"
"Amphetamine Aspartate Monohydrate, Amphetamine Sulfate, Dextroamphetamine Saccharate, Dextroamphetamine Sulfate Tablet","DEXTROAMPHETAMINE SACCHARATE, AMPHETAMINE ASPARTATE, DEXTROAMPHETAMINE SULFATE AND AMPHETAMINE SULFATE","Epic Pharma, LLC","Epic Pharma, LLC",42806-339,42806-339-01,ORAL,Tablet,Psychiatry,HUMAN PRESCRIPTION DRUG,Current,Revised,10/12/2022,09/15/2026,,Estimated recovery: TBD,"Amphetamine Aspartate Monohydrate, Amphetamine Sulfate, Dextroamphetamine Saccharate, Dextroamphetamine Sulfate, Tablet, 1.25 mg; 1.25 mg; 1.25 mg; 1.25 mg (NDC 42806-339-01)"
Travoprost Ophthalmic Solution,"TRAVOPROST OPHTHALMIC SOLUTION, 0.004%",Mylan Pharmaceuticals Inc.,"Mylan Pharmaceuticals Inc., a Viatris Company",0378-9651,0378-9651-32,OPHTHALMIC,Ophthalmic Solution,Ophthalmology,HUMAN PRESCRIPTION DRUG,To Be Discontinued,New,07/07/2026,07/07/2026,07/07/2026,Discontinuation of the manufacture of the drug,"Travoprost, Ophthalmic Solution, 0.004%, 2.5 mL (NDC 0378-9651-32)"
Podofilox Topical Gel,CONDYLOX,"Allergan, Inc.",AbbVie Inc.,0023-6118,0023-6118-03,TOPICAL,Topical Gel,Dermatology,HUMAN PRESCRIPTION DRUG,To Be Discontinued,New,01/28/2026,01/28/2026,01/28/2026,Discontinuation of the manufacture of the drug,"Condylox , Topical Gel, 0.5% (NDC 0023-6118-03)"
Ketorolac Tromethamine Injection,KETOROLAC TROMETHAMINE,"Fresenius Kabi USA, LLC","Fresenius Kabi USA, LLC",63323-161,63323-161-01,INTRAMUSCULAR,Injection,Analgesia/Addiction,HUMAN PRESCRIPTION DRUG,Current,Reverified,03/23/2018,09/15/2026,,Check wholesalers for inventory,"Ketorolac Tromethamine, Injection, 15 mg/1 mL (NDC 63323-161-01)"
Etomidate Injection,ETOMIDATE,"Fresenius Kabi USA, LLC","Caplin Steriles, Ltd.",65219-445,65219-445-10,INTRAVENOUS,Injection,Anesthesia,HUMAN PRESCRIPTION DRUG,Current,Revised,10/05/2022,06/16/2026,,Check wholesalers for inventory; Marketed by Fresenius Kabi,"Etomidate, Injection, 2mg/1 mL (NDC 65219-445-10)"
Lisdexamfetamine Dimesylate Capsule,VYVANSE,"Takeda Pharmaceuticals America, Inc.",Takeda Pharmaceuticals USA Inc.,59417-101,59417-101-10,ORAL,Capsule,Psychiatry,HUMAN PRESCRIPTION DRUG,Current,Reverified,07/14/2023,09/15/2026,,,"Vyvanse, Capsule, 10 mg (NDC 59417-101-10)"
Etomidate Injection,ETOMIDATE,Eugia US LLC,Eugia US LLC,55150-221,55150-221-10,INTRAVENOUS,Injection,Anesthesia,HUMAN PRESCRIPTION DRUG,Current,Reverified,10/05/2022,09/17/2026,,On backorder. Recovery: TBD. Check wholesalers for inventory,"Etomidate, Injection, 20 mg/10 mL (NDC 55150-221-10)"
Carboplatin Injection,CARBOPLATIN,"Accord Healthcare, Inc.",Accord Healthcare Inc.,16729-295,16729-295-31,INTRAVENOUS,Injection,Oncology,HUMAN PRESCRIPTION DRUG,Current,Reverified,04/28/2023,09/15/2026,,Estimated recovery: TBD,"Carboplatin, Injection, 10 mg/1 mL (NDC 16729-295-31)"
Ropivacaine Hydrochloride Injection,NAROPIN,"Fresenius Kabi USA, LLC","Fresenius Kabi USA, LLC",63323-286,63323-286-20,EPIDURAL,Injection,Anesthesia,HUMAN PRESCRIPTION DRUG,Current,Reverified,03/23/2018,09/15/2026,,Estimated recovery: TBD,"Naropin, Injection, 5 mg/1 mL (NDC 63323-286-20)"
Lidocaine Hydrochloride Injection,LIDOCAINE HYDROCHLORIDE,"Hospira, Inc.","Hospira, Inc., a Pfizer Company",0409-4282,0409-4282-01,EPIDURAL,Injection,Anesthesia,HUMAN PRESCRIPTION DRUG,Current,Reverified,02/22/2012,09/09/2026,,,"Lidocaine Hydrochloride, Injection, 40 mg/2 mL (2%; 20 mg/mL) (NDC 0409-4282-01)"
Gadoterate Meglumine Injection,GADOTERATE MEGLUMINE,"Fresenius Kabi USA, LLC","Jiangsu Hengrui Pharmaceuticals Co., Ltd.",65219-084,65219-084-15,INTRAVENOUS,Injection,Medical Imaging,HUMAN PRESCRIPTION DRUG,To Be Discontinued,New,06/30/2026,06/30/2026,06/30/2026,"Marketed by Fresenius Kabi, USA; Discontinuation of the manufacture of the drug","Gadoterate Meglumine, Injection, 376.9 mg/1 mL (NDC 65219-084-15)"
"Methylphenidate Hydrochloride Tablet, Extended Release",METHYLPHENIDATE HYDROCHLORIDE,"Actavis Pharma, Inc.","Teva Pharmaceuticals USA, Inc.",62037-727,62037-727-01,ORAL,Tablet,Psychiatry,HUMAN PRESCRIPTION DRUG,Current,Reverified,07/26/2023,09/15/2026,,,"Methylphenidate Hydrochloride, Tablet, Extended Release, 54 mg (NDC 62037-727-01)"
Furosemide Injection,FUROSEMIDE,"Fresenius Kabi USA, LLC","Fresenius Kabi USA, LLC",63323-280,63323-280-02,INTRAMUSCULAR,Injection,Cardiovascular,HUMAN PRESCRIPTION DRUG,Current,Reverified,04/07/2020,09/15/2026,,Check wholesalers for inventory,"Furosemide, Injection, 10 mg/1 mL (NDC 63323-280-02)"
Bupivacaine Hydrochloride Injection,MARCAINE,"Hospira, Inc.","Hospira, Inc., a Pfizer Company",0409-1530,0409-1530-01,EPIDURAL,Injection,Anesthesia,HUMAN PRESCRIPTION DRUG,Current,Revised,02/20/2018,09/11/2026,,,"Marcaine, Injection, 150 mg/30 mL (5 mg/mL) (NDC 0409-1530-01)"
Ramelteon Tablet,ROZEREM,"Takeda Pharmaceuticals America, Inc.",Takeda Pharmaceuticals USA Inc.,64764-805,64764-805-10,ORAL,Tablet,Psychiatry,HUMAN PRESCRIPTION DRUG,To Be Discontinued,New,03/19/2026,03/19/2026,03/19/2026,Product is expected to be available through February 2027.,"Rozerem, Tablet, 8 mg (NDC 64764-805-10)"
Lidocaine Hydrochloride Injection,XYLOCAINE,"Fresenius Kabi USA, LLC","Fresenius Kabi USA, LLC",63323-484,63323-484-57,INFILTRATION,Injection,Anesthesia,HUMAN PRESCRIPTION DRUG,Current,Reverified,02/22/2012,09/15/2026,,Estimated recovery: TBD,"Xylocaine, Injection, 5 mg/1 mL (NDC 63323-484-57)"
Everolimus Tablet,EVEROLIMUS,"Teva Pharmaceuticals USA, Inc.","Teva Pharmaceuticals USA, Inc.",0093-7767,0093-7767-24,ORAL,Tablet,Transplant,HUMAN PRESCRIPTION DRUG,To Be Discontinued,New,03/02/2026,03/02/2026,03/02/2026,Discontinuation of the manufacture of the drug,"Everolimus, Tablet, 5 mg (NDC 0093-7767-24)"
Lisdexamfetamine Dimesylate Capsule,LISDEXAMFETAMINE DIMESYLATE,"Teva Pharmaceuticals, Inc.","Teva Pharmaceuticals USA, Inc.",0480-3565,0480-3565-01,ORAL,Capsule,Psychiatry,HUMAN PRESCRIPTION DRUG,Current,Reverified,07/14/2023,09/15/2026,,,"Lisdexamfetamine Dimesylate, Capsule, 10 mg (NDC 0480-3565-01)"
Etomidate Injection,ETOMIDATE,"Civica, Inc.","Hikma Pharmaceuticals USA, Inc.",72572-160,72572-160-10,INTRAVENOUS,Injection,Anesthesia,HUMAN PRESCRIPTION DRUG,Current,Reverified,10/05/2022,09/03/2026,,Distributed by Civica,"Etomidate, Injection, 2 mg/1 mL (NDC 72572-160-10)"
Amino Acid Injection,PREMASOL - SULFITE-FREE (AMINO ACID),Baxter Healthcare Company,Baxter Healthcare,0338-1130,0338-1130-04,INTRAVENOUS,Injection,Gastroenterology,HUMAN PRESCRIPTION DRUG,Current,Reverified,12/08/2020,09/17/2026,,,"Premasol 10% Sulfite Free in VIAFLEX Plastic Container, Injection, 0.1 (NDC 0338-1130-04)"
Riluzole Oral Suspension,TIGLUTIK,"EDW PHARMA, INC","EDW Pharma, Inc. (formerly Italfarmaco Pharma, Inc.)",70726-0303,70726-0303-1,ORAL,Oral Suspension,Neurology,HUMAN PRESCRIPTION DRUG,Current,Reverified,01/26/2024,09/15/2026,,Estimated recovery: TBD,"Tiglutik, Oral Suspension, 50 mg/10 mL (NDC 70726-0303-1)"
"Amphetamine Aspartate Monohydrate, Amphetamine Sulfate, Dextroamphetamine Saccharate, Dextroamphetamine Sulfate Tablet","DEXTROAMPHETAMINE SACCHARATE, AMPHETAMINE ASPARTATE, DEXTROAMPHETAMINE SULFATE AND AMPHETAMINE SULFATE","Teva Pharmaceuticals USA, Inc.","Teva Pharmaceuticals USA, Inc.",0555-0973,0555-0973-02,ORAL,Tablet,Psychiatry,HUMAN PRESCRIPTION DRUG,Current,Revised,10/12/2022,09/15/2026,,Estimated recovery: TBD,"Amphetamine Aspartate Monohydrate, Amphetamine Sulfate, Dextroamphetamine Saccharate, Dextroamphetamine Sulfate, Tablet, 5 mg; 5 mg; 5 mg; 5 mg (NDC 0555-0973-02)"
Furosemide Injection,FUROSEMIDE,"Hospira, Inc.","Hospira, Inc., a Pfizer Company",0409-6102,0409-6102-02,INTRAMUSCULAR,Injection,Cardiovascular,HUMAN PRESCRIPTION DRUG,Current,Reverified,04/07/2020,09/09/2026,,,"Furosemide, Injection, 20 mg/2 mL (10 mg/1 mL) (NDC 0409-6102-02)"
Methotrexate Sodium Injection,METHOTREXATE,"Fresenius Kabi USA, LLC","Fresenius Kabi USA, LLC",63323-123,63323-123-10,INTRA-ARTERIAL,Injection,Rheumatology,HUMAN PRESCRIPTION DRUG,Current,Reverified,03/13/2023,09/15/2026,,Check wholesaler for inventory,"Methotrexate Sodium, Injection, 25 mg/1 mL (NDC 63323-123-10)"
Flurazepam Hydrochloride Capsule,FLURAZEPAM HYDROCHLORIDE,"Chartwell RX, LLC",Chartwell Molecular Holdings LLC,62135-737,62135-737-90,ORAL,Capsule,Neurology,HUMAN PRESCRIPTION DRUG,Current,Reverified,08/03/2022,09/15/2026,,,"Flurazepam Hydrochloride, Capsule, 30 mg (NDC 62135-737-90)"
Carboplatin Injection,CARBOPLATIN,Apotex Corp.,Teyro Labs,60505-6282,60505-6282-3,INTRAVENOUS,Injection,Oncology,HUMAN PRESCRIPTION DRUG,To Be Discontinued,New,06/01/2026,06/01/2026,06/01/2026,Wholesaler & Distributor through Marketing partner (Apotex Inc.); Discontinuation of the manufacture of the drug,"Carboplatin, Injection, 150 mg/15 mL (10 mg/mL) Multiple Dose Vial (NDC 60505-6282-3)"
Ropivacaine Hydrochloride Injection,NAROPIN,"Fresenius Kabi USA, LLC","Fresenius Kabi USA, LLC",63323-287,63323-287-21,EPIDURAL,Injection,Anesthesia,HUMAN PRESCRIPTION DRUG,Current,Reverified,03/23/2018,09/15/2026,,Check wholesalers for inventory,"Naropin, Injection, 7.5 mg/1 mL (NDC 63323-287-21)"
Lisdexamfetamine Dimesylate Capsule,LISDEXAMFETAMINE DIMESYLATE,Apotex Corp.,Apotex Corp.,60505-4741,60505-4741-1,ORAL,Capsule,Psychiatry,HUMAN PRESCRIPTION DRUG,Current,Reverified,11/01/2023,09/16/2026,,,"Lisdexamfetamine Dimesylate, Capsule, 30 mg (NDC 60505-4741-1)"
Hydromorphone Hydrochloride Injection,HYDROMORPHONE HYDROCHLORIDE,"Hospira, Inc.","Hospira, Inc., a Pfizer Company",0409-1312,0409-1312-30,INTRAMUSCULAR,Injection,Analgesia/Addiction,HUMAN PRESCRIPTION DRUG,Current,Reverified,10/31/2017,09/09/2026,,,"Hydromorphone Hydrochloride, Injection, 2 mg/1 mL Syringes (NDC 0409-1312-30)"
"Metoprolol Succinate Tablet, Extended Release",METOPROLOL SUCCINATE,"Actavis Pharma, Inc.","Teva Pharmaceuticals USA, Inc.",45963-677,45963-677-96,ORAL,Tablet,Cardiovascular,HUMAN PRESCRIPTION DRUG,To Be Discontinued,New,08/31/2026,08/31/2026,08/31/2026,A business decision was made to discontinue manufacture of the drug.,"Metoprolol Succinate, Tablet, Extended Release, 100 mg (NDC 45963-677-96)"
Furosemide Injection,FUROSEMIDE,"Hospira, Inc.","Hospira, Inc., a Pfizer Company",0409-6102,0409-6102-10,INTRAMUSCULAR,Injection,Cardiovascular,HUMAN PRESCRIPTION DRUG,Current,Reverified,04/07/2020,09/09/2026,,,"Furosemide, Injection, 100 mg/ 10mL (10 mg/1 mL) (NDC 0409-6102-10)"
Amino Acid Injection,,Baxter Healthcare,Baxter Healthcare,,0338-0502-06,,Injection,Gastroenterology,,Current,Reverified,12/08/2020,09/17/2026,,,"Clinisol 15% Sulfite Free In Plastic Container, Injection, 0.15 (NDC 0338-0502-06)"
Sufentanil Citrate Injection,,"Hikma Pharmaceuticals USA, Inc.","Hikma Pharmaceuticals USA, Inc.",,17478-050-05,,Injection,Analgesia/Addiction,,Current,Revised,05/03/2022,09/03/2026,,Not currently manufactured,"Sufentanil Citrate, Injection, 50 mcg/1 mL (NDC 17478-050-05)"
"Lisdexamfetamine Dimesylate Tablet, Chewable",LISDEXAMFETAMINE DIMESYLATE,Novadoz Pharmaceuticals LLC,Novadoz Pharmaceuticals LLC,72205-132,72205-132-91,ORAL,"Tablet, Chewable",Psychiatry,HUMAN PRESCRIPTION DRUG,Current,Reverified,07/14/2023,09/16/2026,,,"Lisdexamfetamine Dimesylate, Tablet, Chewable, 10 mg (NDC 72205-132-91)"
Lidocaine Hydrochloride Injection,LIDOCAINE HYDROCHLORIDE,"Avenacy, LLC",Anthea Pharma,83634-651,83634-651-50,INFILTRATION,Injection,Anesthesia,HUMAN PRESCRIPTION DRUG,Current,Reverified,02/22/2012,09/15/2026,,"Distributed by Avenacy, LLC","Lidocaine Hydrochloride, Injection, 500 mg/50 mL (NDC 83634-651-50)"
Omeprazole Delayed Release Capsule,OMEPRAZOLE,Sandoz Inc,Sandoz Inc.,0781-2234,0781-2234-10,ORAL,,Gastroenterology,HUMAN PRESCRIPTION DRUG,To Be Discontinued,New,10/09/2025,10/09/2025,10/09/2025,Discontinuation of the manufacture of the drug,"Omeprazole, Delayed Release Capsule, 40 mg (NDC 0781-2234-10)"
Ketorolac Tromethamine Injection,KETOROLAC TROMETHAMINE,"Hospira, Inc.","Hospira, Inc., a Pfizer Company",0409-3796,0409-3796-25,INTRAMUSCULAR,Injection,Analgesia/Addiction,HUMAN PRESCRIPTION DRUG,Current,Revised,03/26/2018,09/09/2026,,Next Estimated Delivery and Estimated Recovery: December 2027; Shortage per Manufacturer: Manufacturing Delay,"Ketorolac Tromethamine, Injection, 60 mg/2 mL (30 mg/mL) (NDC 0409-3796-25)"
Clonazepam Tablet,CLONAZEPAM,Advagen Pharma Ltd,Rubicon Research Private Limited,72888-153,72888-153-01,ORAL,Tablet,Neurology,HUMAN PRESCRIPTION DRUG,Current,Reverified,03/27/2023,06/01/2026,,Marketed by Advagen Pharma Ltd.,"Clonazepam, Tablet, 1 mg (NDC 72888-153-01)"
Semaglutide Tablet,RYBELSUS,"Novo Nordisk Pharmaceutical Industries, LP","Novo Nordisk, Inc.",0169-4303,0169-4303-30,ORAL,Tablet,Endocrinology/Metabolism,HUMAN PRESCRIPTION DRUG,To Be Discontinued,New,06/04/2026,06/04/2026,06/04/2026,Discontinuation of the manufacture of the drug. These products will be replaced by Ozempic (semaglutide) tablets.,"Rybelsus, Tablet, 3 mg (NDC 0169-4303-30)"
Lisdexamfetamine Dimesylate Capsule,LISDEXAMFETAMINE DIMESYLATE,SpecGx LLC,SpecGx LLC,0406-5111,0406-5111-01,ORAL,Capsule,Psychiatry,HUMAN PRESCRIPTION DRUG,Current,Reverified,07/14/2023,08/20/2026,,,"Lisdexamfetamine Dimesylate, Capsule, 10 mg (NDC 0406-5111-01)"
Imipenem and Cilastatin Injection,PRIMAXIN IV,Merck Sharp & Dohme LLC,Merck Sharp & Dohme Corp.,0006-3516,0006-3516-59,INTRAVENOUS,Injection,Anti-Infective,HUMAN PRESCRIPTION DRUG,To Be Discontinued,New,01/08/2026,01/08/2026,01/08/2026,To be discontinued in approximately Q4 2026.,"Primaxin, Injection, 500mg (NDC 0006-3516-59)"
Midazolam Hydrochloride Injection,MIDAZOLAM,Hikma Pharmaceuticals USA Inc.,"Hikma Pharmaceuticals USA, Inc.",0641-6061,0641-6061-25,INTRAMUSCULAR,Injection,Anesthesia,HUMAN PRESCRIPTION DRUG,Current,Revised,04/02/2020,09/03/2026,,Additional lots are scheduled to be manufactured.  Product will be made available as it is released.,"Midazolam Hydrochloride, Injection, 5 mg/1 mL (NDC 0641-6061-25)"
Hydromorphone Hydrochloride Injection,HYDROMORPHONE HYDROCHLORIDE,"Hospira, Inc.","Hospira, Inc., a Pfizer Company",0409-1283,0409-1283-37,INTRAMUSCULAR,Injection,Analgesia/Addiction,HUMAN PRESCRIPTION DRUG,Current,Revised,10/31/2017,09/09/2026,,Next Delivery: January 2027; Estimated Recovery: March 2027; Shortage per Manufacturer: Manufacturing Delay,"Hydromorphone Hydrochloride, Injection, 1 mg/1 mL (NDC 0409-1283-37)"
Clonazepam Tablet,CLONAZEPAM,Accord Healthcare Inc.,Accord Healthcare Inc.,16729-136,16729-136-16,ORAL,Tablet,Neurology,HUMAN PRESCRIPTION DRUG,Current,Reverified,03/10/2023,09/15/2026,,,"Clonazepam, Tablet, .5 mg (NDC 16729-136-16)"
Sterile Water Irrigant,,Otsuka ICU Medical LLC,Otsuka ICU Medical LLC,,0990-6139-03,,Irrigant,Gastroenterology,,Current,Reverified,04/28/2023,09/16/2026,,"Product temporarily unavailable. Estimated recovery: TBD. This product is distributed by ICU Medical. For questions regarding this product, please contact ICU Medical.","Sterile Water In Plastic Container, Irrigant, 1 mL/1 mL (NDC 0990-6139-03)"
Lisdexamfetamine Dimesylate Capsule,LISDEXAMFETAMINE DIMESYLATE,"Teva Pharmaceuticals, Inc.","Teva Pharmaceuticals USA, Inc.",0480-3564,0480-3564-01,ORAL,Capsule,Psychiatry,HUMAN PRESCRIPTION DRUG,Current,Reverified,07/14/2023,09/15/2026,,,"Lisdexamfetamine Dimesylate, Capsule, 70 mg (NDC 0480-3564-01)"
"Lamotrigine Tablet, Extended Release",LAMOTRIGINE EXTENDED RELEASE,"Par Health USA, LLC","Par Health, Inc.",49884-605,49884-605-11,ORAL,Tablet,Neurology,HUMAN PRESCRIPTION DRUG,To Be Discontinued,New,04/29/2026,04/29/2026,04/29/2026,Discontinuation of the manufacture of the drug,"Lamotrigine, Tablet, Extended Release, 300 mg (NDC 49884-605-11)"
Nebivolol Hydrochloride Tablet,,Torrent Pharmaceuticals Limited,Torrent Pharmaceuticals Limited,,13668-355-30,,Tablet,Cardiovascular,,To Be Discontinued,New,03/25/2026,03/25/2026,03/25/2026,Discontinuation of the manufacture of the drug,"Nebivolol Hydrochloride, Tablet, 10 mg (NDC 13668-355-30)"
Icosapent Ethyl Capsule,,Apotex Corp.,Apotex Corp.,,60429-005-12,,Capsule,Cardiovascular,,To Be Discontinued,New,04/01/2026,04/01/2026,04/01/2026,Discontinuation of the manufacture of the drug,"Icosapent Ethyl, Capsule, 1 g (NDC 60429-005-12)"
Cromolyn Sodium Concentrate,CROMOLYN SODIUM,"Rising Pharma Holdings, Inc.","Rising Pharma Holdings, Inc.",16571-600,16571-600-96,ORAL,Concentrate,Pulmonary/Allergy,HUMAN PRESCRIPTION DRUG,Current,Reverified,11/03/2023,09/01/2026,,,"Cromolyn Sodium, Concentrate, 100 mg/5 mL (NDC 16571-600-96)"
Verapamil Hydrochloride Injection,,Pfizer Inc.,Pfizer Inc.,,0409-9633-05,,Injection,Cardiovascular,,To Be Discontinued,New,11/21/2025,11/21/2025,11/21/2025,Discontinuation of the manufacture of the drug,"Verapamil Hydrochloride, Injection, 2.5 mg/1 mL (NDC 0409-9633-05)"
"Amphetamine Aspartate Monohydrate, Amphetamine Sulfate, Dextroamphetamine Saccharate, Dextroamphetamine Sulfate Tablet","DEXTROAMPHETAMINE SACCHARATE, AMPHETAMINE ASPARTATE, DEXTROAMPHETAMINE SULFATE AND AMPHETAMINE SULFATE",Granules Pharmaceuticals Inc.,Granules Pharmaceuticals Inc.,70010-113,70010-113-01,ORAL,Tablet,Psychiatry,HUMAN PRESCRIPTION DRUG,Current,Reverified,10/12/2022,08/18/2026,,Estimated recovery: October 2026,"Amphetamine Aspartate Monohydrate, Amphetamine Sulfate, Dextroamphetamine Saccharate, Dextroamphetamine Sulfate, Tablet, 2.5 mg; 2.5 mg; 2.5 mg; 2.5 mg (NDC 70010-113-01)"
Lidocaine Hydrochloride Injection,LIDOCAINE HYDROCHLORIDE,Eugia US LLC,Eugia US LLC,55150-252,55150-252-20,INFILTRATION,Injection,Anesthesia,HUMAN PRESCRIPTION DRUG,Current,Revised,06/13/2018,09/03/2026,,On backorder. Recovery: TBD. Check wholesalers for inventory,"Lidocaine Hydrochloride, Injection, 10 mg/mL (NDC 55150-252-20)"
Atropine Sulfate Injection,ATROPINE SULFATE,"Fresenius Kabi USA, LLC","Fresenius Kabi USA, LLC",63323-580,63323-580-20,ENDOTRACHEAL,Injection,Anesthesia,HUMAN PRESCRIPTION DRUG,Current,Reverified,01/01/2012,09/01/2026,,Check wholesalers for inventory,"Atropine Sulfate, Injection, .4 mg/1 mL (NDC 63323-580-20)"
Lidocaine Hydrochloride Injection,XYLOCAINE,"Fresenius Kabi USA, LLC","Fresenius Kabi USA, LLC",63323-486,63323-486-27,INFILTRATION,Injection,Anesthesia,HUMAN PRESCRIPTION DRUG,Current,Revised,02/22/2012,09/15/2026,,Next release October 2026. Check wholesalers for inventory.,"Xylocaine, Injection, 20 mg/1 mL (NDC 63323-486-27)"
Dextrose Monohydrate 5% Injection,DEXTROSE,Baxter Healthcare Corporation,Baxter Healthcare,0338-0017,0338-0017-03,INTRAVENOUS,Injection,Endocrinology/Metabolism,HUMAN PRESCRIPTION DRUG,Current,Reverified,02/14/2022,09/17/2026,,,"Dextrose 5% In Plastic Container, Injection, 50 g/1000 mL (NDC 0338-0017-03)"
Bupivacaine Hydrochloride Injection,MARCAINE,"Hospira, Inc.","Hospira, Inc., a Pfizer Company",0409-2253,0409-2253-01,EPIDURAL,Injection,Anesthesia,HUMAN PRESCRIPTION DRUG,Current,Reverified,02/20/2018,09/09/2026,,Historical NDC: 0409-1582-29,"Marcaine, Injection, Marcaine 225 mg/30 mL (7.5 mg/mL) (NDC 0409-2253-01)"
"Methylphenidate Hydrochloride Tablet, Extended Release",RELEXXII,"Vertical Pharmaceuticals, LLC","Vertical Pharmaceuticals, LLC",68025-095,68025-095-10,ORAL,Tablet,Psychiatry,HUMAN PRESCRIPTION DRUG,Current,Reverified,07/26/2023,09/16/2026,,,"Relexxii, Tablet, Extended Release, 18 mg (NDC 68025-095-10)"
Acetaminophen; Oxycodone Hydrochloride Tablet,ENDOCET,"Par Health USA, LLC","Endo Pharmaceuticals, Inc.",60951-602,60951-602-70,ORAL,Tablet,Analgesia/Addiction,HUMAN PRESCRIPTION DRUG,To Be Discontinued,New,11/03/2025,11/03/2025,11/03/2025,Discontinuation of the manufacture of the drug,"Acetaminophen; Oxycodone Hydrochloride, Tablet, 325 mg; 5 mg (NDC 60951-602-70)"
Rocuronium Bromide Injection,ROCURONIUM BROMIDE,Meitheal Pharmaceuticals Inc.,"Meitheal Pharmaceuticals, Inc.",71288-700,71288-700-06,INTRAVENOUS,Injection,Anesthesia,HUMAN PRESCRIPTION DRUG,Current,Reverified,02/15/2023,08/27/2026,,,"Rocuronium Bromide, Injection, 10 mg/1 mL (NDC 71288-700-06)"
Acetaminophen; Oxycodone Hydrochloride Tablet,ENDOCET,"Par Health USA, LLC","Endo Pharmaceuticals, Inc.",60951-602,60951-602-85,ORAL,Tablet,Analgesia/Addiction,HUMAN PRESCRIPTION DRUG,To Be Discontinued,New,11/03/2025,11/03/2025,11/03/2025,Discontinuation of the manufacture of the drug,"Acetaminophen; Oxycodone Hydrochloride, Tablet, 325 mg; 5 mg (NDC 60951-602-85)"
Dexmedetomidine Hydrochloride Injection,DEXMEDETOMIDINE,Accord Healthcare Inc.,Accord Healthcare Inc.,16729-239,16729-239-93,INTRAVENOUS,Injection,Anesthesia,HUMAN PRESCRIPTION DRUG,To Be Discontinued,New,04/21/2026,04/21/2026,04/21/2026,Discontinuation of the manufacture of the drug,"Dexmedetomidine Hydrochloride, Injection, 100 ug/1 mL (NDC 16729-239-93)"
Bupivacaine Hydrochloride Injection,SENSORCAINE,"Fresenius Kabi USA, LLC","Fresenius Kabi USA, LLC",63323-467,63323-467-57,PERINEURAL,Injection,Anesthesia,HUMAN PRESCRIPTION DRUG,Current,Reverified,02/20/2018,09/15/2026,,Check wholesalers for inventory,"Sensorcaine, Injection, 5 mg/1 mL (NDC 63323-467-57)"
Meperidine Hydrochloride Injection,MEPERIDINE HYDROCHLORIDE,Hikma Pharmaceuticals USA Inc.,"Hikma Pharmaceuticals USA, Inc.",0641-6053,0641-6053-25,INTRAMUSCULAR,Injection,Analgesia/Addiction,HUMAN PRESCRIPTION DRUG,Current,Reverified,05/30/2025,09/03/2026,,Additional lots are scheduled to be manufactured.  Product will be made available as it is released.,"Meperidine Hydrochloride, Injection, 50 mg/1 mL (NDC 0641-6053-25)"
Lincomycin Hydrochloride Injection,,"XGen Pharmaceuticals DJB, Inc.","XGen Pharmaceuticals DJB, Inc.",,39822-0355-6,,Injection,Anti-Infective,,To Be Discontinued,New,03/26/2026,03/26/2026,03/26/2026,A business decision was made to discontinue manufacture of the drug.,"Lincomycin Hydrochloride, Injection, 3 grams/10 mL vial x 10 count (NDC 39822-0355-6)"
"Potassium Chloride Tablet, Extended Release",POTASSIUM CHLORIDE,"Actavis Pharma, Inc.","Teva Pharmaceuticals USA, Inc.",62037-720,62037-720-01,ORAL,Tablet,Endocrinology/Metabolism,HUMAN PRESCRIPTION DRUG,To Be Discontinued,New,11/21/2025,11/21/2025,11/21/2025,Discontinuation of the manufacture of the drug,"Potassium Chloride, Tablet, Extended Release, 20 meq (NDC 62037-720-01)"
Liraglutide Injection,SAXENDA,"Novo Nordisk Pharmaceutical Industries, LP","Novo Nordisk, Inc.",0169-2800,0169-2800-15,SUBCUTANEOUS,Injection,Endocrinology/Metabolism,HUMAN PRESCRIPTION DRUG,To Be Discontinued,New,08/25/2026,08/25/2026,08/25/2026,Product will be available until discontinuation in January 2027; Discontinuation of the manufacture of the drug,"Saxenda, Injection, 6 mg/1 mL (NDC 0169-2800-15)"
Dexmedetomidine Hydrochloride Injection,,"Fresenius Kabi USA, LLC","Fresenius Kabi USA, LLC",,63323-671-00,,Injection,Anesthesia,,Current,Reverified,04/10/2020,09/15/2026,,Expected recovery: TBD,"Dexmedetomidine Hydrochloride, Injection, 4 ug/1 mL (NDC 63323-671-00)"
Bupivacaine Hydrochloride Injection,BUPIVACAINE HYDROCHLORIDE,Eugia US LLC,Eugia US LLC,55150-172,55150-172-30,EPIDURAL,Injection,Anesthesia,HUMAN PRESCRIPTION DRUG,Current,Reverified,02/20/2018,09/17/2026,,Check wholesalers for inventory,"Bupivacaine Hydrochloride, Injection, 7.5 mg/1 mL (NDC 55150-172-30)"
"Methylphenidate Hydrochloride Tablet, Extended Release",METHYLPHENIDATE HYDROCHLORIDE,"Trigen Laboratories, LLC","Trigen Laboratories, LLC",13811-700,13811-700-30,ORAL,Tablet,Psychiatry,HUMAN PRESCRIPTION DRUG,Current,Reverified,07/26/2023,09/16/2026,,Allocation to current contracted customers,"Methylphenidate Hydrochloride, Tablet, Extended Release, 63 mg (NDC 13811-700-30)"
Lisdexamfetamine Dimesylate Capsule,LISDEXAMFETAMINE DIMESYLATE,Rhodes Pharmaceuticals LLC,Rhodes Pharmaceuticals L.P.,42858-163,42858-163-01,ORAL,Capsule,Psychiatry,HUMAN PRESCRIPTION DRUG,Current,Revised,07/14/2023,06/24/2026,,Estimated recovery: TBD,"Lisdexamfetamine Dimesylate, Capsule, 30 mg (NDC 42858-163-01)"
Promethazine Hydrochloride Injection,PROMETHAZINE HYDROCHLORIDE,Hikma Pharmaceuticals USA Inc.,"Hikma Pharmaceuticals USA, Inc.",0641-1495,0641-1495-35,INTRAMUSCULAR,Injection,Analgesia/Addiction,HUMAN PRESCRIPTION DRUG,Current,Revised,11/21/2023,09/03/2026,,Additional lots will be available in the October 2026 timeframe.  Product will be made available as it is released.,"Promethazine Hydrochloride, Injection, 25 mg/1 mL (NDC 0641-1495-35)"
Lisdexamfetamine Dimesylate Capsule,LISDEXAMFETAMINE DIMESYLATE,"Sun Pharmaceutical Industries, Inc.","Sun Pharmaceutical Industries, Inc.",57664-048,57664-048-88,ORAL,Capsule,Psychiatry,HUMAN PRESCRIPTION DRUG,Current,Revised,07/14/2023,08/27/2026,,Estimated recovery: TBD,"Lisdexamfetamine Dimesylate, Capsule, 20 mg (NDC 57664-048-88)"
Dopamine Hydrochloride Injection,DOPAMINE HYDROCHLORIDE,Hikma Pharmaceuticals USA Inc.,"Hikma Pharmaceuticals USA, Inc.",0143-9254,0143-9254-25,INTRAVENOUS,Injection,Cardiovascular,HUMAN PRESCRIPTION DRUG,Current,Revised,11/06/2017,09/03/2026,,Additional lots will be available in the October 2026 timeframe.  Product will be made available as it is released.,"Dopamine Hydrochloride, Injection, 40 mg/1 mL (NDC 0143-9254-25)"
Busulfan Injection,,"Mylan Institutional, a Viatris Company","Mylan Institutional, a Viatris Company",,67457-893-08,,Injection,Hematology,,To Be Discontinued,New,10/24/2025,10/24/2025,10/24/2025,Discontinuation of the manufacture of the drug.,"Busulfan, Injection, 6 mg/1 mL (NDC 67457-893-08)"
Morphine Sulfate Injection,MORPHINE SULFATE,"Fresenius Kabi USA, LLC","Fresenius Kabi USA, LLC",63323-454,63323-454-01,INTRAMUSCULAR,Injection,Analgesia/Addiction,HUMAN PRESCRIPTION DRUG,Current,Reverified,10/31/2017,09/15/2026,,Next release October 2026. Check wholesalers for inventory.,"Morphine Sulfate, Injection, 4 mg/1 mL (NDC 63323-454-01)"
Lisdexamfetamine Dimesylate Capsule,LISDEXAMFETAMINE DIMESYLATE,Hikma Pharmaceuticals USA Inc.,"Hikma Pharmaceuticals USA, Inc.",0054-0370,0054-0370-25,ORAL,Capsule,Psychiatry,HUMAN PRESCRIPTION DRUG,Current,Reverified,07/14/2023,09/03/2026,,Available on allocation,"Lisdexamfetamine Dimesylate, Capsule, 20 mg (NDC 0054-0370-25)"
Atropine Sulfate Injection,ATROPINE SULFATE,"Somerset Therapeutics, LLC","Somerset Therapeutics, LLC",70069-641,70069-641-25,INTRAVENOUS,Injection,Anesthesia,HUMAN PRESCRIPTION DRUG,Current,Reverified,01/01/2012,09/11/2026,,,"Atropine Sulfate, Injection, 1 mg/1 mL (NDC 70069-641-25)"
Lisdexamfetamine Dimesylate Capsule,LISDEXAMFETAMINE DIMESYLATE,Hikma Pharmaceuticals USA Inc.,"Hikma Pharmaceuticals USA, Inc.",0054-0371,0054-0371-25,ORAL,Capsule,Psychiatry,HUMAN PRESCRIPTION DRUG,Current,Reverified,07/14/2023,09/03/2026,,Available on allocation,"Lisdexamfetamine Dimesylate, Capsule, 30 mg (NDC 0054-0371-25)"
"Fluticasone Propionate and Salmeterol Xinafoate Aerosol, Metered",ADVAIR HFA,GlaxoSmithKline LLC,GlaxoSmithKline,0173-0717,0173-0717-22,RESPIRATORY (INHALATION),,Pulmonary/Allergy,HUMAN PRESCRIPTION DRUG,To Be Discontinued,New,07/27/2026,07/27/2026,07/27/2026,"The anticipated date that GSK will cease distribution of the presentation is approximately December 31, 2026.  The 120 dose presentation of this product will still be available.","Advair HFA, Aerosol, Metered, 230 ug; 21 ug (NDC 0173-0717-22)"
Clindamycin Palmitate Hydrochloride Injection,CLINDAMYCIN PALMITATE HYDROCHLORIDE (PEDIATRIC),Amneal Pharmaceuticals of New York LLC,Amneal Pharmaceuticals,53746-468,53746-468-19,ORAL,Injection,Anti-Infective,HUMAN PRESCRIPTION DRUG,To Be Discontinued,New,02/27/2026,02/27/2026,02/27/2026,Discontinuation of the manufacture of the drug,"Clindamycin Palmitate Hydrochloride, Injection, 75 mg/5 mL (NDC 53746-468-19)"
Propranolol Hydrochloride Injection,PROPRANOLOL,"Fresenius Kabi USA, LLC","Fresenius Kabi USA, LLC",63323-604,63323-604-01,INTRAVENOUS,Injection,Cardiovascular,HUMAN PRESCRIPTION DRUG,Current,Reverified,10/31/2023,09/15/2026,,Check wholesalers for inventory,"Propranolol Hydrochloride, Injection, 1 mg/1 mL (NDC 63323-604-01)"
"Methylphenidate Hydrochloride Tablet, Extended Release",,"Sun Pharmaceutical Industries, Inc.","Sun Pharmaceutical Industries, Inc.",,57664-607-88,,Tablet,Psychiatry,,Current,Revised,07/26/2023,08/27/2026,,Currently not marketed,"Methylphenidate Hydrochloride, Tablet, Extended Release, 27 mg (NDC 57664-607-88)"
Sodium Bicarbonate Injection,SODIUM BICARBONATE,"Exela Pharma Sciences, LLC","Exela Pharma Sciences, LLC",51754-5012,51754-5012-4,INTRAVENOUS,Injection,Endocrinology/Metabolism,HUMAN PRESCRIPTION DRUG,Current,Reverified,07/24/2017,09/15/2026,,,"Sodium Bicarbonate, Injection, 42 mg/1 mL (NDC 51754-5012-4)"
Lopinavir and Ritonavir Tablet,KALETRA,AbbVie Inc.,AbbVie Inc.,0074-3008,0074-3008-60,ORAL,Tablet,Antiviral,HUMAN PRESCRIPTION DRUG,To Be Discontinued,New,07/24/2026,07/24/2026,07/24/2026,Discontinuation of the manufacture of the drug,"Kaletra, Tablet, 100 mg; 25 mg (NDC 0074-3008-60)"
"Epinephrine Bitartrate, Lidocaine Hydrochloride Injection",LIDOCAINE HYDROCHLORIDE AND EPINEPHRINE,"Hospira, Inc.","Hospira, Inc., a Pfizer Company",0409-3178,0409-3178-03,INFILTRATION,Injection,Anesthesia,HUMAN PRESCRIPTION DRUG,Current,Reverified,02/22/2012,09/09/2026,,,"Lidocaine Hydrochloride And Epinephrine, Injection, 500 mg/50 mL (1%; 1:100,000) (NDC 0409-3178-03)"
"Calcium Chloride; Dextrose; Magnesium Chloride; Sodium Chloride; Sodium Lactate Intraperitoneal Injection, Solution",DIANEAL PD-2 WITH DEXTROSE,Vantive US Healthcare LLC,Vantive US Healthcare LLC,0941-0413,0941-0413-07,INTRAPERITONEAL,Solution,Renal,HUMAN PRESCRIPTION DRUG,To Be Discontinued,New,08/03/2026,08/03/2026,08/03/2026,A business decision was made to discontinue manufacture of the drug.,"DIANEAL PD-2 with Dextrose, Intraperitoneal Injection, Solution, 25.7 mg/100 mL; 2.5 g/100 mL; 5.08 mg/100 mL; 538 mg/100 mL; 448 mg/100 mL (NDC 0941-0413-07)"
Omeprazole Delayed Release Capsule,OMEPRAZOLE,Sandoz Inc,Sandoz Inc.,0781-2868,0781-2868-10,ORAL,,Gastroenterology,HUMAN PRESCRIPTION DRUG,To Be Discontinued,New,10/09/2025,10/09/2025,10/09/2025,Discontinuation of the manufacture of the drug,"Omeprazole, Delayed Release Capsule, 20 mg (NDC 0781-2868-10)"
"Amphetamine Aspartate Monohydrate, Amphetamine Sulfate, Dextroamphetamine Saccharate, Dextroamphetamine Sulfate Tablet","DEXTROAMPHETAMINE SACCHARATE, AMPHETAMINE ASPARTATE, DEXTROAMPHETAMINE SULFATE AND AMPHETAMINE SULFATE","Aurolife Pharma, LLC",Aurobindo Pharma USA,13107-069,13107-069-01,ORAL,Tablet,Psychiatry,HUMAN PRESCRIPTION DRUG,Current,Reverified,10/12/2022,07/21/2026,,Estimated availability: October 2026,"Amphetamine Aspartate Monohydrate, Amphetamine Sulfate, Dextroamphetamine Saccharate, Dextroamphetamine Sulfate, Tablet, 1.875 mg; 1.875 mg; 1.875 mg; 1.875 mg (NDC 13107-069-01)"
Rocuronium Bromide Injection,ROCURONIUM,"Fresenius Kabi USA, LLC","Fresenius Kabi USA, LLC",63323-426,63323-426-05,INTRAVENOUS,Injection,Anesthesia,HUMAN PRESCRIPTION DRUG,Current,Reverified,02/15/2023,09/15/2026,,Next release October 2026. Check wholesalers for inventory.,"Rocuronium Bromide, Injection, 10 mg/1 mL (NDC 63323-426-05)"
"Amphetamine Aspartate Monohydrate, Amphetamine Sulfate, Dextroamphetamine Saccharate, Dextroamphetamine Sulfate Tablet","DEXTROAMPHETAMINE SACCHARATE, AMPHETAMINE ASPARTATE, DEXTROAMPHETAMINE SULFATE AND AMPHETAMINE SULFATE","Aurolife Pharma, LLC",Aurobindo Pharma USA,13107-070,13107-070-01,ORAL,Tablet,Psychiatry,HUMAN PRESCRIPTION DRUG,Current,Reverified,10/12/2022,07/21/2026,,Estimated availability: October 2026,"Amphetamine Aspartate Monohydrate, Amphetamine Sulfate, Dextroamphetamine Saccharate, Dextroamphetamine Sulfate, Tablet, 2.5 mg; 2.5 mg; 2.5 mg; 2.5 mg (NDC 13107-070-01)"
Fentanyl Citrate Injection,FENTANYL CITRATE,Hikma Pharmaceuticals USA Inc.,"Hikma Pharmaceuticals USA, Inc.",0641-6030,0641-6030-01,INTRAVENOUS,Injection,Analgesia/Addiction,HUMAN PRESCRIPTION DRUG,Current,Revised,12/20/2023,09/03/2026,,Additional lots will be scheduled for manufacturing to meet demand.  Product will be made available as it is released.,"Fentanyl Citrate, Injection, 50 mcg/1 mL (NDC 0641-6030-01)"
Carboplatin Injection,CARBOPLATIN,"Teva Parenteral Medicines, Inc.","Teva Pharmaceuticals USA, Inc.",0703-4239,0703-4239-01,INTRAVENOUS,Injection,Oncology,HUMAN PRESCRIPTION DRUG,Current,Revised,04/28/2023,09/15/2026,,Estimated recovery: December 2028,"Carboplatin, Injection, 10 mg/1 mL (NDC 0703-4239-01)"
Peritoneal Dialysis Solution,DELFLEX,"Fresenius Medical Care de Mexico, S.A. de C.V.",Fresenius Medical Care North America,46163-206,46163-206-92,INTRAPERITONEAL,Solution,Renal,HUMAN PRESCRIPTION DRUG,To Be Discontinued,New,03/10/2026,03/10/2026,03/10/2026,"The NDC codes are being discontinued, to be replaced with NDC labeler code #46163.","DELFLEX® w/Dextrose, Solution, 1.5% Low Mg/Low Ca 2L, 5/cs (NDC 46163-206-92)"
"Lisdexamfetamine Dimesylate Tablet, Chewable",VYVANSE,"Takeda Pharmaceuticals America, Inc.",Takeda Pharmaceuticals USA Inc.,59417-120,59417-120-01,ORAL,"Tablet, Chewable",Psychiatry,HUMAN PRESCRIPTION DRUG,Current,Reverified,07/14/2023,09/15/2026,,,"Vyvanse, Tablet, Chewable, 60 mg (NDC 59417-120-01)"
Ropivacaine Hydrochloride Injection,ROPIVACAINE HYDROCHLORIDE,"FRESENIUS KABI USA, LLC","Fresenius Kabi USA, LLC",65219-632,65219-632-20,EPIDURAL,Injection,Anesthesia,HUMAN PRESCRIPTION DRUG,Current,Reverified,03/23/2018,09/15/2026,,,"Naropin, Injection, 2 mg/1 mL (NDC 65219-632-20)"
"Lisdexamfetamine Dimesylate Tablet, Chewable",LISDEXAMFETAMINE DIMESYLATE,"Sun Pharmaceutical Industries, Inc.","Sun Pharmaceutical Industries, Inc.",57664-083,57664-083-88,ORAL,"Tablet, Chewable",Psychiatry,HUMAN PRESCRIPTION DRUG,Current,Revised,07/14/2023,08/27/2026,,,"Lisdexamfetamine Dimesylate, Tablet, Chewable, 10 mg (NDC 57664-083-88)"
Furosemide Injection,FUROSEMIDE,Sagent Pharmaceuticals,Gland Pharma Limited,25021-311,25021-311-10,INTRAMUSCULAR,Injection,Cardiovascular,HUMAN PRESCRIPTION DRUG,To Be Discontinued,New,04/28/2026,04/28/2026,04/28/2026,Distributed by Sagent Pharmaceuticals; Discontinuation of the manufacture of the drug,"Furosemide, Injection, 10 mg/1 mL (NDC 25021-311-10)"
Clindamycin Phosphate Injection,CLINDAMYCIN PHOSPHATE,Baxter Healthcare Company,Baxter Healthcare,0338-9545,0338-9545-50,INTRAVENOUS,Injection,Anti-Infective,HUMAN PRESCRIPTION DRUG,Current,Reverified,03/21/2023,09/17/2026,,,"Clindamycin Phosphate, Injection, 300 mg/50 mL (NDC 0338-9545-50)"
Quinapril Hydrochloride Tablet,,"Lupin Pharmaceuticals, Inc.","Lupin Pharmaceuticals, Inc.",,68180-556-09,,Tablet,Cardiovascular,,Current,Reverified,01/19/2023,09/01/2026,,Estimated recovery: TBD,"Quinapril Hydrochloride, Tablet, 5 mg (NDC 68180-556-09)"
Methylprednisolone Acetate Injection,METHYLPREDNISOLONE ACETATE,Eugia US LLC,Eugia US LLC,55150-313,55150-313-01,INTRA-ARTICULAR,Injection,Rheumatology,HUMAN PRESCRIPTION DRUG,Current,Reverified,12/15/2021,09/17/2026,,On backorder. Recovery: TBD. Check wholesalers for inventory,"Methylprednisolone Acetate, Injection, 40 mg/1 mL (NDC 55150-313-01)"
Tazemetostat Hydrobromide Tablet,TAZVERIK,"Epizyme, Inc.","Epizyme, Inc. (An Ipsen Company)",72607-100,72607-100-00,ORAL,Tablet,Oncology,HUMAN PRESCRIPTION DRUG,To Be Discontinued,New,03/27/2026,03/27/2026,03/27/2026,Discontinuation of the manufacture of the drug product,"Tazverik, Tablet, 200 mg (NDC 72607-100-00)"
"Methylphenidate Hydrochloride Tablet, Extended Release",,"Sun Pharmaceutical Industries, Inc.","Sun Pharmaceutical Industries, Inc.",,57664-608-88,,Tablet,Psychiatry,,Current,Revised,07/26/2023,08/27/2026,,Currently not marketed,"Methylphenidate Hydrochloride, Tablet, Extended Release, 36 mg (NDC 57664-608-88)"
Heparin Sodium Injection,HEPARIN SODIUM,"Hospira, Inc.","Hospira, Inc., a Pfizer Company",0409-2222,0409-2222-12,INTRAVENOUS,Injection,Hematology,HUMAN PRESCRIPTION DRUG,Current,Revised,11/14/2017,09/11/2026,,,"Heparin Sodium, Injection, 2,000 Units/1,000 mL (2 Units/mL) (NDC 0409-2222-12)"
Dextrose Monohydrate 10% Injection,DEXTROSE,"ICU Medical, Inc.",Otsuka ICU Medical LLC,0990-7930,0990-7930-02,INTRAVENOUS,Injection,Endocrinology/Metabolism,HUMAN PRESCRIPTION DRUG,Current,Reverified,03/01/2022,09/16/2026,,"This product is distributed by ICU Medical. For questions regarding this product, please contact ICU Medical.","Dextrose 10% In Plastic Container, Injection, 10 g/100 mL (NDC 0990-7930-02)"
Ropivacaine Hydrochloride Injection,ROPIVACAINE HYDROCHLORIDE,Baxter Healthcare Corporation,"Caplin Steriles, Ltd.",43066-027,43066-027-10,EPIDURAL,Injection,Anesthesia,HUMAN PRESCRIPTION DRUG,Current,Reverified,12/22/2020,06/10/2026,,Check wholesalers for inventory; Marketed by Baxter,"Ropivacaine Hydrochloride, Injection, 10 mg/1 mL (NDC 43066-027-10)"
Morphine Sulfate Injection,MORPHINE SULFATE,"Hospira, Inc.","Hospira, Inc., a Pfizer Company",0409-1891,0409-1891-01,INTRAVENOUS,Injection,Analgesia/Addiction,HUMAN PRESCRIPTION DRUG,Current,Reverified,10/31/2017,09/11/2026,,,"Morphine Sulfate, Injection, 4 mg/1 mL Syringes (NDC 0409-1891-01)"
Bupivacaine Hydrochloride Injection,BUPIVACAINE HYDROCHLORIDE,"Hospira, Inc.","Hospira, Inc., a Pfizer Company",0409-1160,0409-1160-01,INFILTRATION,Injection,Anesthesia,HUMAN PRESCRIPTION DRUG,Current,Reverified,02/20/2018,09/09/2026,,,"Bupivacaine Hydrochloride, Injection, 125 mg/50 mL (2.5 mg/mL) (NDC 0409-1160-01)"
Morphine Sulfate Injection,MORPHINE SULFATE,"Hospira, Inc.","Hospira, Inc., a Pfizer Company",0409-1893,0409-1893-01,INTRAVENOUS,Injection,Analgesia/Addiction,HUMAN PRESCRIPTION DRUG,Current,Revised,10/31/2017,09/11/2026,,Discontinuation of the manufacture of the drug,"Morphine Sulfate, Injection, 10 mg/1 mL Syringes (NDC 0409-1893-01)"
Furosemide Injection,FUROSEMIDE,Eugia US LLC,Eugia US LLC,55150-322,55150-322-25,INTRAMUSCULAR,Injection,Cardiovascular,HUMAN PRESCRIPTION DRUG,Current,Reverified,04/07/2020,09/17/2026,,On backorder. Recovery: TBD. Check wholesalers for inventory,"Furosemide, Injection, 20 mg/2 mL (NDC 55150-322-25)"
Dexamethasone Sodium Phosphate Injection,DEXAMETHASONE SODIUM PHOSPHATE,Mylan Institutional LLC,"Mylan Institutional, a Viatris Company",67457-420,67457-420-10,INTRAMUSCULAR,Injection,Dermatology,HUMAN PRESCRIPTION DRUG,Current,Reverified,02/08/2019,09/17/2026,,,"Dexamethasone Sodium Phosphate, Injection, 10 mg/1 mL (NDC 67457-420-10)"
Rifampin Capsule,RIFAMPIN,"EPIC PHARMA, LLC","Epic Pharma, LLC",42806-799,42806-799-30,ORAL,Capsule,Anti-Infective,HUMAN PRESCRIPTION DRUG,Current,Reverified,12/22/2021,09/15/2026,,Discontinuation of the manufacture of the drug,"Rifampin, Capsule, 300 mg (NDC 42806-799-30)"
Midazolam Hydrochloride Injection,MIDAZOLAM IN SODIUM CHLORIDE,"WG Critical Care, LLC.",WG Critical Care,44567-610,44567-610-10,INTRAVENOUS,Injection,Anesthesia,HUMAN PRESCRIPTION DRUG,Current,Reverified,04/02/2020,09/01/2026,,Please check wholesalers and distributors for inventory.,"Midazolam In 0.9% Sodium Chloride, Injection, 1 mg/1 mL (NDC 44567-610-10)"
Triazolam Tablet,,Pfizer Inc.,Pfizer Inc.,,0009-0017-58,,Tablet,Psychiatry,,To Be Discontinued,New,09/29/2025,09/29/2025,09/29/2025,Discontinuation of the manufacture of the drug.,"Halcion, Tablet, .25 mg (NDC 0009-0017-58)"
Methylprednisolone Acetate Injection,METHYLPREDNISOLONE ACETATE,Eugia US LLC,Eugia US LLC,55150-314,55150-314-01,INTRA-ARTICULAR,Injection,Rheumatology,HUMAN PRESCRIPTION DRUG,Current,Reverified,12/15/2021,09/17/2026,,On backorder. Recovery: TBD. Check wholesalers for inventory,"Methylprednisolone Acetate, Injection, 80 mg/1 mL (NDC 55150-314-01)"
Glycopyrrolate Injection,GLYCOPYRROLATE,"Fresenius Kabi USA, LLC","Fresenius Kabi USA, LLC",65219-801,65219-801-01,INTRAMUSCULAR,Injection,Anesthesia,HUMAN PRESCRIPTION DRUG,To Be Discontinued,New,07/30/2026,07/30/2026,07/30/2026,Discontinuation of the manufacture of the drug,"Glycopyrrolate, Injection, 0.2 mg per 1 mL (NDC 65219-801-01)"
Dexmedetomidine Hydrochloride Injection,DEXMEDETOMIDINE,Meitheal Pharmaceuticals Inc.,"Meitheal Pharmaceuticals, Inc.",71288-505,71288-505-03,INTRAVENOUS,Injection,Anesthesia,HUMAN PRESCRIPTION DRUG,Current,Reverified,04/10/2021,08/27/2026,,,"Dexmedetomidine Hydrochloride, Injection, 100 ug/1 mL (NDC 71288-505-03)"
Rocuronium Bromide Injection,ROCURONIUM BROMIDE,Sandoz Inc,Sandoz Inc.,0781-3220,0781-3220-95,INTRAVENOUS,Injection,Anesthesia,HUMAN PRESCRIPTION DRUG,Current,Reverified,02/15/2023,09/03/2026,,,"Rocuronium Bromide, Injection, 10 mg/1 mL (NDC 0781-3220-95)"
Morphine Sulfate Injection,MITIGO,"Piramal Critical Care, Inc.",Piramal Critical Care Inc.,66794-162,66794-162-02,EPIDURAL,Injection,Analgesia/Addiction,HUMAN PRESCRIPTION DRUG,Current,Reverified,10/31/2017,09/15/2026,,,"Mitigo, Injection, 500 mg/20 mL (NDC 66794-162-02)"
Adalimumab-ryvk Kit,SIMLANDI,"Teva Pharmaceuticals USA, Inc.","Teva Pharmaceuticals USA, Inc.",51759-523,51759-523-21,,,Rheumatology,HUMAN PRESCRIPTION DRUG,To Be Discontinued,New,11/13/2025,11/13/2025,11/13/2025,Discontinuation of the manufacture of the drug,"Simlandi, Kit, Kit (NDC 51759-523-21)"
Morphine Sulfate Injection,DURAMORPH,Hikma Pharmaceuticals USA Inc.,"Hikma Pharmaceuticals USA, Inc.",0641-6019,0641-6019-10,EPIDURAL,Injection,Analgesia/Addiction,HUMAN PRESCRIPTION DRUG,Current,Revised,11/03/2017,09/03/2026,,Additional lots are scheduled to be manufactured. Product will be made available as it is released.,"Duramorph, Injection, 1 mg/1 mL (NDC 0641-6019-10)"
Hydromorphone Hydrochloride Injection,HYDROMORPHONE HYDROCHLORIDE,"Teva Parenteral Medicines, Inc.","Teva Pharmaceuticals USA, Inc.",0703-0110,0703-0110-03,INTRAMUSCULAR,Injection,Analgesia/Addiction,HUMAN PRESCRIPTION DRUG,Current,Reverified,11/01/2017,09/15/2026,,,"Hydromorphone Hydrochloride, Injection, 10 mg/1 mL (NDC 0703-0110-03)"
"Diclofenac Sodium Tablet, Delayed Release",DICLOFENAC SODIUM,"Actavis Pharma, Inc.","Teva Pharmaceuticals USA, Inc.",0228-2551,0228-2551-11,ORAL,Tablet,Musculoskeletal,HUMAN PRESCRIPTION DRUG,To Be Discontinued,New,08/13/2026,08/13/2026,08/13/2026,A business decision was made to discontinue manufacture of the drug.,"Diclofenac Sodium, Tablet, Delayed Release, 75 mg (NDC 0228-2551-11)"
Azacitidine Injection,AZACITIDINE,Armas Pharmaceuticals Inc.,Armas Pharmaceuticals Inc,72485-201,72485-201-01,INTRAVENOUS,Injection,Oncology,HUMAN PRESCRIPTION DRUG,Current,Revised,12/18/2020,06/08/2026,,Estimated recovery: TBD,"Azacitidine, Injection, 100 mg (NDC 72485-201-01)"
Oxaliplatin Injection,,"Fresenius Kabi USA, LLC","Fresenius Kabi USA, LLC",,63323-750-20,,Injection,Oncology,,To Be Discontinued,New,02/25/2026,02/25/2026,02/25/2026,A business decision was made to discontinue manufacture of the drug.,"Oxaliplatin, Injection, 5 mg/mL (NDC 63323-750-20)"
Bupivacaine Hydrochloride Injection,BUPIVACAINE HYDROCHLORIDE,"Camber Pharmaceuticals, Inc.",Aspiro Pharma Limited,31722-276,31722-276-34,EPIDURAL,Injection,Anesthesia,HUMAN PRESCRIPTION DRUG,Current,New,02/20/2018,07/17/2026,,,"Bupivacaine Hydrochloride, Injection, 5 mg/1 mL (NDC 31722-276-34)"
Oxaliplatin Injection,OXALIPLATIN,Sagent Pharmaceuticals,"Jiangsu Hengrui Pharmaceuticals Co., Ltd.",25021-233,25021-233-10,INTRAVENOUS,Injection,Oncology,HUMAN PRESCRIPTION DRUG,To Be Discontinued,New,06/29/2026,06/29/2026,06/29/2026,Marketed by Sagent Pharmaceuticals; Discontinuation of the manufacture of the drug,"Oxaliplatin, Injection, 5 mg/1 mL (NDC 25021-233-10)"
"Amphetamine Aspartate Monohydrate, Amphetamine Sulfate, Dextroamphetamine Saccharate, Dextroamphetamine Sulfate Tablet","DEXTROAMPHETAMINE SACCHARATE, AMPHETAMINE ASPARTATE, DEXTROAMPHETAMINE SULFATE AND AMPHETAMINE SULFATE","Teva Pharmaceuticals USA, Inc.","Teva Pharmaceuticals USA, Inc.",0555-0971,0555-0971-02,ORAL,Tablet,Psychiatry,HUMAN PRESCRIPTION DRUG,Current,Reverified,10/12/2022,09/15/2026,,,"Amphetamine Aspartate Monohydrate, Amphetamine Sulfate, Dextroamphetamine Saccharate, Dextroamphetamine Sulfate, Tablet, 1.25 mg; 1.25 mg; 1.25 mg; 1.25 mg (NDC 0555-0971-02)"
Etomidate Injection,ETOMIDATE,"Fresenius Kabi USA, LLC","Caplin Steriles, Ltd.",65219-447,65219-447-20,INTRAVENOUS,Injection,Anesthesia,HUMAN PRESCRIPTION DRUG,Current,Revised,10/05/2022,06/16/2026,,Check wholesalers for inventory; Marketed by Fresenius Kabi,"Etomidate, Injection, 2mg/mL (NDC 65219-447-20)"
Benztropine Mesylate Injection,BENZTROPINE MESYLATE,"Fresenius Kabi USA, LLC","Fresenius Kabi USA, LLC",63323-970,63323-970-02,INTRAMUSCULAR,Injection,Neurology,HUMAN PRESCRIPTION DRUG,To Be Discontinued,New,01/27/2026,01/27/2026,01/27/2026,Discontinuation of the manufacture of the drug,"Benztropine Mesylate, Injection, 1 mg/1 mL (NDC 63323-970-02)"
Quinapril Hydrochloride Tablet,,Pfizer Inc.,Pfizer Inc.,,0071-0530-23,,Tablet,Cardiovascular,,To Be Discontinued,New,10/01/2025,10/01/2025,10/01/2025,Discontinuation of the manufacture of the drug,"Accupril, Tablet, 10 mg (NDC 0071-0530-23)"
Carboplatin Injection,CARBOPLATIN,"Hospira, Inc.","Hospira, Inc., a Pfizer Company",61703-339,61703-339-50,INTRAVENOUS,Injection,Oncology,HUMAN PRESCRIPTION DRUG,Current,Revised,04/28/2023,09/09/2026,,Limited Supply Available. Next Delivery and Estimated Recovery: September 2026; Shortage per Manufacturer: Manufacturing Delay,"Carboplatin, Injection, 450 mg/45 mL (10 mg/mL) (NDC 61703-339-50)"
Quinapril Hydrochloride Tablet,,Pfizer Inc.,Pfizer Inc.,,0071-0532-23,,Tablet,Cardiovascular,,To Be Discontinued,New,10/01/2025,10/01/2025,10/01/2025,Discontinuation of the manufacture of the drug,"Accupril, Tablet, 20 mg (NDC 0071-0532-23)"
Ketorolac Tromethamine Injection,KETOROLAC TROMETHAMINE,"Fresenius Kabi USA, LLC","Fresenius Kabi USA, LLC",63323-162,63323-162-02,INTRAMUSCULAR,Injection,Analgesia/Addiction,HUMAN PRESCRIPTION DRUG,Current,Revised,03/23/2018,09/15/2026,,Next release October 2026. Check wholesalers for inventory.,"Ketorolac Tromethamine, Injection, 30 mg/1 mL (NDC 63323-162-02)"
Dobutamine Hydrochloride Injection,DOBUTAMINE HYDROCHLORIDE IN DEXTROSE,Baxter Healthcare Corporation,Baxter Healthcare,0338-1073,0338-1073-02,INTRAVENOUS,Injection,Cardiovascular,HUMAN PRESCRIPTION DRUG,Current,Reverified,11/06/2017,09/17/2026,,,"Dobutamine Hydrochloride In Dextrose 5% In Plastic Container, Injection, 100 mg/100 mL (NDC 0338-1073-02)"
Spironolactone Tablet,ALDACTONE,Pfizer Laboratories Div Pfizer Inc,Pfizer Inc.,0025-1031,0025-1031-31,ORAL,Tablet,Cardiovascular,HUMAN PRESCRIPTION DRUG,To Be Discontinued,New,12/10/2025,12/10/2025,12/10/2025,Discontinuation of the manufacture of the drug.,"Aldactone, Tablet, 100 mg (NDC 0025-1031-31)"
Pemetrexed Disodium Injection,ALIMTA,Eli Lilly and Company,Eli Lilly and Co.,0002-7640,0002-7640-01,INTRAVENOUS,Injection,Oncology,HUMAN PRESCRIPTION DRUG,To Be Discontinued,New,10/16/2025,10/16/2025,10/16/2025,Discontinuation of the manufacture of the drug,"Alimta, Injection, 100 mg/4 mL (NDC 0002-7640-01)"
"Calcium Chloride; Dextrose; Magnesium Chloride; Sodium Chloride; Sodium Lactate Intraperitoneal Injection, Solution",DIANEAL LOW CALCIUM WITH DEXTROSE,Vantive US Healthcare LLC,Vantive US Healthcare LLC,0941-0433,0941-0433-51,INTRAPERITONEAL,Solution,Renal,HUMAN PRESCRIPTION DRUG,To Be Discontinued,New,08/03/2026,08/03/2026,08/03/2026,A business decision was made to discontinue manufacture of the drug.,"DIANEAL Low Calcium with Dextrose, Intraperitoneal Injection, Solution, 18.3 mg/100 mL; 4.25 g/100 mL; 5.08 mg/100 mL; 538 mg/100 mL; 448 mg/100 mL (NDC 0941-0433-51)"
Penicillin G Benzathine Injection,LENTOCILIN,"LABORATRIOS ATRAL, S.A.",Laboratorios Atral,84383-110,84383-110-01,INTRAMUSCULAR,Injection,Anti-Infective,HUMAN PRESCRIPTION DRUG,Current,Reverified,04/26/2023,09/15/2026,,,"Lentocilin, Injection, 1200000 U/4 mL (NDC 84383-110-01)"
Lidocaine Hydrochloride Injection,LIDOCAINE HYDROCHLORIDE,"Hospira, Inc.","Hospira, Inc., a Pfizer Company",0409-2066,0409-2066-05,EPIDURAL,Injection,Anesthesia,HUMAN PRESCRIPTION DRUG,Current,Reverified,02/22/2012,09/09/2026,,,"Lidocaine Hydrochloride, Injection, 100 mg/5 mL (2%; 20 mg/mL) (NDC 0409-2066-05)"
"Epinephrine Bitartrate, Lidocaine Hydrochloride Injection",XYLOCAINE,"Fresenius Kabi USA, LLC","Fresenius Kabi USA, LLC",63323-481,63323-481-57,INFILTRATION,Injection,Anesthesia,HUMAN PRESCRIPTION DRUG,Current,Reverified,10/14/2016,09/15/2026,,Next release September 2026. Check wholesalers for inventory.,"Xylocaine, Injection, .005 mg/1 mL; 5 mg/1 mL (NDC 63323-481-57)"
Valsartan Tablet,VALSARTAN,Mylan Pharmaceuticals Inc.,"Mylan Pharmaceuticals Inc., a Viatris Company",0378-5814,0378-5814-77,ORAL,Tablet,Cardiovascular,HUMAN PRESCRIPTION DRUG,To Be Discontinued,New,11/19/2025,11/19/2025,11/19/2025,A business decision was made to discontinue manufacture of the drug.,"Valsartan, Tablet, 160 mg (NDC 0378-5814-77)"
Phenobarbital Tablet,PHENOBARBITAL,"Par Health USA, LLC","Endo Pharmaceuticals, Inc.",0603-5165,0603-5165-32,ORAL,Tablet,Analgesia/Addiction,HUMAN PRESCRIPTION DRUG,To Be Discontinued,New,10/31/2025,10/31/2025,10/31/2025,Discontinuation of the manufacture of the drug,"Phenobarbital, Tablet, 16.2 mg (NDC 0603-5165-32)"
Carboplatin Injection,CARBOPLATIN,BPI Labs LLC,Gland Pharma Limited,54288-167,54288-167-01,INTRAVENOUS,Injection,Oncology,HUMAN PRESCRIPTION DRUG,Current,Revised,04/28/2023,09/15/2026,,"Recovery estimated in late Q4 2026; Distributed by BPI Labs, LLC","Carboplatin, Injection, 600 mg/65 mL (NDC 54288-167-01)"
Phenobarbital Tablet,PHENOBARBITAL,"Par Health USA, LLC","Endo Pharmaceuticals, Inc.",0603-5166,0603-5166-21,ORAL,Tablet,Analgesia/Addiction,HUMAN PRESCRIPTION DRUG,To Be Discontinued,New,10/31/2025,10/31/2025,10/31/2025,Discontinuation of the manufacture of the drug,"Phenobarbital, Tablet, 32.4 mg (NDC 0603-5166-21)"
Lisdexamfetamine Dimesylate Capsule,LISDEXAMFETAMINE DIMESYLATE,Apotex Corp.,Apotex Corp.,60505-4743,60505-4743-1,ORAL,Capsule,Psychiatry,HUMAN PRESCRIPTION DRUG,Current,Reverified,11/01/2023,09/16/2026,,,"Lisdexamfetamine Dimesylate, Capsule, 50 mg (NDC 60505-4743-1)"
"Amphetamine Aspartate Monohydrate, Amphetamine Sulfate, Dextroamphetamine Saccharate, Dextroamphetamine Sulfate Tablet","DEXTROAMPHETAMINE SACCHARATE, AMPHETAMINE ASPARTATE, DEXTROAMPHETAMINE SULFATE AND AMPHETAMINE SULFATE","Lannett Company, LLC","Lannett Company, Inc.",0527-0760,0527-0760-37,ORAL,Tablet,Psychiatry,HUMAN PRESCRIPTION DRUG,Current,Reverified,10/12/2022,09/15/2026,,,"Amphetamine Aspartate Monohydrate, Amphetamine Sulfate, Dextroamphetamine Saccharate, Dextroamphetamine Sulfate, Tablet, 1.25 mg; 1.25 mg; 1.25 mg; 1.25 mg (NDC 0527-0760-37)"
"Bupivacaine Hydrochloride, Epinephrine Bitartrate Injection",MARCAINE WITH EPINEPHRINE,"Hospira, Inc.","Hospira, Inc., a Pfizer Company",0409-1746,0409-1746-10,EPIDURAL,Injection,Anesthesia,HUMAN PRESCRIPTION DRUG,Current,Reverified,02/20/2018,09/09/2026,,,"Marcaine With Epinephrine, Injection, Marcaine with Epinephrine 1:200,000 as the bitartrate 25 mg/10 mL (2.5 mg/mL 1:200,000) (NDC 0409-1746-10)"
Remifentanil Hydrochloride Injection,REMIFENTANIL HYDROCHLORIDE,Hikma Pharmaceuticals USA Inc.,"Hikma Pharmaceuticals USA, Inc.",0143-9393,0143-9393-10,INTRAVENOUS,Injection,Analgesia/Addiction,HUMAN PRESCRIPTION DRUG,Current,Revised,06/28/2022,09/03/2026,,Additional lots will be available.  Product will be made available as it is released.,"Remifentanil Hydrochloride, Injection, 5 mg per vial (NDC 0143-9393-10)"
Amino Acid Injection,TRAVASOL,Baxter Healthcare Corporation,Baxter Healthcare,0338-0644,0338-0644-03,INTRAVENOUS,Injection,Gastroenterology,HUMAN PRESCRIPTION DRUG,Current,Reverified,12/08/2020,09/17/2026,,Estimated recovery: December 2026,"Travasol, Injection, 2.07 g/100 mL; 1.15 g/100 mL; 1.03 g/100 mL; 480 mg/100 mL; 600 mg/100 mL; 730 mg/100 mL; 580 mg/100 mL; 400 mg/100 mL; 560 mg/100 mL; 680 mg/100 mL; 500 mg/100 mL; 420 mg/100 mL; 180 mg/100 mL; 40 mg/100 mL; 580 mg/100 mL (NDC 0338-0644-03)"
Quinapril/Hydrochlorothiazide Tablet,QUINAPRIL HYDROCHLORIDE/HYDROCHLOROTHIAZIDE,Aurobindo Pharma Limited,Aurobindo Pharma USA,65862-161,65862-161-90,ORAL,Tablet,Cardiovascular,HUMAN PRESCRIPTION DRUG,Current,Reverified,01/19/2023,06/02/2026,,Discontinuation of the manufacture of the drug,"Quinapril Hydrochloride And Hydrochlorothiazide, Tablet, 12.5 mg; 10 mg (NDC 65862-161-90)"
"Lisdexamfetamine Dimesylate Tablet, Chewable",VYVANSE,"Takeda Pharmaceuticals America, Inc.",Takeda Pharmaceuticals USA Inc.,59417-119,59417-119-01,ORAL,"Tablet, Chewable",Psychiatry,HUMAN PRESCRIPTION DRUG,Current,Reverified,07/14/2023,09/15/2026,,,"Vyvanse, Tablet, Chewable, 50 mg (NDC 59417-119-01)"
Gadoterate Meglumine Injection,GADOTERATE MEGLUMINE,"Fresenius Kabi USA, LLC","Jiangsu Hengrui Pharmaceuticals Co., Ltd.",65219-086,65219-086-20,INTRAVENOUS,Injection,Medical Imaging,HUMAN PRESCRIPTION DRUG,To Be Discontinued,New,06/30/2026,06/30/2026,06/30/2026,"Marketed by Fresenius Kabi, USA; Discontinuation of the manufacture of the drug","Gadoterate Meglumine, Injection, 376.9 mg/1 mL (NDC 65219-086-20)"
Amino Acid Injection,AMINOSYN II,ICU Medical Inc.,Otsuka ICU Medical LLC,0990-7171,0990-7171-17,INTRAVENOUS,Injection,Gastroenterology,HUMAN PRESCRIPTION DRUG,Current,Reverified,12/08/2020,09/16/2026,,"This product is distributed by ICU Medical. For questions regarding this product, please contact ICU Medical.","Aminosyn II 15% In Plastic Container, Injection, 0.15 (NDC 0990-7171-17)"
Sodium Bicarbonate Injection,SODIUM BICARBONATE,"Hospira, Inc.","Hospira, Inc., a Pfizer Company",0409-6637,0409-6637-14,INTRAVENOUS,Injection,Endocrinology/Metabolism,HUMAN PRESCRIPTION DRUG,To Be Discontinued,New,11/07/2025,11/07/2025,11/07/2025,Discontinuation of the manufacture of the drug,"Sodium Bicarbonate, Injection, 84 mg/1 mL (NDC 0409-6637-14)"
Clonazepam Tablet,CLONAZEPAM,"Teva Pharmaceuticals USA, Inc.","Teva Pharmaceuticals USA, Inc.",0093-3212,0093-3212-01,ORAL,Tablet,Neurology,HUMAN PRESCRIPTION DRUG,Current,Reverified,03/10/2023,08/17/2026,,Estimated supply: August 2026,"Clonazepam, Tablet, 1 mg (NDC 0093-3212-01)"
Ropivacaine Hydrochloride Injection,ROPIVACAINE HYDROCHLORIDE,Eugia US LLC,Eugia US LLC,55150-198,55150-198-30,EPIDURAL,Injection,Anesthesia,HUMAN PRESCRIPTION DRUG,Current,Reverified,03/23/2018,09/17/2026,,Check wholesalers for inventory,"Ropivacaine Hydrochloride, Injection, 5 mg/1 mL (NDC 55150-198-30)"
Lisdexamfetamine Dimesylate Capsule,LISDEXAMFETAMINE DIMESYLATE,SpecGx LLC,SpecGx LLC,0406-5117,0406-5117-01,ORAL,Capsule,Psychiatry,HUMAN PRESCRIPTION DRUG,Current,Reverified,07/14/2023,08/20/2026,,,"Lisdexamfetamine Dimesylate, Capsule, 70 mg (NDC 0406-5117-01)"
Everolimus Tablet,EVEROLIMUS,"Teva Pharmaceuticals USA, Inc.","Teva Pharmaceuticals USA, Inc.",0093-7768,0093-7768-24,ORAL,Tablet,Transplant,HUMAN PRESCRIPTION DRUG,To Be Discontinued,New,03/02/2026,03/02/2026,03/02/2026,Discontinuation of the manufacture of the drug,"Everolimus, Tablet, 7.5 mg (NDC 0093-7768-24)"
Carboplatin Injection,CARBOPLATIN,"Accord Healthcare, Inc.",Accord Healthcare Inc.,16729-295,16729-295-34,INTRAVENOUS,Injection,Oncology,HUMAN PRESCRIPTION DRUG,Current,Reverified,04/28/2023,09/15/2026,,Estimated recovery: TBD,"Carboplatin, Injection, 10 mg/1 mL (NDC 16729-295-34)"
Ropivacaine Hydrochloride Injection,ROPIVACAINE HYDROCHLORIDE,Sagent Pharmaceuticals,InfoRLife SA,25021-671,25021-671-67,EPIDURAL,Injection,Anesthesia,HUMAN PRESCRIPTION DRUG,Current,Reverified,03/27/2018,08/18/2026,,Estimated recovery: TBD; Marketed by Sagent Pharmaceuticals,"Ropivacaine Hydrochloride, Injection, 2 mg/1 mL (NDC 25021-671-67)"
Clindamycin Phosphate Injection,CLINDAMYCIN PHOSPHATE,Baxter Healthcare Company,Baxter Healthcare,0338-3814,0338-3814-50,INTRAVENOUS,Injection,Anti-Infective,HUMAN PRESCRIPTION DRUG,Current,Revised,03/21/2023,09/04/2026,,,"Clindamycin Phosphate, Injection, 900 mg/50 mL (NDC 0338-3814-50)"
Remifentanil Hydrochloride Injection,REMIFENTANIL HYDROCHLORIDE,"Fresenius Kabi USA, LLC","Fresenius Kabi USA, LLC",63323-723,63323-723-03,INTRAVENOUS,Injection,Analgesia/Addiction,HUMAN PRESCRIPTION DRUG,Current,Reverified,06/28/2022,09/15/2026,,Check wholesalers for inventory,"Remifentanil Hydrochloride, Injection, 1 mg/1 mL (NDC 63323-723-03)"
"Amphetamine Aspartate Monohydrate, Amphetamine Sulfate, Dextroamphetamine Saccharate, Dextroamphetamine Sulfate Tablet","DEXTROAMPHETAMINE SACCHARATE, AMPHETAMINE ASPARTATE, DEXTROAMPHETAMINE SULFATE AND AMPHETAMINE SULFATE","Aurolife Pharma, LLC",Aurobindo Pharma USA,13107-068,13107-068-01,ORAL,Tablet,Psychiatry,HUMAN PRESCRIPTION DRUG,Current,Reverified,10/12/2022,07/21/2026,,Estimated availability: October 2026,"Amphetamine Aspartate Monohydrate, Amphetamine Sulfate, Dextroamphetamine Saccharate, Dextroamphetamine Sulfate, Tablet, 1.25 mg; 1.25 mg; 1.25 mg; 1.25 mg (NDC 13107-068-01)"
Activated Charcoal Oral Suspension,ACTIDOSE,Padagis US LLC,Padagis US LLC,0574-0520,0574-0520-76,ORAL,Oral Suspension,Other,HUMAN OTC DRUG,To Be Discontinued,New,05/15/2026,05/15/2026,05/15/2026,Discontinuation of the manufacture of the drug,"Actidose, Oral Suspension, 208 mg/1 mL (NDC 0574-0520-76)"
"Cefotaxime Sodium Powder, for Solution",CEFOTAXIME,Hikma Pharmaceuticals USA Inc.,"Hikma Pharmaceuticals USA, Inc.",0143-9933,0143-9933-25,INTRAMUSCULAR,"Powder, For Solution",Anti-Infective,HUMAN PRESCRIPTION DRUG,Current,Revised,02/17/2015,09/03/2026,,Estimated recovery: TBD,"Cefotaxime Sodium, Powder, for Solution, 2 g (NDC 0143-9933-25)"
Ropivacaine Hydrochloride Injection,ROPIVACAINE HYDROCHLORIDE,Eugia US LLC,Eugia US LLC,55150-197,55150-197-20,EPIDURAL,Injection,Anesthesia,HUMAN PRESCRIPTION DRUG,Current,Reverified,03/23/2018,09/17/2026,,Check wholesalers for inventory,"Ropivacaine Hydrochloride, Injection, 5 mg/1 mL (NDC 55150-197-20)"
Clonazepam Tablet,CLONAZEPAM,Advagen Pharma Ltd,Rubicon Research Private Limited,72888-154,72888-154-05,ORAL,Tablet,Neurology,HUMAN PRESCRIPTION DRUG,Current,Reverified,03/10/2023,06/01/2026,,Marketed by Advagen Pharma Ltd.,"Clonazepam, Tablet, 2 mg (NDC 72888-154-05)"
Ropivacaine Hydrochloride Injection,ROPIVACAINE HYDROCHLORIDE,"Somerset Therapeutics, LLC","Somerset Therapeutics, LLC",70069-064,70069-064-01,EPIDURAL,Injection,Anesthesia,HUMAN PRESCRIPTION DRUG,Current,Reverified,03/23/2018,09/11/2026,,,"Ropivacaine Hydrochloride, Injection, 5 mg/1 mL (NDC 70069-064-01)"
"Methylphenidate Hydrochloride Tablet, Extended Release",,"Sun Pharmaceutical Industries, Inc.","Sun Pharmaceutical Industries, Inc.",,57664-606-88,,Tablet,Psychiatry,,Current,Revised,07/26/2023,08/27/2026,,Currently not marketed,"Methylphenidate Hydrochloride, Tablet, Extended Release, 18 mg (NDC 57664-606-88)"
Hydromorphone Hydrochloride Injection,HYDROMORPHONE HYDROCHLORIDE,"Hospira, Inc.","Hospira, Inc., a Pfizer Company",0409-1304,0409-1304-31,INTRAMUSCULAR,Injection,Analgesia/Addiction,HUMAN PRESCRIPTION DRUG,Current,Reverified,10/31/2017,09/09/2026,,,"Hydromorphone Hydrochloride, Injection, 4 mg/1 mL Syringes (NDC 0409-1304-31)"
Clonazepam Tablet,CLONAZEPAM,Aurobindo Pharma Limited,Aurobindo Pharma USA,59651-723,59651-723-99,ORAL,Tablet,Neurology,HUMAN PRESCRIPTION DRUG,Current,Reverified,03/10/2023,06/02/2026,,,"Clonazepam, Tablet, 1 mg (NDC 59651-723-99)"
Sterile Water Injection,STERILE WATER,"Fresenius Kabi USA, LLC","Fresenius Kabi USA, LLC",63323-185,63323-185-20,INTRAMUSCULAR,Injection,Other,HUMAN PRESCRIPTION DRUG,Current,Reverified,11/23/2021,09/15/2026,,Check wholesalers for inventory,"Sterile Water For Injection In Plastic Container, Injection, 1 mL/1 mL (NDC 63323-185-20)"
Dexamethasone Sodium Phosphate Injection,DEXAMETHASONE SODIUM PHOSPHATE,"Fresenius Kabi USA, LLC","Fresenius Kabi USA, LLC",63323-165,63323-165-01,INTRAMUSCULAR,Injection,Dermatology,HUMAN PRESCRIPTION DRUG,Current,Reverified,02/08/2019,09/15/2026,,Check wholesalers for inventory,"Dexamethasone Sodium Phosphate, Injection, 4 mg/1 mL (NDC 63323-165-01)"
Sodium Chloride 0.9% Injection,SODIUM CHLORIDE,"Hospira, Inc.","Hospira, Inc., a Pfizer Company",0409-7101,0409-7101-02,INTRAVENOUS,Injection,Gastroenterology,HUMAN PRESCRIPTION DRUG,To Be Discontinued,New,12/03/2025,12/03/2025,12/03/2025,Discontinuation of the manufacture of the drug,"Sodium Chloride 0.9%, Injection, 250 mL  ADD-Vantage® Flexible Container (NDC 0409-7101-02)"
Morphine Sulfate Injection,MORPHINE SULFATE,"Hospira, Inc.","Hospira, Inc., a Pfizer Company",0409-1890,0409-1890-01,INTRAVENOUS,Injection,Analgesia/Addiction,HUMAN PRESCRIPTION DRUG,Current,Revised,10/31/2017,09/11/2026,,,"Morphine Sulfate, Injection, 2 mg/1 mL Syringes (NDC 0409-1890-01)"
Lidocaine Hydrochloride Injection,LIDOCAINE HYDROCHLORIDE,"Avenacy, LLC",Anthea Pharma,83634-653,83634-653-02,EPIDURAL,Injection,Anesthesia,HUMAN PRESCRIPTION DRUG,Current,Reverified,02/22/2012,09/15/2026,,"Distributed by Avenacy, LLC","Lidocaine Hydrochloride, Injection, 20 mg/2 mL (NDC 83634-653-02)"
Decitabine Injection,DECITABINE,BluePoint Laboratories,Ingenus Pharmaceuticals LLC,68001-573,68001-573-41,INTRAVENOUS,Injection,Oncology,HUMAN PRESCRIPTION DRUG,To Be Discontinued,New,02/20/2026,02/20/2026,02/20/2026,Labeler: BluePoint Laboratories; Discontinuation of the manufacture of the drug,"Decitabine, Injection, 50 mg (NDC 68001-573-41)"
Bupivacaine Hydrochloride Injection,MARCAINE,"Hospira, Inc.","Hospira, Inc., a Pfizer Company",0409-7535,0409-7535-01,EPIDURAL,Injection,Anesthesia,HUMAN PRESCRIPTION DRUG,Current,Revised,02/20/2018,09/11/2026,,,"Marcaine, Injection, 75 mg/30 mL (2.5 mg/mL) (NDC 0409-7535-01)"
Dopamine Hydrochloride Injection,DOPAMINE HYDROCHLORIDE IN DEXTROSE,"Hospira, Inc.","Hospira, Inc., a Pfizer Company",0409-0042,0409-0042-12,INTRAVENOUS,Injection,Cardiovascular,HUMAN PRESCRIPTION DRUG,Current,Revised,11/06/2017,09/11/2026,,,"Dopamine Hydrochloride In Dextrose 5% In Plastic Container, Injection, 400 mg/250 mL (1.6 mg/1 mL) (NDC 0409-0042-12)"
Bumetanide Injection,BUMETANIDE,Novadoz Pharmaceuticals LLC,MSN Laboratories Private Limited,72205-101,72205-101-07,INTRAMUSCULAR,Injection,Cardiovascular,HUMAN PRESCRIPTION DRUG,Current,Reverified,12/13/2017,09/16/2026,,,"Bumetanide, Injection, 0.25 mg/1 mL (NDC 72205-101-07)"
Midazolam Hydrochloride Injection,MIDAZOLAM,Sagent Pharmaceuticals,Gland Pharma Limited,25021-661,25021-661-10,INTRAMUSCULAR,Injection,Anesthesia,HUMAN PRESCRIPTION DRUG,Current,Reverified,04/02/2020,07/22/2026,,Estimated recovery: TBD; Distributed by Sagent Pharmaceuticals,"Midazolam Hydrochloride, Injection, 5 mg/1 mL (NDC 25021-661-10)"
"Imipenem Anhydrous, Cilastatin, and Relebactam Anhydrous Injection",RECARBRIO,Merck Sharp & Dohme LLC,Merck Sharp & Dohme LLC,0006-3856,0006-3856-02,INTRAVENOUS,Injection,Anti-Infective,HUMAN PRESCRIPTION DRUG,To Be Discontinued,New,09/09/2026,09/09/2026,09/09/2026,To be discontinued on or near late September 2026.,"RECARBRIO, Injection, 500 mg/100 mL; 500 mg/100 mL; 250 mg/100 mL (NDC 0006-3856-02)"
Clonazepam Tablet,CLONAZEPAM,Solco Healthcare LLC,"Prinston Pharmaceutical, Inc.",43547-406,43547-406-50,ORAL,Tablet,Neurology,HUMAN PRESCRIPTION DRUG,Current,Reverified,03/10/2023,09/02/2026,,Marketed by Solco Healthcare,"Clonazepam, Tablet, .5 mg (NDC 43547-406-50)"
Azithromycin Tablet,ZITHROMAX,Pfizer Laboratories Div Pfizer Inc,Pfizer Inc.,0069-4061,0069-4061-01,ORAL,Tablet,Anti-Infective,HUMAN PRESCRIPTION DRUG,To Be Discontinued,New,04/09/2026,04/09/2026,04/09/2026,Discontinuation of the manufacture of the drug,"Zithromax, Tablet, 250 mg (NDC 0069-4061-01)"
Dexmedetomidine Hydrochloride Injection,DEXMEDETOMIDINE HYDROCHLORIDE,"CIVICA, INC.","Azurity Pharmaceuticals, Inc",72572-128,72572-128-08,INTRAVENOUS,Injection,Anesthesia,HUMAN PRESCRIPTION DRUG,Current,Reverified,04/10/2020,09/16/2026,,Distributed by Civica,"Dexmedetomidine Hydrochloride, Injection, 400 mcg/100 mL (4 ug/1 mL) (NDC 72572-128-08)"
Sterile Water Injection,STERILE WATER,"Fresenius Kabi USA, LLC","Fresenius Kabi USA, LLC",63323-185,63323-185-50,INTRAMUSCULAR,Injection,Other,HUMAN PRESCRIPTION DRUG,Current,Reverified,11/23/2021,09/15/2026,,Check wholesalers for inventory,"Sterile Water For Injection In Plastic Container, Injection, 1 mL/1 mL (NDC 63323-185-50)"
Morphine Sulfate Injection,MITIGO,"Piramal Critical Care, Inc.",Piramal Critical Care Inc.,66794-160,66794-160-02,EPIDURAL,Injection,Analgesia/Addiction,HUMAN PRESCRIPTION DRUG,Current,Revised,10/31/2017,09/15/2026,,,"Mitigo, Injection, 200 mg/20 mL (NDC 66794-160-02)"
Lasmiditan Succinate Tablet,REYVOW,Eli Lilly and Company,Eli Lilly and Co.,0002-4312,0002-4312-08,ORAL,Tablet,Neurology,HUMAN PRESCRIPTION DRUG,To Be Discontinued,New,11/03/2025,11/03/2025,11/03/2025,"A business decision was made to discontinue manufacture of the 50 mg and 100 mg tablets. Distribution will end on May 31, 2026.","Reyvow, Tablet, 50 mg (NDC 0002-4312-08)"
Crinecerfont Capsule,,"Neurocrine Biosciences, Inc.","Neurocrine Biosciences, Inc.",,70370-5025-1,,Capsule,Endocrinology/Metabolism,,To Be Discontinued,New,04/28/2026,04/28/2026,04/28/2026,"Neurocrine is discontinuing only the 25 mg soft gel capsule dose strength (NDC 70370-5025-01). The 50mg and 100mg soft gel capsule dose strength (NDC 70370-5050-1 and 70370-5100-1), and 50 mg/mL oral solution will continue to be marketed (NDC 70370-5250-1).","Crenessity, Capsule, 25 mg (NDC 70370-5025-1)"
Bumetanide Injection,BUMETANIDE,Novadoz Pharmaceuticals LLC,MSN Laboratories Private Limited,72205-101,72205-101-01,INTRAMUSCULAR,Injection,Cardiovascular,HUMAN PRESCRIPTION DRUG,Current,Reverified,12/13/2017,09/16/2026,,,"Bumetanide, Injection, 0.25 mg/mL, 4mL (NDC 72205-101-01)"
Dextrose Monohydrate 5% Injection,DEXTROSE,Baxter Healthcare Corporation,Baxter Healthcare,0338-0017,0338-0017-31,INTRAVENOUS,Injection,Endocrinology/Metabolism,HUMAN PRESCRIPTION DRUG,Current,Reverified,02/14/2022,09/17/2026,,,"Dextrose 5% In Plastic Container, Injection, 50 g/1000 mL (NDC 0338-0017-31)"
Bacitracin Ophthalmic Ointment,,Padagis US LLC,Padagis US LLC,,0574-4022-35,,Ophthalmic Ointment,Anti-Infective,,Current,Revised,03/03/2025,06/01/2026,,Shortage is estimated for 24 months,"Bacitracin, Ophthalmic Ointment, 3.5 g (NDC 0574-4022-35)"
Obeticholic Acid Tablet,,Intercept Pharmaceuticals,Intercept Pharmaceuticals,,69516-010-30,,Tablet,Gastroenterology,,To Be Discontinued,New,09/19/2025,09/19/2025,09/19/2025,"Business decision. Products will not be available after November 14, 2025.","Ocaliva, Tablet, 10 mg (NDC 69516-010-30)"
Lidocaine Hydrochloride Injection,LIDOCAINE HYDROCHLORIDE,Eugia US LLC,Eugia US LLC,55150-254,55150-254-10,INFILTRATION,Injection,Anesthesia,HUMAN PRESCRIPTION DRUG,Current,Reverified,06/13/2018,09/17/2026,,On backorder. Recovery: TBD. Check wholesalers for inventory,"Lidocaine Hydrochloride, Injection, 20 mg/mL (NDC 55150-254-10)"
Dexmedetomidine Hydrochloride Injection,DEXMEDETOMIDINE HYDROCHLORIDE IN 0.9% SODIUM CHLORIDE,Baxter Healthcare Company,Baxter Healthcare,43066-555,43066-555-24,INTRAVENOUS,Injection,Anesthesia,HUMAN PRESCRIPTION DRUG,Current,Reverified,04/10/2020,09/17/2026,,,"Dexmedetomidine Hydrochloride, Injection, 200 ug/50 mL (NDC 43066-555-24)"
"Bupivacaine Hydrochloride, Epinephrine Bitartrate Injection",SENSORCAINE,"Fresenius Kabi USA, LLC","Fresenius Kabi USA, LLC",63323-463,63323-463-57,PERINEURAL,Injection,Anesthesia,HUMAN PRESCRIPTION DRUG,Current,Reverified,02/20/2018,09/15/2026,,Check wholesaler for inventory,"Sensorcaine, Injection, 5 mg/1 mL; .005 mg/1 mL (NDC 63323-463-57)"
"Epinephrine Bitartrate, Lidocaine Hydrochloride Injection",XYLOCAINE MPF,"Fresenius Kabi USA, LLC","Fresenius Kabi USA, LLC",63323-487,63323-487-37,EPIDURAL,Injection,Anesthesia,HUMAN PRESCRIPTION DRUG,Current,Reverified,10/14/2016,09/15/2026,,Check wholesalers for inventory,"Xylocaine, Injection, .005 mg/1 mL; 10 mg/1 mL (NDC 63323-487-37)"
"Bupivacaine Hydrochloride, Epinephrine Bitartrate Injection",BUPIVACAINE HYDROCHLORIDE AND EPINEPHRINE,"Hospira, Inc.","Hospira, Inc., a Pfizer Company",0409-9042,0409-9042-01,EPIDURAL,Injection,Anesthesia,HUMAN PRESCRIPTION DRUG,Current,Revised,02/20/2018,09/09/2026,,Next Delivery and Estimated Recovery: December 2028; Shortage per Manufacturer: Manufacturing Delay,"Bupivacaine Hydrochloride And Epinephrine, Injection, 25 mg/10 mL (2.5 mg/mL) (NDC 0409-9042-01)"
Phenobarbital Tablet,PHENOBARBITAL,"Par Health USA, LLC","Endo Pharmaceuticals, Inc.",0603-5165,0603-5165-21,ORAL,Tablet,Analgesia/Addiction,HUMAN PRESCRIPTION DRUG,To Be Discontinued,New,10/31/2025,10/31/2025,10/31/2025,Discontinuation of the manufacture of the drug,"Phenobarbital, Tablet, 16.2 mg (NDC 0603-5165-21)"
Lisdexamfetamine Dimesylate Capsule,LISDEXAMFETAMINE DIMESYLATE,Rhodes Pharmaceuticals LLC,Rhodes Pharmaceuticals L.P.,42858-164,42858-164-01,ORAL,Capsule,Psychiatry,HUMAN PRESCRIPTION DRUG,Current,Revised,07/14/2023,06/24/2026,,Estimated recovery: TBD,"Lisdexamfetamine Dimesylate, Capsule, 40 mg (NDC 42858-164-01)"
"Amphetamine Aspartate Monohydrate, Amphetamine Sulfate, Dextroamphetamine Saccharate, Dextroamphetamine Sulfate Tablet","DEXTROAMPHETAMINE SACCHARATE, AMPHETAMINE ASPARTATE, DEXTROAMPHETAMINE SULFATE AND AMPHETAMINE SULFATE","Epic Pharma, LLC","Epic Pharma, LLC",42806-345,42806-345-01,ORAL,Tablet,Psychiatry,HUMAN PRESCRIPTION DRUG,Current,Reverified,10/12/2022,09/15/2026,,Estimated recovery: TBD,"Amphetamine Aspartate Monohydrate, Amphetamine Sulfate, Dextroamphetamine Saccharate, Dextroamphetamine Sulfate, Tablet, 7.5 mg; 7.5 mg; 7.5 mg; 7.5 mg (NDC 42806-345-01)"
Clonazepam Tablet,CLONAZEPAM,Accord Healthcare Inc.,Accord Healthcare Inc.,16729-138,16729-138-00,ORAL,Tablet,Neurology,HUMAN PRESCRIPTION DRUG,Current,Reverified,03/10/2023,09/15/2026,,,"Clonazepam, Tablet, 2 mg (NDC 16729-138-00)"
Furosemide Injection,FUROSEMIDE,"Hospira, Inc.","Hospira, Inc., a Pfizer Company",0409-6102,0409-6102-27,INTRAMUSCULAR,Injection,Cardiovascular,HUMAN PRESCRIPTION DRUG,Current,Revised,04/07/2020,09/09/2026,,Next Delivery and Estimated Recovery: December 2028; Shortage per Manufacturer: Manufacturing Delay,"Furosemide, Injection, 100 mg/ 10mL (10 mg/1 mL) (NDC 0409-6102-27)"
Cisatracurium Besylate Injection,CISATRACURIUM BESYLATE,"Hospira, Inc.","Hospira, Inc., a Pfizer Company",0409-1208,0409-1208-01,INTRAVENOUS,Injection,Analgesia/Addiction,HUMAN PRESCRIPTION DRUG,To Be Discontinued,New,05/06/2026,05/06/2026,05/06/2026,Supply expected to exhaust late June 2026; Discontinuation of the manufacture of the drug,"Cisatracurium Besylate, Injection, 20 mg/10 mL (2 mg/mL) Multidose Vial (NDC 0409-1208-01)"
Oxaliplatin Injection,,"Fresenius Kabi USA, LLC","Fresenius Kabi USA, LLC",,63323-750-10,,Injection,Oncology,,To Be Discontinued,New,02/25/2026,02/25/2026,02/25/2026,A business decision was made to discontinue manufacture of the drug.,"Oxaliplatin, Injection, 5 mg/mL (NDC 63323-750-10)"
Lidocaine Hydrochloride Injection,XYLOCAINE MPF,"Fresenius Kabi USA, LLC","Fresenius Kabi USA, LLC",63323-491,63323-491-57,INFILTRATION,Injection,Anesthesia,HUMAN PRESCRIPTION DRUG,Current,Reverified,02/22/2012,09/15/2026,,Check wholesalers for inventory,"Xylocaine, Injection, 5 mg/1 mL (NDC 63323-491-57)"
Dexmedetomidine Hydrochloride Injection,PRECEDEX,"Hospira, Inc.",Pfizer Inc.,0409-1596,0409-1596-10,INTRAVENOUS,Injection,Anesthesia,HUMAN PRESCRIPTION DRUG,Current,Reverified,04/10/2020,08/24/2026,,,"Precedex, Injection, 400 mcg/100 mL (4 mcg/mL) (NDC 0409-1596-10)"
Caspofungin Acetate Injection,CASPOFUNGIN ACETATE,Sandoz Inc,"Jiangsu Hengrui Pharmaceuticals Co. (US Agent eVenus Pharmaceutical Laboratories, Inc.)",0781-3421,0781-3421-94,INTRAVENOUS,Injection,Anti-Infective,HUMAN PRESCRIPTION DRUG,To Be Discontinued,New,06/30/2026,06/30/2026,06/30/2026,"Marketed by Sandoz, Inc.; Discontinuation of the manufacture of the drug","Caspofungin Acetate, Injection, 5 mg/1 mL (NDC 0781-3421-94)"
Fentanyl Citrate Injection,FENTANYL CITRATE,"Hospira, Inc.","Hospira, Inc., a Pfizer Company",0409-9094,0409-9094-25,INTRAMUSCULAR,Injection,Analgesia/Addiction,HUMAN PRESCRIPTION DRUG,Current,Reverified,01/01/2012,09/09/2026,,,"Fentanyl Citrate, Injection, 250 mcg/5 mL (50 ug/1 mL) (NDC 0409-9094-25)"
"Bupivacaine Hydrochloride, Epinephrine Bitartrate Injection",SENSORCAINE MPF,"Fresenius Kabi USA, LLC","Fresenius Kabi USA, LLC",63323-468,63323-468-17,EPIDURAL,Injection,Anesthesia,HUMAN PRESCRIPTION DRUG,Current,Reverified,02/20/2018,09/15/2026,,Check wholesalers for inventory,"Sensorcaine, Injection, 2.5 mg/1 mL; .005 mg/1 mL (NDC 63323-468-17)"
Pemetrexed Disodium Injection,ALIMTA,Eli Lilly and Company,Eli Lilly and Co.,0002-7623,0002-7623-01,INTRAVENOUS,Injection,Oncology,HUMAN PRESCRIPTION DRUG,To Be Discontinued,New,10/16/2025,10/16/2025,10/16/2025,Discontinuation of the manufacture of the drug,"Alimta, Injection, 500 mg/20 mL (NDC 0002-7623-01)"
Liraglutide Injection,LIRAGLUTIDE,"Teva Pharmaceuticals, Inc.","Teva Pharmaceuticals USA, Inc.",0480-7250,0480-7250-46,SUBCUTANEOUS,Injection,Endocrinology/Metabolism,HUMAN PRESCRIPTION DRUG,To Be Discontinued,New,05/14/2026,05/14/2026,05/14/2026,Discontinuation of the manufacture of the drug,"Liraglutide, Injection, 6 mg/1 mL (NDC 0480-7250-46)"
Dexmedetomidine Hydrochloride Injection,DEXMEDETOMIDINE HYDROCHLORIDE IN 0.9% SODIUM CHLORIDE,Sandoz Inc.,"Jiangsu Hengrui Pharmaceuticals Co., Ltd.",0781-3494,0781-3494-95,INTRAVENOUS,Injection,Anesthesia,HUMAN PRESCRIPTION DRUG,Current,Reverified,04/10/2020,09/15/2026,,Marketed by Sandoz Inc.; Customer service: 800-525-8747,"Dexmedetomidine Hydrochloride, Injection, 200 mcg/50 mL (NDC 0781-3494-95)"
Chlorothiazide Oral Suspension,DIURIL,"Salix Pharmaceuticals, Inc","Salix Pharmaceuticals, a division of Bausch Health US, LLC",65649-311,65649-311-12,ORAL,Oral Suspension,Cardiovascular,HUMAN PRESCRIPTION DRUG,To Be Discontinued,New,02/10/2026,02/10/2026,02/10/2026,,"Diuril, Oral Suspension, 250 mg/5mL (NDC 65649-311-12)"
Fentanyl Citrate Injection,FENTANYL CITRATE,"Fresenius Kabi USA, LLC","Fresenius Kabi USA, LLC",63323-806,63323-806-02,INTRAMUSCULAR,Injection,Analgesia/Addiction,HUMAN PRESCRIPTION DRUG,Current,Revised,01/01/2012,09/15/2026,,Next release September 2026. Check wholesalers for inventory.,"Fentanyl Citrate Preservative Free, Injection, .05 mg/1 mL (NDC 63323-806-02)"
Caspofungin Acetate Injection,CASPOFUNGIN ACETATE,Sandoz Inc,"Jiangsu Hengrui Pharmaceuticals Co. (US Agent eVenus Pharmaceutical Laboratories, Inc.)",0781-3423,0781-3423-94,INTRAVENOUS,Injection,Anti-Infective,HUMAN PRESCRIPTION DRUG,To Be Discontinued,New,06/30/2026,06/30/2026,06/30/2026,"Marketed by Sandoz, Inc.; Discontinuation of the manufacture of the drug","Caspofungin Acetate, Injection, 7 mg/1 mL (NDC 0781-3423-94)"
Quinapril Hydrochloride Tablet,,Pfizer Inc.,Pfizer Inc.,,0071-0527-23,,Tablet,Cardiovascular,,To Be Discontinued,New,10/01/2025,10/01/2025,10/01/2025,Discontinuation of the manufacture of the drug,"Accupril, Tablet, 5 mg (NDC 0071-0527-23)"
Lisdexamfetamine Dimesylate Capsule,LISDEXAMFETAMINE DIMESYLATE,Amneal Pharmaceuticals LLC,Amneal Pharmaceuticals,65162-023,65162-023-09,ORAL,Capsule,Psychiatry,HUMAN PRESCRIPTION DRUG,Current,Reverified,07/14/2023,06/17/2026,,,"Lisdexamfetamine Dimesylate, Capsule, 20 mg (NDC 65162-023-09)"
Dextrose Monohydrate 5% Injection,DEXTROSE,Baxter Healthcare Corporation,Baxter Healthcare,0338-0074,0338-0074-30,INTRAVENOUS,Injection,Endocrinology/Metabolism,HUMAN PRESCRIPTION DRUG,Current,Reverified,07/20/2026,09/17/2026,,,"Dextrose 5% In Plastic Container, Injection, 5 g/100 mL (NDC 0338-0074-30)"
Dacomitinib Tablet,VIZIMPRO,Pfizer Laboratories Div Pfizer Inc,Pfizer Inc.,0069-0197,0069-0197-30,ORAL,Tablet,Oncology,HUMAN PRESCRIPTION DRUG,To Be Discontinued,New,06/08/2026,06/08/2026,06/08/2026,Discontinuation of the manufacture of the drug,"Vizimpro, Tablet, 15 mg (NDC 0069-0197-30)"
Gemfibrozil Tablet,LOPID,Parke-Davis Div of Pfizer Inc,Pfizer Inc.,0071-0737,0071-0737-20,ORAL,Tablet,Endocrinology/Metabolism,HUMAN PRESCRIPTION DRUG,To Be Discontinued,New,02/10/2026,02/10/2026,02/10/2026,Discontinuation of the manufacture of the drug.,"Lopid, Tablet, 600 mg (NDC 0071-0737-20)"
Clonazepam Tablet,CLONAZEPAM,Accord Healthcare Inc.,Accord Healthcare Inc.,16729-138,16729-138-16,ORAL,Tablet,Neurology,HUMAN PRESCRIPTION DRUG,Current,Reverified,03/10/2023,09/15/2026,,,"Clonazepam, Tablet, 2 mg (NDC 16729-138-16)"
Sodium Bicarbonate Injection,,"Hospira, Inc., a Pfizer Company","Hospira, Inc., a Pfizer Company",,0409-5534-14,,Injection,Endocrinology/Metabolism,,To Be Discontinued,New,11/07/2025,11/07/2025,11/07/2025,Discontinuation of the manufacture of the drug,"Sodium Bicarbonate, Injection, 42 mg/1 mL (NDC 0409-5534-14)"
"Mesalamine Capsule, Extended Release",PENTASA,"Takeda Pharmaceuticals America, Inc.",Takeda Pharmaceuticals USA Inc.,54092-191,54092-191-12,ORAL,"Capsule, Extended Release",Gastroenterology,HUMAN PRESCRIPTION DRUG,To Be Discontinued,New,09/16/2026,09/16/2026,09/16/2026,"Product is anticipated to be available until December 31, 2027","Pentasa, Capsule, Extended Release, 500 mg (NDC 54092-191-12)"
Furosemide Injection,FUROSEMIDE,Sagent Pharmaceuticals,Gland Pharma Limited,25021-311,25021-311-10,INTRAMUSCULAR,Injection,Cardiovascular,HUMAN PRESCRIPTION DRUG,Current,Reverified,04/07/2020,07/22/2026,,"Distributed by Sagent Pharmaceuticals: 1-866-625-1618, Discontinued product","Furosemide, Injection, 10 mg/1 mL (NDC 25021-311-10)"
Dexmedetomidine Hydrochloride Injection,DEXMEDETOMIDINE HYDROCHLORIDE,Mylan Institutional LLC,"Mylan Institutional, a Viatris Company",67457-925,67457-925-10,INTRAVENOUS,Injection,Anesthesia,HUMAN PRESCRIPTION DRUG,Current,Reverified,04/10/2020,09/17/2026,,,"Dexmedetomidine Hydrochloride, Injection, 400 ug/100 mL (NDC 67457-925-10)"
Ivabradine Solution,CORLANOR,Amgen Inc,Amgen Inc.,55513-813,55513-813-28,ORAL,Solution,Cardiovascular,HUMAN PRESCRIPTION DRUG,To Be Discontinued,New,03/24/2026,03/24/2026,01/01/2026,Discontinuation of the manufacture of the drug product,"Corlanor, Solution, 5 mg/5 mL (NDC 55513-813-28)"
Dexmedetomidine Hydrochloride Injection,DEXMEDETOMIDINE IN DEXTROSE,"WG Critical Care, LLC",HQ Specialty Pharma,44567-602,44567-602-24,INTRAVENOUS,Injection,Anesthesia,HUMAN PRESCRIPTION DRUG,Current,Reverified,04/10/2020,08/17/2026,,Marketed by WG Critical Care,"Dexmedetomidine Hydrochloride, Injection, 4 ug/1 mL (NDC 44567-602-24)"
Remifentanil Hydrochloride Injection,REMIFENTANIL HYDROCHLORIDE,Hikma Pharmaceuticals USA Inc.,"Hikma Pharmaceuticals USA, Inc.",0143-9392,0143-9392-10,INTRAVENOUS,Injection,Analgesia/Addiction,HUMAN PRESCRIPTION DRUG,Current,Revised,06/28/2022,09/03/2026,,Estimated recovery: TBD,"Remifentanil Hydrochloride, Injection, 2 mg per vial (NDC 0143-9392-10)"
Lopinavir and Ritonavir Oral Solution,KALETRA,AbbVie Inc.,AbbVie Inc.,0074-3956,0074-3956-46,ORAL,Oral Solution,Antiviral,HUMAN PRESCRIPTION DRUG,To Be Discontinued,New,07/24/2026,07/24/2026,07/24/2026,Discontinuation of the manufacture of the drug,"Kaletra, Oral Solution, 80 mg/1 mL; 20 mg/1 mL (NDC 0074-3956-46)"
Etomidate Injection,ETOMIDATE,Armas Pharmaceuticals Inc.,"Caplin Steriles, Ltd.",72485-509,72485-509-10,INTRAVENOUS,Injection,Anesthesia,HUMAN PRESCRIPTION DRUG,Current,Revised,10/05/2022,06/16/2026,,"Check wholesalers for inventory; Marketed by Armas Pharmaceuticals, Inc. 908-803-2586","Etomidate, Injection, 2 mg/mL (NDC 72485-509-10)"
"Amphetamine Aspartate Monohydrate, Amphetamine Sulfate, Dextroamphetamine Saccharate, Dextroamphetamine Sulfate Tablet",DEXTROAMPHETAMINE SACCHARATE AND AMPHETAMINE ASPARTATE AND DEXTROAMPHETAMINE SULFATE AND AMPHETAMINE SULFATE,SpecGx LLC,SpecGx LLC,0406-8891,0406-8891-01,ORAL,Tablet,Psychiatry,HUMAN PRESCRIPTION DRUG,Current,Revised,10/12/2022,08/20/2026,,Estimated recovery: TBD,"Amphetamine Aspartate Monohydrate, Amphetamine Sulfate, Dextroamphetamine Saccharate, Dextroamphetamine Sulfate, Tablet, 1.25 mg; 1.25 mg; 1.25 mg; 1.25 mg (NDC 0406-8891-01)"
"Guanfacine Hydrochloride Tablet, Extended Release",GUANFACINE,"Actavis Pharma, Inc.","Actavis Pharma, Inc.",0228-2855,0228-2855-11,ORAL,Tablet,Psychiatry,HUMAN PRESCRIPTION DRUG,To Be Discontinued,New,11/13/2025,11/13/2025,11/13/2025,A business decision was made to discontinue manufacture of the drug.,"Guanfacine Hydrochloride, Tablet, Extended Release, 4 mg (NDC 0228-2855-11)"
Dacomitinib Tablet,VIZIMPRO,Pfizer Laboratories Div Pfizer Inc,Pfizer Inc.,0069-1198,0069-1198-30,ORAL,Tablet,Oncology,HUMAN PRESCRIPTION DRUG,To Be Discontinued,New,06/08/2026,06/08/2026,06/08/2026,Discontinuation of the manufacture of the drug,"Vizimpro, Tablet, 30 mg (NDC 0069-1198-30)"
Ropivacaine Hydrochloride Injection,ROPIVACAINE HYDROCHLORIDE,Sagent Pharmaceuticals,InfoRLife SA,25021-671,25021-671-66,EPIDURAL,Injection,Anesthesia,HUMAN PRESCRIPTION DRUG,Current,Reverified,03/27/2018,08/18/2026,,Estimated recovery: TBD; Marketed by Sagent Pharmaceuticals,"Ropivacaine Hydrochloride, Injection, 2 mg/1 mL (NDC 25021-671-66)"
Lorazepam Injection,LORAZEPAM,"Hospira, Inc.","Hospira, Inc., a Pfizer Company",0409-1985,0409-1985-30,INTRAMUSCULAR,Injection,Neurology,HUMAN PRESCRIPTION DRUG,Current,Revised,05/03/2018,09/09/2026,,Limited Supply Available. Next Delivery and Estimated Recovery: September 2026,"Lorazepam, Injection, 2 mg/1 mL Syringes (NDC 0409-1985-30)"
Flurazepam Hydrochloride Capsule,FLURAZEPAM HYDROCHLORIDE,"Chartwell RX, LLC",Chartwell Molecular Holdings LLC,62135-736,62135-736-90,ORAL,Capsule,Oncology,HUMAN PRESCRIPTION DRUG,Current,Reverified,08/03/2022,09/15/2026,,,"Flurazepam Hydrochloride, Capsule, 15 mg (NDC 62135-736-90)"
Dexmedetomidine Hydrochloride Injection,DEXMEDETOMIDINE,"WG Critical Care, LLC",HQ Specialty Pharma,44567-601,44567-601-04,INTRAVENOUS,Injection,Anesthesia,HUMAN PRESCRIPTION DRUG,Current,Reverified,04/10/2020,08/17/2026,,Marketed by WG Critical Care,"Dexmedetomidine Hydrochloride, Injection, 100 ug/1 mL (NDC 44567-601-04)"
"Amphetamine Aspartate Monohydrate, Amphetamine Sulfate, Dextroamphetamine Saccharate, Dextroamphetamine Sulfate Tablet",ADDERALL,"Teva Pharmaceuticals USA, Inc.","Teva Pharmaceuticals USA, Inc.",57844-120,57844-120-01,ORAL,Tablet,Psychiatry,HUMAN PRESCRIPTION DRUG,Current,Reverified,10/12/2022,09/15/2026,,,"Adderall, Tablet, 5 mg; 5 mg; 5 mg; 5 mg (NDC 57844-120-01)"
"Amphetamine Aspartate Monohydrate, Amphetamine Sulfate, Dextroamphetamine Saccharate, Dextroamphetamine Sulfate Tablet",DEXTROAMPHETAMINE SACCHARATE AND AMPHETAMINE ASPARTATE AND DEXTROAMPHETAMINE SULFATE AND AMPHETAMINE SULFATE,SpecGx LLC,SpecGx LLC,0406-8892,0406-8892-01,ORAL,Tablet,Psychiatry,HUMAN PRESCRIPTION DRUG,Current,Revised,10/12/2022,08/20/2026,,Estimated recovery: TBD,"Amphetamine Aspartate Monohydrate, Amphetamine Sulfate, Dextroamphetamine Saccharate, Dextroamphetamine Sulfate, Tablet, 2.5 mg; 2.5 mg; 2.5 mg; 2.5 mg (NDC 0406-8892-01)"
Azithromycin Tablet,ZITHROMAX,Pfizer Laboratories Div Pfizer Inc,Pfizer Inc.,0069-3070,0069-3070-30,ORAL,Tablet,Anti-Infective,HUMAN PRESCRIPTION DRUG,To Be Discontinued,New,04/09/2026,04/09/2026,04/09/2026,Discontinuation of the manufacture of the drug,"Zithromax, Tablet, 500 mg (NDC 0069-3070-30)"
Methotrexate Sodium Injection,METHOTREXATE,"Accord Healthcare, Inc.",Accord Healthcare Inc.,16729-277,16729-277-30,INTRA-ARTERIAL,Injection,Rheumatology,HUMAN PRESCRIPTION DRUG,Current,Reverified,03/13/2023,09/15/2026,,Estimated recovery: late September 2026; Short dated inventory with expiry of 09/30/27 available,"Methotrexate Sodium Preservative Free, Injection, 25 mg/1 mL (NDC 16729-277-30)"
Furosemide Injection,FUROSEMIDE,"Hospira, Inc.","Hospira, Inc., a Pfizer Company",0409-6102,0409-6102-04,INTRAMUSCULAR,Injection,Cardiovascular,HUMAN PRESCRIPTION DRUG,Current,Reverified,04/07/2020,09/09/2026,,,"Furosemide, Injection, 40 mg/4 mL (10 mg/1 mL) (NDC 0409-6102-04)"
Dextrose Monohydrate 5% Injection,DEXTROSE,B. Braun Medical Inc.,B. Braun Medical Inc.,0264-7510,0264-7510-20,INTRAVENOUS,Injection,Endocrinology/Metabolism,HUMAN PRESCRIPTION DRUG,Current,Reverified,02/14/2022,09/09/2026,,,"Dextrose Monohydrate 5%, Injection, 5 g/100 mL (NDC 0264-7510-20)"
Lidocaine Hydrochloride Injection,LIDOCAINE HYDROCHLORIDE,"Hospira, Inc.","Hospira, Inc., a Pfizer Company",0409-4776,0409-4776-01,EPIDURAL,Injection,Anesthesia,HUMAN PRESCRIPTION DRUG,Current,Reverified,02/22/2012,09/09/2026,,,"Lidocaine Hydrochloride Preservative Free, Injection, 300 mg/20 mL (1.5%; 15 mg/mL) (NDC 0409-4776-01)"
Dexmedetomidine Hydrochloride Injection,DEXMEDETOMIDINE HYDROCHLORIDE,Amneal Pharmaceuticals LLC,Amneal Pharmaceuticals,70121-1388,70121-1388-8,INTRAVENOUS,Injection,Anesthesia,HUMAN PRESCRIPTION DRUG,Current,Revised,04/10/2020,06/17/2026,,Inventory available 4 to 5 month as per current demand. Next supply: week of 06/29/2026,"Dexmedetomidine Hydrochloride, Injection, 4 ug/1 mL (NDC 70121-1388-8)"
Bupivacaine Hydrochloride Injection,MARCAINE,"Hospira, Inc.","Hospira, Inc., a Pfizer Company",0409-5010,0409-5010-01,EPIDURAL,Injection,Anesthesia,HUMAN PRESCRIPTION DRUG,Current,Revised,02/20/2018,09/11/2026,,,"Marcaine, Injection, 50 mg/10 mL (5 mg/mL) (NDC 0409-5010-01)"
Methylprednisolone Acetate Injection,DEPO-MEDROL,Pharmacia & Upjohn Company LLC,Pfizer Inc.,0009-0280,0009-0280-51,INTRALESIONAL,Injection,Rheumatology,HUMAN PRESCRIPTION DRUG,Current,Reverified,12/15/2021,09/08/2026,,,"Depo-medrol, Injection, 40 mg/1 mL (NDC 0009-0280-51)"
Icatibant Acetate Injection,ICATIBANT,"Fresenius Kabi USA, LLC","Fresenius Kabi USA, LLC",63323-574,63323-574-93,SUBCUTANEOUS,Injection,Hematology,HUMAN PRESCRIPTION DRUG,To Be Discontinued,New,05/07/2026,05/07/2026,05/07/2026,Discontinuation of the manufacturer of the drug,"Icatibant Acetate, Injection, 10 mg/1 mL (NDC 63323-574-93)"
Etomidate Injection,ETOMIDATE,Hikma Pharmaceuticals USA Inc.,"Hikma Pharmaceuticals USA, Inc.",0143-9310,0143-9310-10,INTRAVENOUS,Injection,Anesthesia,HUMAN PRESCRIPTION DRUG,Current,Reverified,10/05/2022,09/03/2026,,Novaplus label,"Etomidate, Injection, 2 mg/1 mL (NDC 0143-9310-10)"
Lisdexamfetamine Dimesylate Capsule,LISDEXAMFETAMINE DIMESYLATE,Mylan Pharmaceuticals Inc.,"Mylan Pharmaceuticals Inc., a Viatris Company",0378-6855,0378-6855-77,ORAL,Capsule,Psychiatry,HUMAN PRESCRIPTION DRUG,Current,Reverified,07/14/2023,09/17/2026,,,"Lisdexamfetamine Dimesylate, Capsule, 20 mg (NDC 0378-6855-77)"
"Epinephrine Bitartrate, Lidocaine Hydrochloride Injection",LIDOCAINE HYDROCHLORIDE AND EPINEPHRINE,"Hospira, Inc.","Hospira, Inc., a Pfizer Company",0409-3182,0409-3182-02,INFILTRATION,Injection,Anesthesia,HUMAN PRESCRIPTION DRUG,Current,Revised,02/22/2012,09/09/2026,,Limited Supply Available. Next Delivery: May 2027; Estimated Recovery: June 2027; Shortage per Manufacturer: Manufacturing Delay,"Lidocaine Hydrochloride and Epinephrine, Injection, 600 mg/30 mL (2%; 1:100,000) (NDC 0409-3182-02)"
Sterile Water Injection,STERILE WATER,"Fresenius Kabi USA, LLC","Fresenius Kabi USA, LLC",63323-185,63323-185-10,INTRAMUSCULAR,Injection,Other,HUMAN PRESCRIPTION DRUG,Current,Reverified,11/23/2021,09/15/2026,,Next release September 2026. Check wholesalers for inventory.,"Sterile Water For Injection In Plastic Container, Injection, 1 mL/1 mL (NDC 63323-185-10)"
"Methylphenidate Hydrochloride Tablet, Extended Release",RELEXXII,"Vertical Pharmaceuticals, LLC","Vertical Pharmaceuticals, LLC",68025-084,68025-084-30,ORAL,Tablet,Psychiatry,HUMAN PRESCRIPTION DRUG,Current,Reverified,07/26/2023,09/16/2026,,,"Relexxii, Tablet, Extended Release, 72 mg (NDC 68025-084-30)"
Heparin Sodium Injection,HEPARIN SODIUM,"Fresenius Kabi USA, LLC","Fresenius Kabi USA, LLC",63323-519,63323-519-77,INTRAVENOUS,Injection,Hematology,HUMAN PRESCRIPTION DRUG,Current,Reverified,11/14/2017,09/15/2026,,Next release September 2026. Check wholesalers for inventory.,"Heparin Sodium, Injection, 200 [USP'U]/100 mL (NDC 63323-519-77)"
Dextrose Monohydrate 70% Injection,DEXTROSE,ICU Medical Inc.,Otsuka ICU Medical LLC,0990-7918,0990-7918-19,INTRAVENOUS,Injection,Endocrinology/Metabolism,HUMAN PRESCRIPTION DRUG,Current,Reverified,10/11/2024,09/16/2026,,"This product is distributed by ICU Medical. For questions regarding this product, please contact ICU Medical.","DEXTROSE 70% IN PLASTIC CONTAINER, Injection, 70 g/100 mL (NDC 0990-7918-19)"
Lidocaine Hydrochloride Injection,XYLOCAINE MPF,"Fresenius Kabi USA, LLC","Fresenius Kabi USA, LLC",63323-492,63323-492-27,EPIDURAL,Injection,Anesthesia,HUMAN PRESCRIPTION DRUG,Current,Revised,02/22/2012,09/15/2026,,Next release October 2026. Check wholesalers for inventory.,"Xylocaine, Injection, 10 mg/1 mL (NDC 63323-492-27)"
Dextrose Monohydrate 5% Injection,DEXTROSE,B. Braun Medical Inc.,B. Braun Medical Inc.,0264-1510,0264-1510-32,INTRAVENOUS,Injection,Endocrinology/Metabolism,HUMAN PRESCRIPTION DRUG,Current,Reverified,02/14/2022,09/09/2026,,,"Dextrose 5% In Plastic Container, Injection, 50 mg/1 mL (NDC 0264-1510-32)"
Triamcinolone Acetonide Injection,TRIESENCE,"Harrow Eye, LLC","Harrow Eye, LLC",82667-800,82667-800-01,OPHTHALMIC,Injection,Ophthalmology,HUMAN PRESCRIPTION DRUG,Resolved,New,09/27/2021,07/31/2026,,,"Triesence, Injection, 40 mg/1 mL (NDC 82667-800-01)"
Ampicillin Sodium Injection,AMPICILLIN,Sandoz Inc,Sandoz Inc.,0781-9408,0781-9408-95,INTRAMUSCULAR,Injection,Anti-Infective,HUMAN PRESCRIPTION DRUG,To Be Discontinued,New,12/08/2025,12/08/2025,12/08/2025,Discontinuation of private label only,"Ampicillin Sodium, Injection, 2 g (NDC 0781-9408-95)"
Hydromorphone Hydrochloride Injection,HYDROMORPHONE HYDROCHLORIDE,"Hospira, Inc.","Hospira, Inc., a Pfizer Company",0409-3365,0409-3365-10,INTRAMUSCULAR,Injection,Analgesia/Addiction,HUMAN PRESCRIPTION DRUG,Current,Reverified,10/31/2017,09/09/2026,,,"Hydromorphone Hydrochloride, Injection, 2 mg/1 mL (NDC 0409-3365-10)"
"Epinephrine Bitartrate, Lidocaine Hydrochloride Injection",LIDOCAINE HYDROCHLORIDE AND EPINEPHRINE,"Hospira, Inc.","Hospira, Inc., a Pfizer Company",0409-3182,0409-3182-01,INFILTRATION,Injection,Anesthesia,HUMAN PRESCRIPTION DRUG,Current,Revised,02/22/2012,09/09/2026,,Next Delivery and Estimated Recovery: December 2028; Shortage per Manufacturer: Manufacturing Delay,"Lidocaine Hydrochloride And Epinephrine, Injection, 400 mg/20 mL (2%; 1:100,000) (NDC 0409-3182-01)"
Lisdexamfetamine Dimesylate Capsule,LISDEXAMFETAMINE DIMESYLATE,Alvogen Inc.,Alvogen,47781-563,47781-563-01,ORAL,Capsule,Psychiatry,HUMAN PRESCRIPTION DRUG,Current,Reverified,07/14/2023,09/17/2026,,,"Lisdexamfetamine Dimesylate, Capsule, 20 mg (NDC 47781-563-01)"
Dextrose Monohydrate 70% Injection,DEXTROSE,Baxter Healthcare Corporation,Baxter Healthcare,0338-0719,0338-0719-06,INTRAVENOUS,Injection,Endocrinology/Metabolism,HUMAN PRESCRIPTION DRUG,Current,Reverified,10/11/2024,09/04/2026,,Estimated recovery: September 2026,"Dextrose Monohydrate 70%, Injection, 70 g/100 mL (NDC 0338-0719-06)"
"Bupivacaine Hydrochloride, Epinephrine Bitartrate Injection",SENSORCAINE,"Fresenius Kabi USA, LLC","Fresenius Kabi USA, LLC",63323-461,63323-461-57,INFILTRATION,Injection,Anesthesia,HUMAN PRESCRIPTION DRUG,Current,Reverified,02/20/2018,09/15/2026,,Check wholesaler for inventory,"Sensorcaine, Injection, 2.5 mg/1 mL; .005 mg/1 mL (NDC 63323-461-57)"
Midazolam Hydrochloride Injection,MIDAZOLAM HYDROCHLORIDE,Heritage Pharmaceuticals Inc. d/b/a Avet Pharmaceuticals Inc.,"Avet Pharmaceuticals, Inc.",23155-601,23155-601-42,INTRAMUSCULAR,Injection,Anesthesia,HUMAN PRESCRIPTION DRUG,Current,Reverified,04/02/2020,09/01/2026,,,"Midazolam Hydrochloride, Injection, 5 mg/1 mL (NDC 23155-601-42)"
Ketorolac Tromethamine Injection,KETOROLAC TROMETHAMINE,"Hospira, Inc.","Hospira, Inc., a Pfizer Company",0409-3795,0409-3795-25,INTRAMUSCULAR,Injection,Analgesia/Addiction,HUMAN PRESCRIPTION DRUG,Current,Revised,03/26/2018,09/09/2026,,Next Delivery and Estimated Recovery: June 2027; Shortage per Manufacturer: Manufacturing Delay,"Ketorolac Tromethamine, Injection, 30 mg/1 mL (NDC 0409-3795-25)"
"Fluvastatin Sodium Tablet, Extended Release",LESCOL XL,Sandoz Inc,Sandoz Inc.,66758-211,66758-211-31,ORAL,Tablet,Cardiovascular,HUMAN PRESCRIPTION DRUG,To Be Discontinued,New,01/27/2026,01/27/2026,01/27/2026,Discontinuation of the manufacture of the drug,"Lescol XL, Tablet, Extended Release, 80 mg (NDC 66758-211-31)"
Lisdexamfetamine Dimesylate Capsule,LISDEXAMFETAMINE DIMESYLATE,Hikma Pharmaceuticals USA Inc.,"Hikma Pharmaceuticals USA, Inc.",0054-0374,0054-0374-25,ORAL,Capsule,Psychiatry,HUMAN PRESCRIPTION DRUG,Current,Reverified,07/14/2023,09/03/2026,,Available on allocation,"Lisdexamfetamine Dimesylate, Capsule, 60 mg (NDC 0054-0374-25)"
Etomidate Injection,ETOMIDATE,Hikma Pharmaceuticals USA Inc.,"Hikma Pharmaceuticals USA, Inc.",0143-9311,0143-9311-10,INTRAVENOUS,Injection,Anesthesia,HUMAN PRESCRIPTION DRUG,Current,Reverified,10/05/2022,09/03/2026,,Novaplus label,"Etomidate, Injection, 2 mg/1 mL (NDC 0143-9311-10)"
Carboplatin Injection,CARBOPLATIN,Apotex Corp.,Teyro Labs,60505-6282,60505-6282-7,INTRAVENOUS,Injection,Oncology,HUMAN PRESCRIPTION DRUG,To Be Discontinued,New,06/01/2026,06/01/2026,06/01/2026,Wholesaler & Distributor through Marketing partner (Apotex Inc.); Discontinuation of the manufacture of the drug,"Carboplatin, Injection, 600 mg/60 mL (10 mg/mL) Multiple Dose Vial (NDC 60505-6282-7)"
Pilocarpine Hydrochloride Ophthalmic Solution,VUITY,AbbVie Inc.,AbbVie Inc.,0074-7098,0074-7098-05,OPHTHALMIC,Ophthalmic Solution,Ophthalmology,HUMAN PRESCRIPTION DRUG,To Be Discontinued,New,03/24/2026,03/24/2026,03/24/2026,Discontinuation of the manufacture of the drug,"Vuity, Ophthalmic Solution, 12.5 mg/1 mL (NDC 0074-7098-05)"
Lisdexamfetamine Dimesylate Capsule,LISDEXAMFETAMINE DIMESYLATE,SpecGx LLC,SpecGx LLC,0406-5113,0406-5113-01,ORAL,Capsule,Psychiatry,HUMAN PRESCRIPTION DRUG,Current,Reverified,07/14/2023,08/20/2026,,,"Lisdexamfetamine Dimesylate, Capsule, 30 mg (NDC 0406-5113-01)"
Hydrochlorothiazide; Quinapril Hydrochloride Tablet,,Pfizer Inc.,Pfizer Inc.,,0071-3112-23,,Tablet,Cardiovascular,,To Be Discontinued,New,10/01/2025,10/01/2025,10/01/2025,Discontinuation of the manufacture of the drug,"Accuretic, Tablet, 12.5 mg; 10 mg (NDC 0071-3112-23)"
"Amphetamine Aspartate Monohydrate, Amphetamine Sulfate, Dextroamphetamine Saccharate, Dextroamphetamine Sulfate Tablet","DEXTROAMPHETAMINE SACCHARATE, AMPHETAMINE ASPARTATE, DEXTROAMPHETAMINE SULFATE AND AMPHETAMINE SULFATE","Aurolife Pharma, LLC",Aurobindo Pharma USA,13107-074,13107-074-01,ORAL,Tablet,Psychiatry,HUMAN PRESCRIPTION DRUG,Current,Reverified,10/12/2022,07/21/2026,,Estimated availability: October 2026,"Amphetamine Aspartate Monohydrate, Amphetamine Sulfate, Dextroamphetamine Saccharate, Dextroamphetamine Sulfate, Tablet, 7.5 mg; 7.5 mg; 7.5 mg; 7.5 mg (NDC 13107-074-01)"
Hydrochlorothiazide; Quinapril Hydrochloride Tablet,,Pfizer Inc.,Pfizer Inc.,,0071-5212-23,,Tablet,Cardiovascular,,To Be Discontinued,New,10/01/2025,10/01/2025,10/01/2025,Discontinuation of the manufacture of the drug,"Accuretic, Tablet, 12.5 mg; 20 mg (NDC 0071-5212-23)"
Carboplatin Injection,CARBOPLATIN,BPI Labs LLC,Gland Pharma Limited,54288-165,54288-165-01,INTRAVENOUS,Injection,Oncology,HUMAN PRESCRIPTION DRUG,Current,Revised,04/28/2023,09/15/2026,,"Distributed by BPI Labs, LLC","Carboplatin, Injection, 150mg/15mL (NDC 54288-165-01)"
Morphine Sulfate Tablet,MORPHINE SULFATE,"Upsher-Smith Laboratories, LLC","Upsher-Smith Laboratories, LLC",0832-0273,0832-0273-11,ORAL,Tablet,Analgesia/Addiction,HUMAN PRESCRIPTION DRUG,To Be Discontinued,New,12/22/2025,12/22/2025,12/22/2025,Discontinuation of the manufacture of the drug,"Morphine Sulfate, Tablet, 15 mg (NDC 0832-0273-11)"
Lidocaine Hydrochloride Injection,XYLOCAINE,"Fresenius Kabi USA, LLC","Fresenius Kabi USA, LLC",63323-486,63323-486-17,INFILTRATION,Injection,Anesthesia,HUMAN PRESCRIPTION DRUG,Current,Reverified,02/22/2012,09/15/2026,,Check wholesalers for inventory,"Xylocaine, Injection, 20 mg/1 mL (NDC 63323-486-17)"
Furosemide Injection,FUROSEMIDE,"Accord Healthcare, Inc.",Accord Healthcare Inc.,16729-502,16729-502-43,INTRAMUSCULAR,Injection,Cardiovascular,HUMAN PRESCRIPTION DRUG,Current,Reverified,04/07/2020,09/15/2026,,Estimated recovery: TBD,"Furosemide, Injection, 10 mg/1 mL (NDC 16729-502-43)"
Lisdexamfetamine Dimesylate Capsule,LISDEXAMFETAMINE DIMESYLATE,Amneal Pharmaceuticals LLC,Amneal Pharmaceuticals,65162-028,65162-028-09,ORAL,Capsule,Psychiatry,HUMAN PRESCRIPTION DRUG,Current,Reverified,07/14/2023,06/17/2026,,,"Lisdexamfetamine Dimesylate, Capsule, 70 mg (NDC 65162-028-09)"
Fondaparinux Sodium Injection,FONDAPARINUX SODIUM,Sandoz Inc.,"Jiangsu Hengrui Pharmaceuticals Co. (US Agent eVenus Pharmaceutical Laboratories, Inc.)",0781-3476,0781-3476-95,SUBCUTANEOUS,Injection,Hematology,HUMAN PRESCRIPTION DRUG,To Be Discontinued,New,09/29/2025,09/29/2025,09/29/2025,Discontinuation of the manufacture of the drug; Distributed by Sandoz Inc.,"Fondaparinux Sodium, Injection, 10 mg/.8 mL (NDC 0781-3476-95)"
Amino Acid Injection,TROPHAMINE,B. Braun Medical Inc.,B. Braun Medical Inc.,0264-1933,0264-1933-10,INTRAVENOUS,Injection,Gastroenterology,HUMAN PRESCRIPTION DRUG,Current,Reverified,12/08/2020,09/09/2026,,,"TrophAmine 10%, Injection, 0.1 (NDC 0264-1933-10)"
Atropine Sulfate Injection,ATROPINE SULFATE,"International Medication Systems, Limited","Amphastar Pharmaceuticals, Inc.",76329-3340,76329-3340-1,INTRAVENOUS,Injection,Anesthesia,HUMAN PRESCRIPTION DRUG,Current,Reverified,01/01/2020,09/16/2026,,,"Atropine Sulfate, Injection, .1 mg/1 mL (NDC 76329-3340-1)"
Lisdexamfetamine Dimesylate Capsule,LISDEXAMFETAMINE DIMESYLATE,"Sun Pharmaceutical Industries, Inc.","Sun Pharmaceutical Industries, Inc.",57664-046,57664-046-88,ORAL,Capsule,Psychiatry,HUMAN PRESCRIPTION DRUG,Current,Revised,07/14/2023,08/27/2026,,Estimated recovery: TBD,"Lisdexamfetamine Dimesylate, Capsule, 10 mg (NDC 57664-046-88)"
Furosemide Injection,FUROSEMIDE,Baxter Healthcare Corporation,Baxter Healthcare,36000-284,36000-284-25,INTRAVENOUS,Injection,Cardiovascular,HUMAN PRESCRIPTION DRUG,Current,Reverified,04/07/2020,09/17/2026,,,"Furosemide, Injection, 10 mg/1 mL (NDC 36000-284-25)"
"Lisdexamfetamine Dimesylate Tablet, Chewable",LISDEXAMFETAMINE DIMESYLATE,"Sun Pharmaceutical Industries, Inc.","Sun Pharmaceutical Industries, Inc.",57664-087,57664-087-88,ORAL,"Tablet, Chewable",Psychiatry,HUMAN PRESCRIPTION DRUG,Current,Revised,07/14/2023,08/27/2026,,,"Lisdexamfetamine Dimesylate, Tablet, Chewable, 50 mg (NDC 57664-087-88)"
Furosemide Injection,FUROSEMIDE,Baxter Healthcare Corporation,Baxter Healthcare,36000-282,36000-282-25,INTRAVENOUS,Injection,Cardiovascular,HUMAN PRESCRIPTION DRUG,Current,Reverified,04/07/2020,09/17/2026,,,"Furosemide, Injection, 10 mg/1 mL (NDC 36000-282-25)"
Cetrorelix Acetate Injection,,"Teva Pharmaceuticals USA, Inc.","Teva Pharmaceuticals USA, Inc.",,0480-5795-08,,Injection,Reproductive,,To Be Discontinued,New,11/13/2025,11/13/2025,11/13/2025,Discontinuation of the manufacture of the drug,"Cetrorelix Acetate, Injection, Kit (NDC 0480-5795-08)"
Quinapril Hydrochloride Tablet,QUINAPRIL,Aurobindo Pharma Limited,Aurobindo Pharma USA,65862-618,65862-618-90,ORAL,Tablet,Cardiovascular,HUMAN PRESCRIPTION DRUG,Current,Reverified,01/19/2023,06/02/2026,,Discontinuation of the manufacture of the drug,"Quinapril Hydrochloride, Tablet, 10 mg (NDC 65862-618-90)"
Lisdexamfetamine Dimesylate Capsule,,"Lannett Company, Inc.","Lannett Company, Inc.",,0527-4664-37,,Capsule,Psychiatry,,Current,Reverified,07/14/2023,09/15/2026,,,"Lisdexamfetamine Dimesylate, Capsule, 40 mg (NDC 0527-4664-37)"
Hydromorphone Hydrochloride Injection,HYDROMORPHONE HYDROCHLORIDE,"Fresenius Kabi USA, LLC","Fresenius Kabi USA, LLC",63323-853,63323-853-25,INTRAMUSCULAR,Injection,Analgesia/Addiction,HUMAN PRESCRIPTION DRUG,Current,Reverified,10/31/2017,09/15/2026,,Next release September 2026. Check wholesalers for inventory.,"Hydromorphone Hydrochloride, Injection, 2 mg/1 mL (NDC 63323-853-25)"
Lorazepam Injection,LORAZEPAM,Hikma Pharmaceuticals USA Inc.,"Hikma Pharmaceuticals USA, Inc.",0641-6047,0641-6047-10,INTRAMUSCULAR,Injection,Neurology,HUMAN PRESCRIPTION DRUG,Current,Revised,05/03/2018,09/03/2026,,Estimated recovery: TBD,"Lorazepam, Injection, 4 mg/1 mL (NDC 0641-6047-10)"
Hydromorphone Hydrochloride Injection,HYDROMORPHONE HYDROCHLORIDE,"Fresenius Kabi USA, LLC","Fresenius Kabi USA, LLC",63323-854,63323-854-10,INTRAMUSCULAR,Injection,Analgesia/Addiction,HUMAN PRESCRIPTION DRUG,Current,Reverified,11/01/2017,09/15/2026,,Check wholesalers for inventory,"Hydromorphone Hydrochloride, Injection, 4 mg/1 mL (NDC 63323-854-10)"
"Amphetamine Aspartate Monohydrate, Amphetamine Sulfate, Dextroamphetamine Saccharate, Dextroamphetamine Sulfate Tablet",DEXTROAMPHETAMINE SACCHARATE AND AMPHETAMINE ASPARTATE AND DEXTROAMPHETAMINE SULFATE AND AMPHETAMINE SULFATE,SpecGx LLC,SpecGx LLC,0406-8885,0406-8885-01,ORAL,Tablet,Psychiatry,HUMAN PRESCRIPTION DRUG,Current,Reverified,10/12/2022,08/20/2026,,,"Amphetamine Aspartate Monohydrate, Amphetamine Sulfate, Dextroamphetamine Saccharate, Dextroamphetamine Sulfate, Tablet, 3.75 mg; 3.75 mg; 3.75 mg; 3.75 mg (NDC 0406-8885-01)"
Ropivacaine Hydrochloride Injection,ROPIVACAINE HYDROCHLORIDE,Eugia US LLC,Eugia US LLC,55150-196,55150-196-99,EPIDURAL,Injection,Anesthesia,HUMAN PRESCRIPTION DRUG,Current,Reverified,03/23/2018,09/17/2026,,Check wholesalers for inventory,"Ropivacaine Hydrochloride, Injection, 2 mg/1 mL (NDC 55150-196-99)"
"Amphetamine Aspartate Monohydrate, Amphetamine Sulfate, Dextroamphetamine Saccharate, Dextroamphetamine Sulfate Tablet","DEXTROAMPHETAMINE SACCHARATE, AMPHETAMINE ASPARTATE, DEXTROAMPHETAMINE SULFATE AND AMPHETAMINE SULFATE",Granules Pharmaceuticals Inc.,Granules Pharmaceuticals Inc.,70010-115,70010-115-01,ORAL,Tablet,Psychiatry,HUMAN PRESCRIPTION DRUG,Current,Reverified,10/12/2022,08/18/2026,,Estimated recovery: October 2026,"Amphetamine Aspartate Monohydrate, Amphetamine Sulfate, Dextroamphetamine Saccharate, Dextroamphetamine Sulfate, Tablet, 3.75 mg; 3.75 mg; 3.75 mg; 3.75 mg (NDC 70010-115-01)"
Ketorolac Tromethamine Tablet,KETOROLAC TROMETHAMINE,Mylan Pharmaceuticals Inc.,"Mylan Pharmaceuticals Inc., a Viatris Company",0378-1134,0378-1134-01,ORAL,Tablet,Analgesia/Addiction,HUMAN PRESCRIPTION DRUG,To Be Discontinued,New,04/20/2026,04/20/2026,04/20/2026,Discontinuation of the manufacture of the drug,"Ketorolac Tromethamine, Tablet, 10 mg (NDC 0378-1134-01)"
Anagrelide Hydrochloride Capsule,,"Teva Pharmaceuticals USA, Inc.","Teva Pharmaceuticals USA, Inc.",,0172-5241-60,,Capsule,Hematology,,To Be Discontinued,New,11/19/2025,11/19/2025,11/19/2025,A business decision was made to discontinue manufacture of the drug.,"Anagrelide Hydrochloride, Capsule, 0.5 mg (NDC 0172-5241-60)"
"Lamotrigine Tablet, Extended Release",LAMOTRIGINE EXTENDED RELEASE,"Par Health USA, LLC","Par Health, Inc.",49884-561,49884-561-11,ORAL,Tablet,Neurology,HUMAN PRESCRIPTION DRUG,To Be Discontinued,New,04/29/2026,04/29/2026,04/29/2026,Discontinuation of the manufacture of the drug,"Lamotrigine, Tablet, Extended Release, 25 mg (NDC 49884-561-11)"
Clonazepam Tablet,CLONAZEPAM,Accord Healthcare Inc.,Accord Healthcare Inc.,16729-137,16729-137-16,ORAL,Tablet,Neurology,HUMAN PRESCRIPTION DRUG,Current,Reverified,03/10/2023,09/15/2026,,,"Clonazepam, Tablet, 1 mg (NDC 16729-137-16)"
Rifampin Capsule,RIFAMPIN,"Lupin Pharmaceuticals, Inc.","Lupin Pharmaceuticals, Inc.",68180-659,68180-659-07,ORAL,Capsule,Anti-Infective,HUMAN PRESCRIPTION DRUG,Current,Reverified,12/22/2021,09/01/2026,,,"Rifampin, Capsule, 300 mg (NDC 68180-659-07)"
"Lisdexamfetamine Dimesylate Tablet, Chewable",LISDEXAMFETAMINE DIMESYLATE,Novadoz Pharmaceuticals LLC,Novadoz Pharmaceuticals LLC,72205-134,72205-134-91,ORAL,"Tablet, Chewable",Psychiatry,HUMAN PRESCRIPTION DRUG,Current,Reverified,07/14/2023,09/16/2026,,,"Lisdexamfetamine Dimesylate, Tablet, Chewable, 30 mg (NDC 72205-134-91)"
Hydromorphone Hydrochloride Injection,,"Hikma Pharmaceuticals USA, Inc.","Hikma Pharmaceuticals USA, Inc.",,0641-0121-25,,Injection,Analgesia/Addiction,,Current,Revised,11/03/2017,09/03/2026,,Additional lots are scheduled for manufacturing to meet demand.  Product will be made available as it is released.,"Hydromorphone Hydrochloride, Injection, 2 mg/1 mL (NDC 0641-0121-25)"
Methotrexate Sodium Injection,METHOTREXATE,"Teva Parenteral Medicines, Inc.","Teva Pharmaceuticals USA, Inc.",0703-3675,0703-3675-01,INTRA-ARTERIAL,Injection,Rheumatology,HUMAN PRESCRIPTION DRUG,Current,Revised,03/13/2023,09/15/2026,,Estimated recovery: December 2026,"Methotrexate Sodium Preservative Free, Injection, 25 mg/1 mL (NDC 0703-3675-01)"
Hydromorphone Hydrochloride Injection,HYDROMORPHONE HYDROCHLORIDE,Hikma Pharmaceuticals USA Inc.,"Hikma Pharmaceuticals USA, Inc.",0641-6254,0641-6254-01,INTRAMUSCULAR,Injection,Analgesia/Addiction,HUMAN PRESCRIPTION DRUG,Current,Revised,11/01/2017,09/03/2026,,Product temporarily on backorder.  Additional lots will be available in the September 2026 timeframe.,"Hydromorphone Hydrochloride, Injection, 2 mg/1 mL (NDC 0641-6254-01)"
Cromolyn Sodium Concentrate,GASTROCROM,Viatris Specialty LLC,"Mylan Specialty, a Viatris Company",0037-0678,0037-0678-96,ORAL,Concentrate,Pulmonary/Allergy,HUMAN PRESCRIPTION DRUG,Current,Reverified,11/03/2023,09/17/2026,,,"Gastrocrom, Concentrate, 20 mg/1 mL (NDC 0037-0678-96)"
Rocuronium Bromide Injection,ROCURONIUM BROMIDE,Meitheal Pharmaceuticals Inc.,"Meitheal Pharmaceuticals, Inc.",71288-718,71288-718-11,INTRAVENOUS,Injection,Anesthesia,HUMAN PRESCRIPTION DRUG,Current,Reverified,02/15/2023,08/27/2026,,,"Rocuronium Bromide, Injection, 10 mg/1 mL (NDC 71288-718-11)"
Meperidine Hydrochloride Injection,DEMEROL,"Hospira, Inc.","Hospira, Inc., a Pfizer Company",0409-1176,0409-1176-30,INTRAMUSCULAR,Injection,Analgesia/Addiction,HUMAN PRESCRIPTION DRUG,Current,Revised,05/30/2025,09/09/2026,,,"Demerol, Injection, 25 mg/1 mL (NDC 0409-1176-30)"
Ketorolac Tromethamine Injection,KETOROLAC TROMETHAMINE,Hikma Pharmaceuticals USA Inc.,"Hikma Pharmaceuticals USA, Inc.",0641-6043,0641-6043-25,INTRAMUSCULAR,Injection,Analgesia/Addiction,HUMAN PRESCRIPTION DRUG,Current,Revised,06/06/2018,09/03/2026,,Estimated recovery: TBD,"Ketorolac Tromethamine, Injection, 30 mg/1 mL (NDC 0641-6043-25)"
Methylprednisolone Acetate Injection,METHYLPREDNISOLONE ACETATE,Sagent Pharmaceuticals,Sagent Pharmaceuticals,25021-821,25021-821-05,INTRA-ARTICULAR,Injection,Rheumatology,HUMAN PRESCRIPTION DRUG,Current,Reverified,12/15/2021,08/18/2026,,"Estimated recovery: November 2026, Product on hand is 8-12 months of dating prior to expiry","Methylprednisolone Acetate, Injection, 80 mg/1 mL (NDC 25021-821-05)"
Ketorolac Tromethamine Injection,KETOROLAC TROMETHAMINE,FOSUN PHARMA USA INC,Gland Pharma Limited,72266-118,72266-118-25,INTRAMUSCULAR,Injection,Analgesia/Addiction,HUMAN PRESCRIPTION DRUG,Current,Reverified,06/06/2018,07/22/2026,,"Distributed by Fosun Pharma USA, Inc.. To order, contact: 833-291-9645.","Ketorolac Tromethamine, Injection, 30 mg/1 mL (NDC 72266-118-25)"
Dexmedetomidine Hydrochloride Injection,DEXMEDETOMIDINE,"WG Critical Care, LLC",HQ Specialty Pharma,44567-600,44567-600-04,INTRAVENOUS,Injection,Anesthesia,HUMAN PRESCRIPTION DRUG,Current,Reverified,04/10/2020,08/17/2026,,Marketed by WG Critical Care,"Dexmedetomidine Hydrochloride, Injection, 100 ug/1 mL (NDC 44567-600-04)"
Ropivacaine Hydrochloride Injection,NAROPIN,"Fresenius Kabi USA, LLC","Fresenius Kabi USA, LLC",63323-285,63323-285-65,EPIDURAL,Injection,Anesthesia,HUMAN PRESCRIPTION DRUG,Current,Reverified,03/23/2018,09/15/2026,,Check wholesalers for inventory,"Naropin, Injection, 2 mg/1 mL (NDC 63323-285-65)"
"Methylphenidate Hydrochloride Tablet, Extended Release",RELEXXII,"Vertical Pharmaceuticals, LLC","Vertical Pharmaceuticals, LLC",68025-097,68025-097-10,ORAL,Tablet,Psychiatry,HUMAN PRESCRIPTION DRUG,Current,Reverified,07/26/2023,09/16/2026,,,"Relexxii, Tablet, Extended Release, 36 mg (NDC 68025-097-10)"
Lidocaine Hydrochloride Injection,LIDOCAINE HYDROCHLORIDE,"Hospira, Inc.","Hospira, Inc., a Pfizer Company",0409-4283,0409-4283-01,RETROBULBAR,Injection,Anesthesia,HUMAN PRESCRIPTION DRUG,Current,Reverified,02/22/2012,09/09/2026,,,"Lidocaine Hydrochloride Preservative Free, Injection, 200 mg/5 mL (4%; 40 mg/mL) (NDC 0409-4283-01)"
Morphine Sulfate Injection,MORPHINE SULFATE,"Hospira, Inc.","Hospira, Inc., a Pfizer Company",0409-1896,0409-1896-20,INTRAVENOUS,Injection,Analgesia/Addiction,HUMAN PRESCRIPTION DRUG,Current,Revised,10/31/2017,09/09/2026,,Next Delivery: January 2027; Estimated Recovery: March 2027; Shortage per Manufacturer: Manufacturing Delay,"Morphine Sulfate, Injection, 50 mg/1 mL (NDC 0409-1896-20)"
Lidocaine Hydrochloride Injection,LIDOCAINE HYDROCHLORIDE,Eugia US LLC,Eugia US LLC,55150-162,55150-162-05,EPIDURAL,Injection,Anesthesia,HUMAN PRESCRIPTION DRUG,Current,Reverified,02/20/2018,09/17/2026,,Check wholesalers for inventory,"Lidocaine Hydrochloride, Injection, 10 mg/1 mL (NDC 55150-162-05)"
Doxercalciferol Injection,,Sanofi-Aventis U.S. LLC,Sanofi-Aventis U.S. LLC,,58468-0126-1,,Injection,Endocrinology/Metabolism,,To Be Discontinued,New,12/10/2025,12/10/2025,12/10/2025,Discontinuation of the manufacture of the drug,"Hectorol, Injection, 2 mcg/mL injection 50 single-dose vials (NDC 58468-0126-1)"
Bumetanide Injection,BUMETANIDE,"Fresenius Kabi USA, LLC","Fresenius Kabi USA, LLC",65219-572,65219-572-10,INTRAMUSCULAR,Injection,Cardiovascular,HUMAN PRESCRIPTION DRUG,Current,Reverified,01/31/2018,09/15/2026,,Check wholesalers for inventory,"Bumetanide, Injection, .25 mg/1 mL (NDC 65219-572-10)"
Omeprazole Delayed Release Capsule,OMEPRAZOLE,Sandoz Inc,Sandoz Inc.,0781-2868,0781-2868-92,ORAL,,Gastroenterology,HUMAN PRESCRIPTION DRUG,To Be Discontinued,New,10/09/2025,10/09/2025,10/09/2025,Discontinuation of the manufacture of the drug,"Omeprazole, Delayed Release Capsule, 20 mg (NDC 0781-2868-92)"
Pindolol Tablet,PINDOLOL,"Sun Pharmaceutical Industries, Inc.","Sun Pharmaceutical Industries, Inc.",57664-656,57664-656-88,ORAL,Tablet,Cardiovascular,HUMAN PRESCRIPTION DRUG,To Be Discontinued,New,01/30/2026,01/30/2026,01/30/2026,Discontinuation of the manufacture of the drug; Expiry date of last distributed batch October 2026,"Pindolol, Tablet, 10 mg (NDC 57664-656-88)"
"Amphetamine Aspartate Monohydrate, Amphetamine Sulfate, Dextroamphetamine Saccharate, Dextroamphetamine Sulfate Tablet","DEXTROAMPHETAMINE SACCHARATE, AMPHETAMINE ASPARTATE, DEXTROAMPHETAMINE SULFATE AND AMPHETAMINE SULFATE","Elite Laboratories, Inc.","Elite Laboratories, Inc.",64850-503,64850-503-01,ORAL,Tablet,Psychiatry,HUMAN PRESCRIPTION DRUG,Current,Reverified,10/12/2022,09/16/2026,,,"Amphetamine Aspartate Monohydrate, Amphetamine Sulfate, Dextroamphetamine Saccharate, Dextroamphetamine Sulfate, Tablet, 3.125 mg; 3.125 mg; 3.125 mg; 3.125 mg (NDC 64850-503-01)"
Lisdexamfetamine Dimesylate Capsule,LISDEXAMFETAMINE DIMESYLATE,"Solco Healthcare US,LLC","Solco Healthcare US, LLC",43547-608,43547-608-10,ORAL,Capsule,Psychiatry,HUMAN PRESCRIPTION DRUG,Current,Reverified,07/14/2023,06/29/2026,,On allocation,"Lisdexamfetamine Dimesylate, Capsule, 70 mg (NDC 43547-608-10)"
Dextrose Monohydrate 5% Injection,DEXTROSE,B. Braun Medical Inc.,B. Braun Medical Inc.,0264-7510,0264-7510-00,INTRAVENOUS,Injection,Endocrinology/Metabolism,HUMAN PRESCRIPTION DRUG,Current,Reverified,02/14/2022,09/09/2026,,,"Dextrose Monohydrate 5%, Injection, 5 g/100 mL (NDC 0264-7510-00)"
Sodium Acetate Injection,SODIUM ACETATE,Hikma Pharmaceuticals USA Inc.,"Hikma Pharmaceuticals USA, Inc.",0641-6261,0641-6261-01,INTRAVENOUS,Injection,Endocrinology/Metabolism,HUMAN PRESCRIPTION DRUG,Current,Reverified,02/03/2016,09/03/2026,,Additional lots will be available. Product will be made available as it is released.,"Sodium Acetate, Injection, 40 mEq/20mL (2 mEq/mL) (NDC 0641-6261-01)"
Morphine Sulfate Injection,MORPHINE SULFATE,"Fresenius Kabi USA, LLC","Fresenius Kabi USA, LLC",63323-451,63323-451-01,INTRAMUSCULAR,Injection,Analgesia/Addiction,HUMAN PRESCRIPTION DRUG,Current,Reverified,10/31/2017,09/15/2026,,Check wholesalers for inventory,"Morphine Sulfate, Injection, 10 mg/1 mL (NDC 63323-451-01)"
Lidocaine Hydrochloride Injection,LIDOCAINE HYDROCHLORIDE,"Hospira, Inc.","Hospira, Inc., a Pfizer Company",0409-4278,0409-4278-01,INFILTRATION,Injection,Anesthesia,HUMAN PRESCRIPTION DRUG,Current,Reverified,02/22/2012,09/09/2026,,,"Lidocaine Hydrochloride, Injection, 250 mg/50 mL (0.5%; 5 mg/mL) (NDC 0409-4278-01)"
Palbociclib Capsule,IBRANCE,Pfizer Laboratories Div Pfizer Inc,Pfizer Inc.,0069-0188,0069-0188-21,ORAL,Capsule,Oncology,HUMAN PRESCRIPTION DRUG,To Be Discontinued,New,04/22/2026,04/22/2026,04/22/2026,Discontinuation of the manufacturing of the capsule presentation. 100 mg Tablet NDC 0069-0486-03 will continue to be manufactured.,"Ibrance, Capsule, 100 mg (NDC 0069-0188-21)"
Lidocaine Hydrochloride Injection,LIDOCAINE HYDROCHLORIDE,"Hospira, Inc.","Hospira, Inc., a Pfizer Company",0409-1323,0409-1323-05,INTRAVENOUS,Injection,Anesthesia,HUMAN PRESCRIPTION DRUG,Current,Reverified,02/22/2012,09/09/2026,,,"Lidocaine Hydrochloride Preservative Free In Plastic Container, Injection, 100 mg/5mL (2%,20 mg/1 mL) Syringes (NDC 0409-1323-05)"
Dextrose Monohydrate 70% Injection,DEXTROSE,B. Braun Medical Inc.,B. Braun Medical Inc.,0264-7387,0264-7387-50,INTRAVENOUS,Injection,Endocrinology/Metabolism,HUMAN PRESCRIPTION DRUG,Current,Reverified,10/11/2024,09/09/2026,,,"Dextrose Monohydrate 70%, Injection, 70 g/100 mL (NDC 0264-7387-50)"
Sterile Water Irrigant,STERILE WATER,B. Braun Medical Inc.,B. Braun Medical Inc.,0264-2101,0264-2101-10,IRRIGATION,Irrigant,Gastroenterology,HUMAN PRESCRIPTION DRUG,Current,Reverified,04/28/2023,09/09/2026,,,"Sterile Water In Plastic Container, Irrigant, 1 mL/1 mL (NDC 0264-2101-10)"
Morphine Sulfate Suppository,MORPHINE SULFATE,Padagis US LLC,Padagis US LLC,0574-7110,0574-7110-12,RECTAL,Suppository,Analgesia/Addiction,HUMAN PRESCRIPTION DRUG,To Be Discontinued,New,07/23/2026,07/23/2026,07/23/2026,Discontinuation of the manufacture of the drug,"Morphine Sulfate, Suppository, 5 mg (NDC 0574-7110-12)"
"Amphetamine Aspartate Monohydrate, Amphetamine Sulfate, Dextroamphetamine Saccharate, Dextroamphetamine Sulfate Tablet","DEXTROAMPHETAMINE SACCHARATE, AMPHETAMINE ASPARTATE, DEXTROAMPHETAMINE SULFATE AND AMPHETAMINE SULFATE","Elite Laboratories, Inc.","Elite Laboratories, Inc.",64850-502,64850-502-01,ORAL,Tablet,Psychiatry,HUMAN PRESCRIPTION DRUG,Current,Reverified,10/12/2022,09/16/2026,,,"Amphetamine Aspartate Monohydrate, Amphetamine Sulfate, Dextroamphetamine Saccharate, Dextroamphetamine Sulfate, Tablet, 2.5 mg; 2.5 mg; 2.5 mg; 2.5 mg (NDC 64850-502-01)"
Phenobarbital Tablet,PHENOBARBITAL,"Par Health USA, LLC","Endo Pharmaceuticals, Inc.",0603-5167,0603-5167-32,ORAL,Tablet,Analgesia/Addiction,HUMAN PRESCRIPTION DRUG,To Be Discontinued,New,10/31/2025,10/31/2025,10/31/2025,Discontinuation of the manufacture of the drug,"Phenobarbital, Tablet, 64.8 mg (NDC 0603-5167-32)"
Lidocaine Hydrochloride Injection,LIDOCAINE HYDROCHLORIDE,"Hospira, Inc.","Hospira, Inc., a Pfizer Company",0409-4713,0409-4713-02,EPIDURAL,Injection,Anesthesia,HUMAN PRESCRIPTION DRUG,Current,Reverified,02/22/2012,09/09/2026,,,"Lidocaine Hydrochloride Preservative Free, Injection, 50 mg/5 mL (1%; 10 mg/mL) (NDC 0409-4713-02)"
"Epinephrine Bitartrate, Lidocaine Hydrochloride Injection",LIDOCAINE HYDROCHLORIDE AND EPINEPHRINE,"Hospira, Inc.","Hospira, Inc., a Pfizer Company",0409-3181,0409-3181-01,EPIDURAL,Injection,Anesthesia,HUMAN PRESCRIPTION DRUG,Current,Reverified,02/22/2012,09/09/2026,,,"Lidocaine Hydrochloride And Epinephrine, Injection, 450 mg/30 mL (1.5%; 1:200,000) (NDC 0409-3181-01)"
Bupivacaine Hydrochloride Injection,SENSORCAINE MPF,"Fresenius Kabi USA, LLC","Fresenius Kabi USA, LLC",63323-466,63323-466-31,EPIDURAL,Injection,Anesthesia,HUMAN PRESCRIPTION DRUG,Current,Reverified,02/20/2018,09/15/2026,,Estimated recovery: TBD,"Sensorcaine, Injection, 5 mg/1 mL (NDC 63323-466-31)"
Peritoneal Dialysis Solution,DELFLEX,"Fresenius Medical Care de Mexico, S.A. de C.V.",Fresenius Medical Care North America,46163-212,46163-212-94,INTRAPERITONEAL,Solution,Renal,HUMAN PRESCRIPTION DRUG,To Be Discontinued,New,03/10/2026,03/10/2026,03/10/2026,"The NDC codes are being discontinued, to be replaced with NDC labeler code #46163.","DELFLEX® w/Dextrose, Solution, 4.25% Low Mg/Low Ca 2.5L/3L, 5/cs (NDC 46163-212-94)"
Quinapril Hydrochloride Tablet,QUINAPRIL,"Solco Healthcare US, LLC","Solco Healthcare US, LLC",43547-411,43547-411-09,ORAL,Tablet,Cardiovascular,HUMAN PRESCRIPTION DRUG,Current,Reverified,01/19/2023,06/29/2026,,Not available. Long-term backorder for all NDCs. No estimated release date at this time.,"Quinapril Hydrochloride, Tablet, 10 mg (NDC 43547-411-09)"
Lisdexamfetamine Dimesylate Capsule,LISDEXAMFETAMINE DIMESYLATE,Amneal Pharmaceuticals LLC,Amneal Pharmaceuticals,65162-026,65162-026-09,ORAL,Capsule,Psychiatry,HUMAN PRESCRIPTION DRUG,Current,Reverified,07/14/2023,06/17/2026,,,"Lisdexamfetamine Dimesylate, Capsule, 50 mg (NDC 65162-026-09)"
Lisdexamfetamine Dimesylate Capsule,LISDEXAMFETAMINE DIMESYLATE,"Elite Laboratories, Inc.","Elite Laboratories, Inc.",64850-556,64850-556-01,ORAL,Capsule,Psychiatry,HUMAN PRESCRIPTION DRUG,Current,Reverified,07/14/2023,09/16/2026,,Estimated recovery: TBD,"Lisdexamfetamine Dimesylate, Capsule, 70 mg (NDC 64850-556-01)"
Furosemide Injection,FUROSEMIDE,"Accord Healthcare, Inc.",Accord Healthcare Inc.,16729-501,16729-501-43,INTRAMUSCULAR,Injection,Cardiovascular,HUMAN PRESCRIPTION DRUG,Current,Reverified,04/07/2020,09/15/2026,,Estimated recovery: TBD,"Furosemide, Injection, 10 mg/1 mL (NDC 16729-501-43)"
Clindamycin Phosphate Injection,CLEOCIN PHOSPHATE,Pharmacia & Upjohn Company LLC,Pfizer Inc.,0009-4073,0009-4073-04,INTRAMUSCULAR,Injection,Anti-Infective,HUMAN PRESCRIPTION DRUG,To Be Discontinued,New,06/01/2026,06/01/2026,06/01/2026,Discontinuation of the manufacture of the drug,"Cleocin Phosphate, Injection, 600 mg/4 mL (150 mg/mL); 4 mL Vial NovaPlus (NDC 0009-4073-04)"
Rifampin Capsule,RIFAMPIN,"EPIC PHARMA, LLC","Epic Pharma, LLC",42806-799,42806-799-01,ORAL,Capsule,Anti-Infective,HUMAN PRESCRIPTION DRUG,Current,Reverified,12/22/2021,09/15/2026,,Discontinuation of the manufacture of the drug,"Rifampin, Capsule, 300 mg (NDC 42806-799-01)"
"Rifapentine Tablet, Film Coated",PRIFTIN,sanofi-aventis U.S. LLC,Sanofi-Aventis U.S. LLC,0088-2102,0088-2102-24,ORAL,Tablet,Anti-Infective,HUMAN PRESCRIPTION DRUG,Resolved,Revised,03/25/2020,08/06/2026,,,"Priftin, Tablet, Film Coated, 150 mg (NDC 0088-2102-24)"
Methotrexate Sodium Injection,METHOTREXATE,Hikma Pharmaceuticals USA Inc.,"Hikma Pharmaceuticals USA, Inc.",0143-9519,0143-9519-10,INTRA-ARTERIAL,Injection,Rheumatology,HUMAN PRESCRIPTION DRUG,Current,Revised,03/13/2023,09/03/2026,,Additional lots will be available in the September 2026 timeframe.  Product will be made available as it is released.,"Methotrexate, Preservative Free, Injection, 25 mg/1 mL (NDC 0143-9519-10)"
"Metoprolol Succinate Tablet, Extended Release",METOPROLOL SUCCINATE,"Actavis Pharma, Inc.","Teva Pharmaceuticals USA, Inc.",45963-677,45963-677-11,ORAL,Tablet,Cardiovascular,HUMAN PRESCRIPTION DRUG,To Be Discontinued,New,08/31/2026,08/31/2026,08/31/2026,A business decision was made to discontinue manufacture of the drug.,"Metoprolol Succinate, Tablet, Extended Release, 100 mg (NDC 45963-677-11)"
Etomidate Injection,ETOMIDATE,Hikma Pharmaceuticals USA Inc.,"Hikma Pharmaceuticals USA, Inc.",0143-9507,0143-9507-10,INTRAVENOUS,Injection,Anesthesia,HUMAN PRESCRIPTION DRUG,Current,Reverified,10/05/2022,09/03/2026,,Additional product will be made available as it is released.,"Etomidate, Injection, 2 mg/1 mL (NDC 0143-9507-10)"
Bupivacaine Hydrochloride Injection,,Kindos Pharmaceuticals Co. Ltd.,Kindos Pharmaceuticals Co. Ltd.,,71288-728-32,,Injection,Anesthesia,,Current,Revised,02/20/2018,05/05/2026,,Meitheal Pharmaceuticals is distributor/labeler,"Bupivacaine Hydrochloride, Injection, 7.5 mg/1 mL (NDC 71288-728-32)"
Phenoxybenzamine Hydrochloride Capsule,,Advanz Pharma (US) Corp.,Advanz Pharma (US) Corp.,,66993-066-02,,Capsule,Cardiovascular,,To Be Discontinued,New,12/01/2025,12/01/2025,12/01/2025,Discontinuation of the manufacture of the drug,"Dibenzyline, Capsule, 10 mg (NDC 66993-066-02)"
Quinapril/Hydrochlorothiazide Tablet,QUINAPRIL AND HYDROCHLOROTHIAZIDE,"Chartwell RX, LLC",Chartwell Molecular Holdings LLC,62135-669,62135-669-90,ORAL,Tablet,Cardiovascular,HUMAN PRESCRIPTION DRUG,Current,Reverified,01/19/2023,09/15/2026,,,"Quinapril/Hydrochlorothiazide, Tablet, 25 mg; 20 mg (NDC 62135-669-90)"
Lisdexamfetamine Dimesylate Capsule,VYVANSE,"Takeda Pharmaceuticals America, Inc.",Takeda Pharmaceuticals USA Inc.,59417-105,59417-105-10,ORAL,Capsule,Psychiatry,HUMAN PRESCRIPTION DRUG,Current,Reverified,07/14/2023,09/15/2026,,,"Vyvanse, Capsule, 50 mg (NDC 59417-105-10)"
Methotrexate Sodium Injection,METHOTREXATE,"Fresenius Kabi USA, LLC","Fresenius Kabi USA, LLC",63323-122,63323-122-50,INTRA-ARTERIAL,Injection,Rheumatology,HUMAN PRESCRIPTION DRUG,Current,Reverified,03/13/2023,09/15/2026,,Check wholesaler for inventory,"Methotrexate Preservative Free, Injection, 1 g (NDC 63323-122-50)"
"Fluvastatin Sodium Tablet, Extended Release",FLUVASTATIN SODIUM ER,Sandoz Inc,Sandoz Inc.,0781-8017,0781-8017-31,ORAL,Tablet,Cardiovascular,HUMAN PRESCRIPTION DRUG,To Be Discontinued,New,01/27/2026,01/27/2026,01/27/2026,Discontinuation of the manufacture of the drug,"Fluvastatin Sodium, Tablet, Extended Release, 80 mg (NDC 0781-8017-31)"
"Calcium Chloride; Dextrose; Magnesium Chloride; Sodium Chloride; Sodium Lactate Intraperitoneal Injection, Solution",DIANEAL PD-2 WITH DEXTROSE,Vantive US Healthcare LLC,Vantive US Healthcare LLC,0941-0427,0941-0427-52,INTRAPERITONEAL,Solution,Renal,HUMAN PRESCRIPTION DRUG,To Be Discontinued,New,08/03/2026,08/03/2026,08/03/2026,A business decision was made to discontinue manufacture of the drug.,"DIANEAL PD-2 with Dextrose, Intraperitoneal Injection, Solution, 25.7 mg/100 mL; 2.5 g/100 mL; 5.08 mg/100 mL; 538 mg/100 mL; 448 mg/100 mL (NDC 0941-0427-52)"
Quinapril Hydrochloride Tablet,QUINAPRIL,"Lupin Pharmaceuticals, Inc.","Lupin Pharmaceuticals, Inc.",68180-558,68180-558-09,ORAL,Tablet,Cardiovascular,HUMAN PRESCRIPTION DRUG,Current,Reverified,01/19/2023,09/01/2026,,Estimated recovery: TBD,"Quinapril Hydrochloride, Tablet, 20 mg (NDC 68180-558-09)"
Riboflavin 5-phosphate  Ophthalmic Solution,PHOTREXA CROSS-LINKING KIT,Glaukos Corporation,Glaukos Corporation,25357-025,25357-025-03,,Ophthalmic Solution,Ophthalmology,HUMAN PRESCRIPTION DRUG,To Be Discontinued,New,01/20/2026,01/20/2026,01/20/2026,Discontinuing manufacture of the product as of July 2026.,"Photrexa Cross-linking Kit, Ophthalmic Solution, Kit (NDC 25357-025-03)"
Maraviroc Solution,SELZENTRY,ViiV Healthcare Company,ViiV Healthcare Company,49702-260,49702-260-55,,Solution,Antiviral,HUMAN PRESCRIPTION DRUG,To Be Discontinued,New,01/20/2026,01/20/2026,01/20/2026,"The anticipated date that GSK will cease distribution of the product is approximately August 1, 2026.","Selzentry, Solution, 20 mg/mL Oral Solution Kit | 230 mL Oral Solution per Bottle | 1 Bottle per Carton  (NDC 49702-260-55)"
"Methylphenidate Hydrochloride Tablet, Extended Release",METHYLPHENIDATE HYDROCHLORIDE,"Actavis Pharma, Inc.","Teva Pharmaceuticals USA, Inc.",62037-726,62037-726-01,ORAL,Tablet,Psychiatry,HUMAN PRESCRIPTION DRUG,Current,Revised,07/26/2023,09/15/2026,,Estimated recovery: September 2026,"Methylphenidate Hydrochloride, Tablet, Extended Release, 36 mg (NDC 62037-726-01)"
Furosemide Injection,FUROSEMIDE,Eugia US LLC,Eugia US LLC,55150-324,55150-324-25,INTRAMUSCULAR,Injection,Cardiovascular,HUMAN PRESCRIPTION DRUG,Current,Reverified,04/07/2020,09/17/2026,,Check wholesalers for inventory,"Furosemide, Injection, 100 mg/10 mL (NDC 55150-324-25)"
Clonazepam Tablet,CLONAZEPAM,"Teva Pharmaceuticals USA, Inc.","Teva Pharmaceuticals USA, Inc.",0093-0832,0093-0832-01,ORAL,Tablet,Neurology,HUMAN PRESCRIPTION DRUG,Current,Reverified,03/10/2023,09/15/2026,,,"Clonazepam, Tablet, .5 mg (NDC 0093-0832-01)"
Ropivacaine Hydrochloride Injection,ROPIVACAINE HYDROCHLORIDE,Sagent Pharmaceuticals,InfoRLife SA,25021-652,25021-652-87,EPIDURAL,Injection,Anesthesia,HUMAN PRESCRIPTION DRUG,Current,Reverified,03/27/2018,08/18/2026,,Marketed by Sagent Pharmaceuticals,"Ropivacaine Hydrochloride, Injection, 5 mg/1 mL (NDC 25021-652-87)"
Ropivacaine Hydrochloride Injection,ROPIVACAINE HYDROCHLORIDE,Eugia US LLC,Eugia US LLC,55150-201,55150-201-20,EPIDURAL,Injection,Anesthesia,HUMAN PRESCRIPTION DRUG,Current,Reverified,03/23/2018,09/17/2026,,Check wholesalers for inventory,"Ropivacaine Hydrochloride, Injection, 10 mg/1 mL (NDC 55150-201-20)"
"Methylphenidate Film, Extended Release",METHYLPHENIDATE TRANSDERMAL SYSTEM,PADAGIS US LLC,"Noven Pharmaceuticals, Inc.",0574-2415,0574-2415-65,TRANSDERMAL,"Film, Extended Release",Psychiatry,HUMAN PRESCRIPTION DRUG,Current,Reverified,02/28/2025,09/02/2026,,Distributed by Padagis US LLC,"Methylphenidate, Film, Extended Release, 15 mg (NDC 0574-2415-65)"
Midazolam Hydrochloride Injection,MIDAZOLAM,Hikma Pharmaceuticals USA Inc.,"Hikma Pharmaceuticals USA, Inc.",0641-6059,0641-6059-01,INTRAMUSCULAR,Injection,Anesthesia,HUMAN PRESCRIPTION DRUG,Current,Revised,04/02/2020,09/03/2026,,Additional lots are scheduled to be manufactured. Product will be made available as it is released.,"Midazolam Hydrochloride, Injection, 1 mg/1 mL (NDC 0641-6059-01)"
Ketorolac Tromethamine Injection,KETOROLAC TROMETHAMINE,Hikma Pharmaceuticals USA Inc.,"Hikma Pharmaceuticals USA, Inc.",0641-6042,0641-6042-25,INTRAMUSCULAR,Injection,Analgesia/Addiction,HUMAN PRESCRIPTION DRUG,Current,Revised,06/06/2018,09/03/2026,,Estimated recovery: TBD,"Ketorolac Tromethamine, Injection, 30 mg/1 mL (NDC 0641-6042-25)"
Dexmedetomidine Hydrochloride Injection,DEXMEDETOMIDINE HYDROCHLORIDE,Mylan Institutional LLC,"Mylan Institutional, a Viatris Company",67457-924,67457-924-50,INTRAVENOUS,Injection,Anesthesia,HUMAN PRESCRIPTION DRUG,Current,Reverified,04/10/2020,09/17/2026,,,"Dexmedetomidine Hydrochloride, Injection, 200 ug/50 mL (NDC 67457-924-50)"
Vancomycin Hydrochloride Injection,,"Hospira, Inc., a Pfizer Company","Hospira, Inc., a Pfizer Company",,0409-5017-01,,Injection,Anti-Infective,,To Be Discontinued,New,11/14/2025,11/14/2025,11/14/2025,Discontinuation of the manufacture of the drug,"Vancomycin Hydrochloride, Injection, 10 g Vial NovaPlus (NDC 0409-5017-01)"
Bumetanide Injection,BUMETANIDE,Hikma Pharmaceuticals USA Inc.,"Hikma Pharmaceuticals USA, Inc.",0641-6008,0641-6008-10,INTRAMUSCULAR,Injection,Cardiovascular,HUMAN PRESCRIPTION DRUG,Current,Revised,01/31/2018,09/03/2026,,Additional lots are scheduled for manufacturing to meet demand.  Product will be made available as it is released.,"Bumetanide, Injection, .25 mg/1 mL (NDC 0641-6008-10)"
Metronidazole Injection,METRONIDAZOLE,Baxter Healthcare Corporation,Baxter Healthcare,0338-1055,0338-1055-48,INTRAVENOUS,Injection,Anti-Infective,HUMAN PRESCRIPTION DRUG,Current,Reverified,01/13/2022,09/17/2026,,,"Flagyl I.v. Rtu In Plastic Container, Injection, 500 mg/100 mL (NDC 0338-1055-48)"
Omeprazole Delayed Release Capsule,OMEPRAZOLE,Sandoz Inc,Sandoz Inc.,0781-2234,0781-2234-01,ORAL,,Gastroenterology,HUMAN PRESCRIPTION DRUG,To Be Discontinued,New,10/09/2025,10/09/2025,10/09/2025,Discontinuation of the manufacture of the drug,"Omeprazole, Delayed Release Capsule, 40 mg (NDC 0781-2234-01)"
Hydrochlorothiazide Capsule,,"Teva Pharmaceuticals USA, Inc.","Teva Pharmaceuticals USA, Inc.",,0591-0347-05,,Capsule,Cardiovascular,,To Be Discontinued,New,11/19/2025,11/19/2025,11/19/2025,A business decision was made to discontinue manufacture of the drug.,"Microzide, Capsule, 12.5 mg (NDC 0591-0347-05)"
Desmopressin Acetate Spray,,Ferring,Ferring,,55566-2500-0,,Spray,Hematology,,Current,Reverified,03/12/2021,05/01/2026,,Estimated recovery: TBD,"Ddavp, Spray, .1 ug/1 mL (NDC 55566-2500-0)"
Sterile Water Injection,STERILE WATER,"Hospira, Inc.","Hospira, Inc., a Pfizer Company",0409-4887,0409-4887-10,INTRAMUSCULAR,Injection,Other,HUMAN PRESCRIPTION DRUG,Current,Reverified,11/23/2021,09/09/2026,,,"Sterile Water, Injection, 1 mL/1 mL (NDC 0409-4887-10)"
Ropivacaine Hydrochloride Injection,ROPIVACAINE HYDROCHLORIDE,"Somerset Therapeutics, LLC","Somerset Therapeutics, LLC",70069-067,70069-067-10,EPIDURAL,Injection,Anesthesia,HUMAN PRESCRIPTION DRUG,Current,Reverified,03/23/2018,09/11/2026,,,"Ropivacaine Hydrochloride, Injection, 10 mg/1 mL (NDC 70069-067-10)"
Methylprednisolone Acetate Injection,DEPO-MEDROL,Pharmacia & Upjohn Company LLC,Pfizer Inc.,0009-0306,0009-0306-12,INTRALESIONAL,Injection,Rheumatology,HUMAN PRESCRIPTION DRUG,Current,Reverified,12/15/2021,09/08/2026,,,"Depo-medrol, Injection, 80 mg/1 mL (NDC 0009-0306-12)"
Nebivolol Hydrochloride Tablet,,Torrent Pharmaceuticals Limited,Torrent Pharmaceuticals Limited,,13668-355-05,,Tablet,Cardiovascular,,To Be Discontinued,New,03/25/2026,03/25/2026,03/25/2026,Discontinuation of the manufacture of the drug,"Nebivolol Hydrochloride, Tablet, 10 mg (NDC 13668-355-05)"
Hydromorphone Hydrochloride Injection,HYDROMORPHONE HYDROCHLORIDE,"Teva Parenteral Medicines, Inc.","Teva Pharmaceuticals USA, Inc.",0703-0018,0703-0018-01,INTRAMUSCULAR,Injection,Analgesia/Addiction,HUMAN PRESCRIPTION DRUG,Current,Reverified,11/01/2017,09/15/2026,,,"Hydromorphone Hydrochloride, Injection, 10 mg/1 mL (NDC 0703-0018-01)"
Dexamethasone Sodium Phosphate Injection,DEXAMETHASONE SODIUM PHOSPHATE,"Fresenius Kabi USA, LLC","Fresenius Kabi USA, LLC",63323-506,63323-506-01,INTRAMUSCULAR,Injection,Dermatology,HUMAN PRESCRIPTION DRUG,Current,Reverified,02/08/2019,09/15/2026,,Check wholesalers for inventory,"Dexamethasone Sodium Phosphate Preservative Free, Injection, 10 mg/1 mL (NDC 63323-506-01)"
Sterile Water Irrigant,,Otsuka ICU Medical LLC,Otsuka ICU Medical LLC,,0990-7139-36,,Irrigant,Gastroenterology,,Current,Reverified,04/28/2023,09/16/2026,,"Product temporarily unavailable. Estimated recovery: TBD. This product is distributed by ICU Medical. For questions regarding this product, please contact ICU Medical.","Sterile Water In Plastic Container, Irrigant, 1 mL/1 mL (NDC 0990-7139-36)"
Sterile Water Injection,STERILE WATER,"Fresenius Kabi USA, LLC","Fresenius Kabi USA, LLC",63323-178,63323-178-76,INTRAVENOUS,Injection,Other,HUMAN PRESCRIPTION DRUG,Current,Reverified,11/23/2021,09/15/2026,,Check wholesalers for inventory,"Sterile Water, Injection, 1000 mL/1000 mL (NDC 63323-178-76)"
Ampicillin Sodium Injection,AMPICILLIN,Sandoz Inc,Sandoz Inc.,0781-9413,0781-9413-92,INTRAVENOUS,Injection,Anti-Infective,HUMAN PRESCRIPTION DRUG,To Be Discontinued,New,12/08/2025,12/08/2025,12/08/2025,Discontinuation of private label only,"Ampicillin Sodium, Injection, 2 g (NDC 0781-9413-92)"
Atropine Sulfate Injection,ATROPINE SULFATE,"Medefil, Inc.","Medefil, Inc.",64253-400,64253-400-91,INTRAVENOUS,Injection,Anesthesia,HUMAN PRESCRIPTION DRUG,Current,Reverified,01/01/2012,09/15/2026,,,"Atropine Sulfate, Injection, 1 mg/10 mL (0.1 mg/mL) Syringes (NDC 64253-400-91)"
Acetaminophen; Oxycodone Hydrochloride Tablet,ENDOCET,"Par Health USA, LLC","Endo Pharmaceuticals, Inc.",60951-700,60951-700-70,ORAL,Tablet,Analgesia/Addiction,HUMAN PRESCRIPTION DRUG,To Be Discontinued,New,11/03/2025,11/03/2025,11/03/2025,Discontinuation of the manufacture of the drug,"Acetaminophen; Oxycodone Hydrochloride, Tablet, 325 mg; 7.5 mg (NDC 60951-700-70)"
Peritoneal Dialysis Solution,DELFLEX,"Fresenius Medical Care Renal Therapies Group, LLC",Fresenius Medical Care North America,49230-209,49230-209-94,INTRAPERITONEAL,Solution,Renal,HUMAN PRESCRIPTION DRUG,To Be Discontinued,New,03/10/2026,03/10/2026,03/10/2026,"The NDC codes are being discontinued, to be replaced with NDC labeler code #46163.","DELFLEX® w/Dextrose, Solution, 2.5% Low Mg/Low Ca 2.5L/3L, 5/cs (NDC 49230-209-94)"
Lidocaine Hydrochloride Injection,LIDOCAINE HYDROCHLORIDE,Eugia US LLC,Eugia US LLC,55150-161,55150-161-02,EPIDURAL,Injection,Anesthesia,HUMAN PRESCRIPTION DRUG,Current,Revised,02/20/2018,09/03/2026,,On backorder. Recovery: late September 2026. Check wholesalers for inventory,"Lidocaine Hydrochloride, Injection, 10 mg/1 mL (NDC 55150-161-02)"
Gadobutrol Injection,GADOBUTROL,"Fresenius Kabi USA, LLC","Jiangsu Hengrui Pharmaceuticals Co., Ltd.",65219-281,65219-281-02,INTRAVENOUS,Injection,Medical Imaging,HUMAN PRESCRIPTION DRUG,To Be Discontinued,New,06/30/2026,06/30/2026,06/30/2026,"Discontinuance of single dose vials, the other two Imaging Bulk Package(IBP) strengths are to remain in supply: the IBP strengths (18.1416 g/30 mL and 39.3068 g/65 mL); Marketed by Fresenius Kabi, USA","Gadobutrol, Injection, 604.72 mg/mL (NDC 65219-281-02)"
"Amphetamine Aspartate Monohydrate, Amphetamine Sulfate, Dextroamphetamine Saccharate, Dextroamphetamine Sulfate Tablet","DEXTROAMPHETAMINE SACCHARATE, AMPHETAMINE ASPARTATE, DEXTROAMPHETAMINE SULFATE AND AMPHETAMINE SULFATE",Granules Pharmaceuticals Inc.,Granules Pharmaceuticals Inc.,70010-111,70010-111-01,ORAL,Tablet,Psychiatry,HUMAN PRESCRIPTION DRUG,Current,Reverified,10/12/2022,08/18/2026,,Estimated recovery: October 2026,"Amphetamine Aspartate Monohydrate, Amphetamine Sulfate, Dextroamphetamine Saccharate, Dextroamphetamine Sulfate, Tablet, 1.25 mg; 1.25 mg; 1.25 mg; 1.25 mg (NDC 70010-111-01)"
"Amphetamine Aspartate Monohydrate, Amphetamine Sulfate, Dextroamphetamine Saccharate, Dextroamphetamine Sulfate Tablet","DEXTROAMPHETAMINE SACCHARATE, AMPHETAMINE ASPARTATE, DEXTROAMPHETAMINE SULFATE, AMPHETAMINE SULFATE TABLETS,CII",Alvogen Inc.,Alvogen,47781-179,47781-179-01,ORAL,Tablet,Psychiatry,HUMAN PRESCRIPTION DRUG,Current,Reverified,10/12/2022,09/17/2026,,,"Amphetamine Aspartate Monohydrate, Amphetamine Sulfate, Dextroamphetamine Saccharate, Dextroamphetamine Sulfate, Tablet, 20mg (NDC 47781-179-01)"
"Bupivacaine Hydrochloride, Epinephrine Bitartrate Injection",SENSORCAINE MPF,"Fresenius Kabi USA, LLC","Fresenius Kabi USA, LLC",63323-468,63323-468-37,EPIDURAL,Injection,Anesthesia,HUMAN PRESCRIPTION DRUG,Current,Reverified,02/20/2018,09/15/2026,,Check wholesaler for inventory,"Sensorcaine, Injection, 2.5 mg/1 mL; .005 mg/1 mL (NDC 63323-468-37)"
Remifentanil Hydrochloride Injection,REMIFENTANIL HYDROCHLORIDE,Hikma Pharmaceuticals USA Inc.,"Hikma Pharmaceuticals USA, Inc.",0143-9391,0143-9391-10,INTRAVENOUS,Injection,Analgesia/Addiction,HUMAN PRESCRIPTION DRUG,Current,Revised,06/28/2022,09/03/2026,,Estimated recovery: TBD,"Remifentanil Hydrochloride, Injection, 1 mg per vial (NDC 0143-9391-10)"
Lisdexamfetamine Dimesylate Capsule,LISDEXAMFETAMINE DIMESYLATE,Mylan Pharmaceuticals Inc.,"Mylan Pharmaceuticals Inc., a Viatris Company",0378-6857,0378-6857-77,ORAL,Capsule,Psychiatry,HUMAN PRESCRIPTION DRUG,Current,Reverified,07/14/2023,09/17/2026,,,"Lisdexamfetamine Dimesylate, Capsule, 40 mg (NDC 0378-6857-77)"
Insulin Lispro-aabc Injection,LYUMJEV TEMPO PEN,Eli Lilly and Company,Eli Lilly and Co.,0002-8235,0002-8235-99,SUBCUTANEOUS,Injection,Endocrinology/Metabolism,HUMAN PRESCRIPTION DRUG,To Be Discontinued,New,10/24/2025,10/24/2025,10/24/2025,A business decision was made to discontinue manufacture of the drug.,"Lyumjev, Injection, U-100 Tempo Pen Sample (NDC 0002-8235-99)"
Methylprednisolone Acetate Injection,,"Par Health, USA LLC","Par Health, USA LLC",,42023-240-01,,Injection,Rheumatology,,Current,Reverified,06/16/2022,09/17/2026,,Estimated recovery: TBD,"Methylprednisolone Acetate, Injection, 80 mg/1 mL (NDC 42023-240-01)"
Everolimus Tablet,,"Mylan Pharmaceuticals Inc., a Viatris Company","Mylan Pharmaceuticals Inc., a Viatris Company",,0378-0005-85,,Tablet,Transplant,,To Be Discontinued,New,11/03/2025,11/03/2025,11/03/2025,Discontinuation of the manufacture of the drug,"Everolimus, Tablet, 2 mg (NDC 0378-0005-85)"
Bupivacaine Hydrochloride Injection,BUPIVACAINE HYDROCHLORIDE,"Hospira, Inc.","Hospira, Inc., a Pfizer Company",0409-1165,0409-1165-01,EPIDURAL,Injection,Anesthesia,HUMAN PRESCRIPTION DRUG,Current,Reverified,02/20/2018,09/09/2026,,,"Bupivacaine Hydrochloride, Injection, 7.5 mg/1 mL (NDC 0409-1165-01)"
Promethazine Hydrochloride Injection,PROMETHAZINE HYDROCHLORIDE,"XGen Pharmaceuticals DJB, Inc.","XGen Pharmaceuticals DJB, Inc.",39822-5550,39822-5550-6,INTRAMUSCULAR,Injection,Analgesia/Addiction,HUMAN PRESCRIPTION DRUG,Current,Revised,11/21/2023,06/23/2026,,Estimated recovery: TBD,"Promethazine Hydrochloride, Injection, 50 mg/1 mL (NDC 39822-5550-6)"
Lidocaine Hydrochloride Injection,XYLOCAINE MPF,"Fresenius Kabi USA, LLC","Fresenius Kabi USA, LLC",63323-492,63323-492-37,EPIDURAL,Injection,Anesthesia,HUMAN PRESCRIPTION DRUG,Current,Reverified,02/22/2012,09/15/2026,,Check wholesalers for inventory,"Xylocaine, Injection, 10 mg/1 mL (NDC 63323-492-37)"
Glyburide Tablet,GLYBURIDE,TEVA Pharmaceuticals USA Inc,Sanofi-Aventis U.S. LLC,0093-9364,0093-9364-10,ORAL,Tablet,Endocrinology/Metabolism,HUMAN PRESCRIPTION DRUG,To Be Discontinued,New,08/10/2026,08/10/2026,08/10/2026,A business decision was made to discontinue manufacture of the drug.,"Diabeta, Tablet, 5 mg (NDC 0093-9364-10)"
Lorazepam Injection,LORAZEPAM,"Fresenius Kabi USA, LLC","Fresenius Kabi USA, LLC",65219-368,65219-368-02,INTRAMUSCULAR,Injection,Neurology,HUMAN PRESCRIPTION DRUG,Current,Reverified,05/03/2018,09/15/2026,,Next release September 2026. Check wholesalers for inventory.,"Lorazepam, Injection, 2 mg/1 mL (NDC 65219-368-02)"
Dobutamine Hydrochloride Injection,DOBUTAMINE IN DEXTROSE,"Hospira, Inc.","Hospira, Inc., a Pfizer Company",0409-1100,0409-1100-10,INTRAVENOUS,Injection,Cardiovascular,HUMAN PRESCRIPTION DRUG,Current,Revised,11/06/2017,09/11/2026,,,"Dobutamine Hydrochloride In Dextrose 5% In Plastic Container, Injection, 1,000 mg/250mL (400 mg/mL) (NDC 0409-1100-10)"
"Bupivacaine Hydrochloride, Epinephrine Bitartrate Injection",BUPIVACAINE HYDROCHLORIDE AND EPINEPHRINE,"Hospira, Inc.","Hospira, Inc., a Pfizer Company",0409-9042,0409-9042-17,EPIDURAL,Injection,Anesthesia,HUMAN PRESCRIPTION DRUG,Current,Revised,02/20/2018,09/09/2026,,Next Delivery and Estimated Recovery: December 2028; Shortage per Manufacturer: Manufacturing Delay,"Bupivacaine Hydrochloride And Epinephrine, Injection, 75 mg/30 mL (2.5 mg/mL) (NDC 0409-9042-17)"
Quinapril Hydrochloride Tablet,QUINAPRIL,"Chartwell RX, LLC",Chartwell Molecular Holdings LLC,62135-487,62135-487-90,ORAL,Tablet,Cardiovascular,HUMAN PRESCRIPTION DRUG,Current,Reverified,01/19/2023,09/15/2026,,,"Quinapril Hydrochloride, Tablet, 40 mg (NDC 62135-487-90)"
Lidocaine Hydrochloride Injection,XYLOCAINE MPF,"Fresenius Kabi USA, LLC","Fresenius Kabi USA, LLC",63323-493,63323-493-97,EPIDURAL,Injection,Anesthesia,HUMAN PRESCRIPTION DRUG,Current,Reverified,02/22/2012,09/15/2026,,Estimated recovery: TBD,"Xylocaine, Injection, 15 mg/1 mL (NDC 63323-493-97)"
Ifosfamide Injection,IFEX,Baxter Healthcare Corporation,Baxter Healthcare,0338-3991,0338-3991-01,INTRAVENOUS,Injection,Oncology,HUMAN PRESCRIPTION DRUG,Current,Revised,06/12/2026,09/17/2026,,Estimated recovery: September 2026,"IFEX, Injection, 1 g/20 mL (NDC 0338-3991-01)"
Methotrexate Sodium Injection,METHOTREXATE,"Teva Parenteral Medicines, Inc.","Teva Pharmaceuticals USA, Inc.",0703-3678,0703-3678-01,INTRA-ARTERIAL,Injection,Rheumatology,HUMAN PRESCRIPTION DRUG,Current,Revised,03/13/2023,09/15/2026,,Estimated recovery: October 2026,"Methotrexate Sodium Preservative Free, Injection, 25 mg/1 mL (NDC 0703-3678-01)"
Doxycycline Hyclate Tablet,,"Mylan Pharmaceuticals Inc., a Viatris Company","Mylan Pharmaceuticals Inc., a Viatris Company",,0378-0167-02,,Tablet,Anti-Infective,,To Be Discontinued,New,01/12/2026,01/12/2026,01/12/2026,Discontinuation of the manufacture of the drug,"Doxycycline Hyclate, Tablet, 100 mg (NDC 0378-0167-02)"
Ketorolac Tromethamine Injection,KETOROLAC TROMETHAMINE,"Fresenius Kabi USA, LLC","Fresenius Kabi USA, LLC",76045-105,76045-105-20,INTRAMUSCULAR,Injection,Analgesia/Addiction,HUMAN PRESCRIPTION DRUG,Current,Reverified,03/23/2018,09/15/2026,,Estimated recovery: TBD,"Ketorolac Tromethamine, Injection, 60 mg/2 mL (NDC 76045-105-20)"
Dexmedetomidine Hydrochloride Injection,PRECEDEX,"Hospira, Inc.",Pfizer Inc.,0409-4596,0409-4596-20,INTRAVENOUS,Injection,Anesthesia,HUMAN PRESCRIPTION DRUG,Current,Reverified,04/10/2020,09/08/2026,,,"Precedex, Injection, 200 mcg/50 mL (4 mcg/mL) (NDC 0409-4596-20)"
Bumetanide Injection,BUMETANIDE,Mullan Pharmaceutical Inc.,Mullan Pharmaceutical Inc.,83301-0081,83301-0081-2,INTRAMUSCULAR,Injection,Cardiovascular,HUMAN PRESCRIPTION DRUG,Current,Reverified,12/13/2017,09/16/2026,,,"Bumetanide, Injection, 2.5 mg/10 mL (0.25 mg/mL) (NDC 83301-0081-2)"
Bupivacaine Hydrochloride Injection,BUPIVACAINE SPINAL,"Hospira, Inc.","Hospira, Inc., a Pfizer Company",0409-3613,0409-3613-01,SUBARACHNOID,Injection,Anesthesia,HUMAN PRESCRIPTION DRUG,Current,Revised,02/20/2018,09/09/2026,,Limited Supply Available. Next Delivery and Estimated Recovery: September 2026; Shortage per Manufacturer: Manufacturing Delay,"Bupivacaine Hydrochloride, Injection, Bupivacaine Spinal 15 mg/2 mL (7.5 mg/mL in 8.25% dextrose) (NDC 0409-3613-01)"
Midazolam Hydrochloride Injection,MIDAZOLAM,"Fresenius Kabi USA, LLC","Fresenius Kabi USA, LLC",63323-411,63323-411-10,INTRAMUSCULAR,Injection,Anesthesia,HUMAN PRESCRIPTION DRUG,Current,Reverified,04/02/2020,09/15/2026,,Estimated recovery: TBD,"Midazolam Hydrochloride, Injection, 1 mg/1 mL (NDC 63323-411-10)"
"Potassium Chloride Tablet, Extended Release",,"Teva Pharmaceuticals USA, Inc.","Teva Pharmaceuticals USA, Inc.",,62037-710-01,,Tablet,Endocrinology/Metabolism,,To Be Discontinued,New,11/21/2025,11/21/2025,11/21/2025,Discontinuation of the manufacture of the drug,"Potassium Chloride, Tablet, Extended Release, 10 meq (NDC 62037-710-01)"
"Amphetamine Aspartate Monohydrate, Amphetamine Sulfate, Dextroamphetamine Saccharate, Dextroamphetamine Sulfate Tablet","DEXTROAMPHETAMINE SACCHARATE, AMPHETAMINE ASPARTATE, DEXTROAMPHETAMINE SULFATE AND AMPHETAMINE SULFATE","Elite Laboratories, Inc.","Elite Laboratories, Inc.",64850-501,64850-501-01,ORAL,Tablet,Psychiatry,HUMAN PRESCRIPTION DRUG,Current,Reverified,10/12/2022,09/16/2026,,,"Amphetamine Aspartate Monohydrate, Amphetamine Sulfate, Dextroamphetamine Saccharate, Dextroamphetamine Sulfate, Tablet, 1.875 mg; 1.875 mg; 1.875 mg; 1.875 mg (NDC 64850-501-01)"
"Amphetamine Aspartate Monohydrate, Amphetamine Sulfate, Dextroamphetamine Saccharate, Dextroamphetamine Sulfate Tablet","DEXTROAMPHETAMINE SACCHARATE, AMPHETAMINE ASPARTATE, DEXTROAMPHETAMINE SULFATE, AMPHETAMINE SULFATE TABLETS,CII",Alvogen Inc.,Alvogen,47781-180,47781-180-01,ORAL,Tablet,Psychiatry,HUMAN PRESCRIPTION DRUG,Current,Reverified,10/12/2022,09/17/2026,,,"Amphetamine Aspartate Monohydrate, Amphetamine Sulfate, Dextroamphetamine Saccharate, Dextroamphetamine Sulfate, Tablet, 30mg (NDC 47781-180-01)"
Carboplatin Injection,CARBOPLATIN,"Fresenius Kabi USA, LLC","Fresenius Kabi USA, LLC",63323-172,63323-172-60,INTRAVENOUS,Injection,Oncology,HUMAN PRESCRIPTION DRUG,Current,Reverified,04/28/2023,09/15/2026,,Next release November 2026. Check wholesalers for inventory.,"Carboplatin, Injection, 10 mg/1 mL (NDC 63323-172-60)"
Clindamycin Phosphate Injection,CLINDAMYCIN,Sagent Pharmaceuticals,Sagent Pharmaceuticals,25021-115,25021-115-02,INTRAMUSCULAR,Injection,Anti-Infective,HUMAN PRESCRIPTION DRUG,Current,Revised,03/21/2023,08/18/2026,,"Selling through remaining short-dated inventory (Dec 2026), API not available, Exiting product line","Clindamycin Phosphate, Injection, 150 mg/1 mL (NDC 25021-115-02)"
Atropine Sulfate Injection,ATROPINE SULFATE,"American Regent, Inc.","American Regent, Inc.",0517-1001,0517-1001-25,INTRAVENOUS,Injection,Anesthesia,HUMAN PRESCRIPTION DRUG,Current,Reverified,01/01/2012,09/15/2026,,,"Atropine Sulfate, Injection, 1 mg/1 mL (NDC 0517-1001-25)"
"Rivastigmine Film, Extended Release",RIVASTIGMINE,Mylan Pharmaceuticals Inc.,"Mylan Pharmaceuticals Inc., a Viatris Company",0378-9070,0378-9070-93,TRANSDERMAL,"Film, Extended Release",Neurology,HUMAN PRESCRIPTION DRUG,To Be Discontinued,New,09/18/2026,09/18/2026,09/18/2026,Discontinuation of the manufacture of the drug.,"Rivastigmine, Film, Extended Release, 4.6 mg/24 h (NDC 0378-9070-93)"
Lidocaine Hydrochloride Injection,LIDOCAINE HYDROCHLORIDE,"Hospira, Inc.","Hospira, Inc., a Pfizer Company",0409-4277,0409-4277-02,INFILTRATION,Injection,Anesthesia,HUMAN PRESCRIPTION DRUG,Current,Reverified,02/22/2012,09/09/2026,,,"Lidocaine Hydrochloride In Plastic Container, Injection, 1,000 mg/50 mL (2%; 20 mg/mL) (NDC 0409-4277-02)"
Dextrose Monohydrate 10% Injection,DEXTROSE,Baxter Healthcare Corporation,Baxter Healthcare,0338-0023,0338-0023-03,INTRAVENOUS,Injection,Endocrinology/Metabolism,HUMAN PRESCRIPTION DRUG,Current,Reverified,03/01/2022,09/17/2026,,,"Dextrose 10% In Plastic Container, Injection, 100 g/1000 mL (NDC 0338-0023-03)"
"Bupivacaine Hydrochloride, Epinephrine Bitartrate Injection",MARCAINE WITH EPINEPHRINE,"Hospira, Inc.","Hospira, Inc., a Pfizer Company",0409-1749,0409-1749-10,EPIDURAL,Injection,Anesthesia,HUMAN PRESCRIPTION DRUG,Current,Reverified,02/20/2018,09/09/2026,,,"Marcaine With Epinephrine, Injection, Marcaine with Epinephrine 1:200,000 as the bitartrate 50 mg/10 mL (5 mg/mL 1:200,000) (NDC 0409-1749-10)"
"Bupivacaine Hydrochloride, Epinephrine Bitartrate Injection",SENSORCAINE MPF,"Fresenius Kabi USA, LLC","Fresenius Kabi USA, LLC",63323-462,63323-462-37,EPIDURAL,Injection,Anesthesia,HUMAN PRESCRIPTION DRUG,Current,Reverified,02/20/2018,09/15/2026,,Check wholesalers for inventory,"Sensorcaine, Injection, 5 mg/1 mL; .005 mg/1 mL (NDC 63323-462-37)"
Nebivolol Hydrochloride Tablet,,Torrent Pharmaceuticals Limited,Torrent Pharmaceuticals Limited,,13668-353-01,,Tablet,Cardiovascular,,To Be Discontinued,New,03/25/2026,03/25/2026,03/25/2026,Discontinuation of the manufacture of the drug,"Nebivolol Hydrochloride, Tablet, 2.5 mg (NDC 13668-353-01)"
Promethazine Hydrochloride Injection,PROMETHAZINE HYDROCHLORIDE,Hikma Pharmaceuticals USA Inc.,"Hikma Pharmaceuticals USA, Inc.",0641-0929,0641-0929-25,INTRAMUSCULAR,Injection,Analgesia/Addiction,HUMAN PRESCRIPTION DRUG,Current,Revised,11/21/2023,09/03/2026,,Estimated recovery: TBD,"Promethazine Hydrochloride, Injection, 50 mg/1 mL (NDC 0641-0929-25)"
Lidocaine Hydrochloride Injection,LIDOCAINE HYDROCHLORIDE,"Hospira, Inc.","Hospira, Inc., a Pfizer Company",0409-4275,0409-4275-01,INFILTRATION,Injection,Anesthesia,HUMAN PRESCRIPTION DRUG,Current,Revised,02/22/2012,09/09/2026,,Next Delivery and Estimated Recovery: December 2028; Shortage per Manufacturer: Manufacturing Delay,"Lidocaine Hydrochloride In Plastic Container, Injection, 250 mg/50 mL (0.5%; 5 mg/mL) (NDC 0409-4275-01)"
Dextrose Monohydrate 5% Injection,DEXTROSE,"FRESENIUS KABI USA, LLC","Fresenius Kabi USA, LLC",65219-460,65219-460-20,INTRAVENOUS,Injection,Endocrinology/Metabolism,HUMAN PRESCRIPTION DRUG,Current,Reverified,02/14/2022,09/15/2026,,Check wholesalers for inventory,"Dextrose 5% In Plastic Container, Injection, 50 mg/1 mL (NDC 65219-460-20)"
Calcitriol Capsule,CALCITRIOL,"Teva Pharmaceuticals USA, Inc.","Teva Pharmaceuticals USA, Inc.",0093-7353,0093-7353-01,ORAL,Capsule,Endocrinology/Metabolism,HUMAN PRESCRIPTION DRUG,To Be Discontinued,New,12/04/2025,12/04/2025,12/04/2025,A business decision was made to discontinue manufacture of the drug,"Calcitriol, Capsule, .5 ug (NDC 0093-7353-01)"
Clindamycin Hydrochloride Capsule,,Pfizer Inc.,Pfizer Inc.,,0009-0225-02,,Capsule,Anti-Infective,,To Be Discontinued,New,02/25/2026,02/25/2026,02/25/2026,Discontinuation of the manufacture of the drug,"Cleocin Hydrochloride, Capsule, 150 mg (NDC 0009-0225-02)"
Nebivolol Hydrochloride Tablet,,Torrent Pharmaceuticals Limited,Torrent Pharmaceuticals Limited,,13668-356-30,,Tablet,Cardiovascular,,To Be Discontinued,New,03/25/2026,03/25/2026,03/25/2026,Discontinuation of the manufacture of the drug,"Nebivolol Hydrochloride, Tablet, 20 mg (NDC 13668-356-30)"
Atropine Sulfate Injection,ATROPINE SULFATE,"Somerset Therapeutics, LLC","Somerset Therapeutics, LLC",70069-631,70069-631-25,INTRAVENOUS,Injection,Anesthesia,HUMAN PRESCRIPTION DRUG,Current,Reverified,01/01/2012,09/11/2026,,,"Atropine Sulfate, Injection, .4 mg/1 mL (NDC 70069-631-25)"
Lisdexamfetamine Dimesylate Capsule,LISDEXAMFETAMINE DIMESYLATE,"Sun Pharmaceutical Industries, Inc.","Sun Pharmaceutical Industries, Inc.",57664-050,57664-050-88,ORAL,Capsule,Psychiatry,HUMAN PRESCRIPTION DRUG,Current,Revised,07/14/2023,08/27/2026,,Estimated recovery: TBD,"Lisdexamfetamine Dimesylate, Capsule, 50 mg (NDC 57664-050-88)"
Dobutamine Hydrochloride Injection,DOBUTAMINE IN DEXTROSE,"Hospira, Inc.","Hospira, Inc., a Pfizer Company",0409-0151,0409-0151-10,INTRAVENOUS,Injection,Cardiovascular,HUMAN PRESCRIPTION DRUG,Current,Revised,11/06/2017,09/11/2026,,,"Dobutamine Hydrochloride In Dextrose 5% In Plastic Container, Injection, 250 mg/250mL (100 mg/mL) (NDC 0409-0151-10)"
"Cefotaxime Sodium Powder, for Solution",CEFOTAXIME,SteriMax Inc.,"SteriMax, Inc.",21586-012,21586-012-02,INTRAMUSCULAR,"Powder, For Solution",Anti-Infective,HUMAN PRESCRIPTION DRUG,Current,Revised,02/17/2015,06/15/2026,,,"Cefotaxime Sodium, Powder, for Solution, 2 g (NDC 21586-012-02)"
Clonazepam Tablet,KLONOPIN,"H2-Pharma, LLC",Cheplapharm Arzneimittel GmbH,61269-620,61269-620-10,ORAL,Tablet,Neurology,HUMAN PRESCRIPTION DRUG,Current,Reverified,03/10/2023,09/16/2026,,Marketed by H2-Pharma,"Klonopin, Tablet, 2 mg (NDC 61269-620-10)"
Pilocarpine Hydrochloride Tablet,PILOCARPINE HYDROCHLORIDE,"Actavis Pharma, Inc.","Actavis Pharma, Inc.",0228-2837,0228-2837-11,ORAL,Tablet,Other,HUMAN PRESCRIPTION DRUG,To Be Discontinued,New,09/19/2025,09/19/2025,09/19/2025,Discontinuation of the manufacture of the drug.,"Salagen, Tablet, 7.5 mg (NDC 0228-2837-11)"
Rocuronium Bromide Injection,ROCURONIUM,"Fresenius Kabi USA, LLC","Fresenius Kabi USA, LLC",65219-444,65219-444-10,INTRAVENOUS,Injection,Anesthesia,HUMAN PRESCRIPTION DRUG,Current,Reverified,02/15/2023,09/15/2026,,Check wholesalers for inventory,"Rocuronium Bromide, Injection, 10 mg/1 mL (NDC 65219-444-10)"
"Methylphenidate Hydrochloride Tablet, Extended Release",RELEXXII,"Vertical Pharmaceuticals, LLC","Vertical Pharmaceuticals, LLC",68025-096,68025-096-30,ORAL,Tablet,Psychiatry,HUMAN PRESCRIPTION DRUG,Current,Reverified,07/26/2023,09/16/2026,,,"Relexxii, Tablet, Extended Release, 27 mg (NDC 68025-096-30)"
"Amphetamine Aspartate Monohydrate, Amphetamine Sulfate, Dextroamphetamine Saccharate, Dextroamphetamine Sulfate Tablet","DEXTROAMPHETAMINE SACCHARATE, AMPHETAMINE ASPARTATE, DEXTROAMPHETAMINE SULFATE AND AMPHETAMINE SULFATE","Lannett Company, LLC","Lannett Company, Inc.",0527-0766,0527-0766-37,ORAL,Tablet,Psychiatry,HUMAN PRESCRIPTION DRUG,Current,Reverified,10/12/2022,09/15/2026,,,"Amphetamine Aspartate Monohydrate, Amphetamine Sulfate, Dextroamphetamine Saccharate, Dextroamphetamine Sulfate, Tablet, 7.5 mg; 7.5 mg; 7.5 mg; 7.5 mg (NDC 0527-0766-37)"
Clonazepam Tablet,CLONAZEPAM,Solco Healthcare LLC,"Prinston Pharmaceutical, Inc.",43547-407,43547-407-11,ORAL,Tablet,Neurology,HUMAN PRESCRIPTION DRUG,Current,Reverified,03/10/2023,09/02/2026,,Marketed by Solco Healthcare,"Clonazepam, Tablet, 1 mg (NDC 43547-407-11)"
Dexamethasone Sodium Phosphate Injection,DEXAMETHASONE SODIUM PHOSPHATE,Mylan Institutional LLC,"Mylan Institutional, a Viatris Company",67457-423,67457-423-12,INTRA-ARTICULAR,Injection,Dermatology,HUMAN PRESCRIPTION DRUG,Current,Reverified,02/08/2019,09/17/2026,,,"Dexamethasone Sodium Phosphate, Injection, 4 mg/1 mL (NDC 67457-423-12)"
Rocuronium Bromide Injection,ROCURONIUM,Piramal Critical Care Inc,Piramal Critical Care Inc.,66794-229,66794-229-41,INTRAVENOUS,Injection,Anesthesia,HUMAN PRESCRIPTION DRUG,Current,Reverified,02/15/2023,09/15/2026,,On allocation,"Rocuronium Bromide, Injection, 100 mg/10 mL (NDC 66794-229-41)"
Sodium Bicarbonate Injection,SODIUM BICARBONATE,"Exela Pharma Sciences, LLC","Exela Pharma Sciences, LLC",51754-5011,51754-5011-4,INTRAVENOUS,Injection,Endocrinology/Metabolism,HUMAN PRESCRIPTION DRUG,Current,Reverified,07/24/2017,09/15/2026,,,"Sodium Bicarbonate, Injection, 84 mg/1 mL (NDC 51754-5011-4)"
Lisdexamfetamine Dimesylate Capsule,LISDEXAMFETAMINE DIMESYLATE,"Teva Pharmaceuticals, Inc.","Teva Pharmaceuticals USA, Inc.",0480-3568,0480-3568-01,ORAL,Capsule,Psychiatry,HUMAN PRESCRIPTION DRUG,Current,Reverified,07/14/2023,09/15/2026,,,"Lisdexamfetamine Dimesylate, Capsule, 40 mg (NDC 0480-3568-01)"
Doxycycline Hyclate Tablet,,"Mylan Pharmaceuticals Inc., a Viatris Company","Mylan Pharmaceuticals Inc., a Viatris Company",,0378-0167-13,,Tablet,Anti-Infective,,To Be Discontinued,New,01/12/2026,01/12/2026,01/12/2026,Discontinuation of the manufacture of the drug,"Doxycycline Hyclate, Tablet, 100 mg (NDC 0378-0167-13)"
Clindamycin Phosphate Injection,CLEOCIN PHOSPHATE,Pharmacia & Upjohn Company LLC,Pfizer Inc.,0009-0775,0009-0775-26,INTRAMUSCULAR,Injection,Anti-Infective,HUMAN PRESCRIPTION DRUG,To Be Discontinued,New,06/01/2026,06/01/2026,06/01/2026,Discontinuation of the manufacture of the drug,"Cleocin Phosphate, Injection, 600 mg/4 mL (150 mg/mL); 4 mL Vial (NDC 0009-0775-26)"
Acetaminophen; Oxycodone Hydrochloride Tablet,ENDOCET,"Par Health USA, LLC","Endo Pharmaceuticals, Inc.",60951-712,60951-712-70,ORAL,Tablet,Analgesia/Addiction,HUMAN PRESCRIPTION DRUG,To Be Discontinued,New,11/03/2025,11/03/2025,11/03/2025,Discontinuation of the manufacture of the drug,"Acetaminophen; Oxycodone Hydrochloride, Tablet, 325 mg; 10 mg (NDC 60951-712-70)"
Pramlintide Acetate Injection,SYMLINPEN,AstraZeneca Pharmaceuticals LP,AstraZeneca AB,0310-6615,0310-6615-02,SUBCUTANEOUS,Injection,Endocrinology/Metabolism,HUMAN PRESCRIPTION DRUG,To Be Discontinued,New,10/27/2025,10/27/2025,10/27/2025,Discontinuation of the manufacture of the drug.,"SymlinPen® 60 , Injection, 1000 ug/1 mL (NDC 0310-6615-02)"
Ropivacaine Hydrochloride Injection,ROPIVACAINE HYDROCHLORIDE,"FRESENIUS KABI USA, LLC","Fresenius Kabi USA, LLC",65219-632,65219-632-10,EPIDURAL,Injection,Anesthesia,HUMAN PRESCRIPTION DRUG,Current,Reverified,03/23/2018,09/15/2026,,,"Naropin, Injection, 2 mg/1 mL (NDC 65219-632-10)"
"Methylphenidate Hydrochloride Tablet, Extended Release",METHYLPHENIDATE HYDROCHLORIDE,"Trigen Laboratories, LLC","Trigen Laboratories, LLC",13811-708,13811-708-10,ORAL,Tablet,Psychiatry,HUMAN PRESCRIPTION DRUG,Current,Reverified,07/26/2023,09/16/2026,,Allocation to current contracted customers,"Methylphenidate Hydrochloride, Tablet, Extended Release, 36 mg (NDC 13811-708-10)"
Everolimus Tablet,,"Mylan Pharmaceuticals Inc., a Viatris Company","Mylan Pharmaceuticals Inc., a Viatris Company",,0378-0006-85,,Tablet,Transplant,,To Be Discontinued,New,11/03/2025,11/03/2025,11/03/2025,Discontinuation of the manufacture of the drug,"Everolimus, Tablet, 3 mg (NDC 0378-0006-85)"
Amino Acid Injection,AMINOSYN-PF,ICU Medical Inc.,Otsuka ICU Medical LLC,0990-4178,0990-4178-03,INTRAVENOUS,Injection,Gastroenterology,HUMAN PRESCRIPTION DRUG,Current,Reverified,12/08/2020,09/16/2026,,"Estimated recovery: TBD. This product is distributed by ICU Medical. For questions regarding this product, please contact ICU Medical.","Aminosyn-PF 7%, Injection, 0.07 (NDC 0990-4178-03)"
Daptomycin Injection,,"Jiangsu Hengrui Pharmaceuticals Co. (US Agent eVenus Pharmaceutical Laboratories, Inc.)","Jiangsu Hengrui Pharmaceuticals Co. (US Agent eVenus Pharmaceutical Laboratories, Inc.)",,0143-9378-01,,Injection,Anti-Infective,,To Be Discontinued,New,06/30/2026,06/30/2026,06/30/2026,"Discontinuation of the manufacture of the drug; Marketed by Hikma Pharmaceuticals USA, Inc.","Daptomycin, Injection, 500 mg/10 mL (NDC 0143-9378-01)"
Rifampin Injection,RIFAMPIN,Mylan Institutional LLC,"Mylan Institutional, a Viatris Company",67457-445,67457-445-60,INTRAVENOUS,Injection,Anti-Infective,HUMAN PRESCRIPTION DRUG,Current,Reverified,02/17/2021,09/17/2026,,Estimated recovery: Q4 2026,"Rifampin, Injection, 600 mg (NDC 67457-445-60)"
Sodium Acetate Injection,SODIUM ACETATE ANHYDROUS,"Somerset Therapeutics, LLC","Somerset Therapeutics, LLC",70069-048,70069-048-20,INTRAVENOUS,Injection,Endocrinology/Metabolism,HUMAN PRESCRIPTION DRUG,Current,Reverified,02/03/2016,09/11/2026,,,"Sodium Acetate, Injection, 164 mg/1 mL (NDC 70069-048-20)"
"Metoprolol Succinate Tablet, Extended Release",METOPROLOL SUCCINATE,"Actavis Pharma, Inc.","Teva Pharmaceuticals USA, Inc.",45963-709,45963-709-96,ORAL,Tablet,Cardiovascular,HUMAN PRESCRIPTION DRUG,To Be Discontinued,New,08/31/2026,08/31/2026,08/31/2026,A business decision was made to discontinue manufacture of the drug.,"Metoprolol Succinate, Tablet, Extended Release, 25 mg (NDC 45963-709-96)"
Furosemide Oral Solution,FUROSEMIDE,Hikma Pharmaceuticals USA Inc.,"Hikma Pharmaceuticals USA, Inc.",0054-3294,0054-3294-46,ORAL,Oral Solution,Cardiovascular,HUMAN PRESCRIPTION DRUG,Current,Reverified,03/31/2026,09/03/2026,,Available on allocation,"Furosemide, Oral Solution, 10 mg/1 mL (NDC 0054-3294-46)"
Cromolyn Sodium Concentrate,,Ailex Pharmaceuticals,Ailex Pharmaceuticals,,69784-200-96,,Concentrate,Pulmonary/Allergy,,Current,Reverified,11/03/2023,08/31/2026,,"No longer manufactured, some supplies still available in supply chain. Distributed by Woodward Pharma Services LLC (248) 308-1120 Ext 2","Cromolyn Sodium, Concentrate, 100 mg/5 mL (NDC 69784-200-96)"
"Amphetamine Aspartate Monohydrate, Amphetamine Sulfate, Dextroamphetamine Saccharate, Dextroamphetamine Sulfate Tablet","DEXTROAMPHETAMINE SACCHARATE, AMPHETAMINE ASPARTATE, DEXTROAMPHETAMINE SULFATE AND AMPHETAMINE SULFATE","Epic Pharma, LLC","Epic Pharma, LLC",42806-344,42806-344-01,ORAL,Tablet,Psychiatry,HUMAN PRESCRIPTION DRUG,Current,Reverified,10/12/2022,09/15/2026,,Estimated recovery: TBD,"Amphetamine Aspartate Monohydrate, Amphetamine Sulfate, Dextroamphetamine Saccharate, Dextroamphetamine Sulfate, Tablet, 5 mg; 5 mg; 5 mg; 5 mg (NDC 42806-344-01)"
Ropivacaine Hydrochloride Injection,NAROPIN,"Fresenius Kabi USA, LLC","Fresenius Kabi USA, LLC",63323-286,63323-286-63,EPIDURAL,Injection,Anesthesia,HUMAN PRESCRIPTION DRUG,Current,Reverified,03/23/2018,09/15/2026,,,"Naropin, Injection, 5 mg/1 mL (NDC 63323-286-63)"
Tafamidis Meglumine Capsule,VYNDAMAX,Pfizer Laboratories Div Pfizer Inc,Pfizer Inc.,0069-8730,0069-8730-30,ORAL,Capsule,Cardiovascular,HUMAN PRESCRIPTION DRUG,To Be Discontinued,New,09/29/2025,09/29/2025,09/29/2025,Discontinuation of the manufacture of the drug upon exhausted supply/stop sale in December 2025.,"Vyndaqel, Capsule, 20 mg soft gelatin capsules; blister card (120 total capsules) (NDC 0069-8730-30)"
Omeprazole Delayed Release Capsule,OMEPRAZOLE,Sandoz Inc,Sandoz Inc.,0781-2859,0781-2859-10,ORAL,,Gastroenterology,HUMAN PRESCRIPTION DRUG,To Be Discontinued,New,10/09/2025,10/09/2025,10/09/2025,Discontinuation of the manufacture of the drug,"Omeprazole, Delayed Release Capsule, 10 mg (NDC 0781-2859-10)"
Ifosfamide Injection,IFOSFAMIDE,Baxter Healthcare Company,Baxter Healthcare,10019-926,10019-926-02,INTRAVENOUS,Injection,Oncology,HUMAN PRESCRIPTION DRUG,Current,Reverified,06/12/2026,09/17/2026,,,"Ifosfamide, Injection, 3 g/60 mL (NDC 10019-926-02)"
Dexmedetomidine Hydrochloride Injection,,"Hikma Pharmaceuticals USA, Inc.","Hikma Pharmaceuticals USA, Inc.",,0143-9532-25,,Injection,Anesthesia,,Current,Reverified,04/10/2020,08/13/2026,,Product temporarily on backorder.  Additional lots will be available in the September 2026 timeframe.,"Dexmedetomidine Hydrochloride, Injection, 100 ug/1 mL (NDC 0143-9532-25)"
"Diclofenac Sodium Tablet, Delayed Release",DICLOFENAC SODIUM,"Actavis Pharma, Inc.","Teva Pharmaceuticals USA, Inc.",0228-2550,0228-2550-11,ORAL,Tablet,Musculoskeletal,HUMAN PRESCRIPTION DRUG,To Be Discontinued,New,08/13/2026,08/13/2026,08/13/2026,A business decision was made to discontinue manufacture of the drug.,"Diclofenac Sodium, Tablet, Delayed Release, 50 mg (NDC 0228-2550-11)"
Tiagabine Hydrochloride Tablet,TIAGABINE HYDROCHLORIDE,"Teva Pharmaceuticals USA, Inc.","Teva Pharmaceuticals USA, Inc.",0093-5030,0093-5030-56,ORAL,Tablet,Neurology,HUMAN PRESCRIPTION DRUG,To Be Discontinued,New,04/15/2026,04/15/2026,04/15/2026,Discontinuation of the manufacture of the drug,"Tiagabine Hydrochloride, Tablet, 2mg 30 count (NDC 0093-5030-56)"
Bupivacaine Hydrochloride Injection,BUPIVACAINE HYDROCHLORIDE,"Hospira, Inc.","Hospira, Inc., a Pfizer Company",0409-1159,0409-1159-02,EPIDURAL,Injection,Anesthesia,HUMAN PRESCRIPTION DRUG,Current,Reverified,02/20/2018,09/09/2026,,,"Bupivacaine Hydrochloride, Injection, 75 mg/30 mL (2.5 mg/mL) (NDC 0409-1159-02)"
Midazolam Hydrochloride Injection,MIDAZOLAM,"Hospira, Inc.","Hospira, Inc., a Pfizer Company",0409-2305,0409-2305-05,INTRAMUSCULAR,Injection,Anesthesia,HUMAN PRESCRIPTION DRUG,Current,Revised,04/02/2020,09/09/2026,,Next Delivery: October 2026; Estimated Recovery: December 2026,"Midazolam Hydrochloride Preservative Free, Injection, 5 mg/5 mL (1 mg/mL) (NDC 0409-2305-05)"
Glyburide Tablet,GLYBURIDE,TEVA Pharmaceuticals USA Inc,Sanofi-Aventis U.S. LLC,0093-9364,0093-9364-01,ORAL,Tablet,Endocrinology/Metabolism,HUMAN PRESCRIPTION DRUG,To Be Discontinued,New,08/10/2026,08/10/2026,08/10/2026,A business decision was made to discontinue manufacture of the drug.,"Diabeta, Tablet, 5 mg (NDC 0093-9364-01)"
"Dehydrated Alcohol Injection, Solution",DEHYDRATED ALCOHOL,"Accord Healthcare, Inc.",Accord Healthcare Inc.,16729-710,16729-710-45,PERCUTANEOUS,Injection,Cardiovascular,HUMAN PRESCRIPTION DRUG,To Be Discontinued,New,05/27/2026,05/27/2026,05/27/2026,Accord is transitioning to the 5-pack configuration (NDC 16729-710-53).,"Dehydrated Alcohol, Injection, Solution, 1 mL/1 mL (10 pack) (NDC 16729-710-45)"
Dexmedetomidine Hydrochloride Injection,DEXMEDETOMIDINE HYDROCHLORIDE,Eugia US LLC,Eugia US LLC,55150-297,55150-297-10,INTRAVENOUS,Injection,Anesthesia,HUMAN PRESCRIPTION DRUG,Current,Reverified,04/10/2020,09/17/2026,,Check wholesalers for inventory,"Dexmedetomidine Hydrochloride, Injection, 4 ug/1 mL (NDC 55150-297-10)"
Sodium Acetate Injection,SODIUM ACETATE,"Hospira, Inc.","Hospira, Inc., a Pfizer Company",0409-3299,0409-3299-05,INTRAVENOUS,Injection,Endocrinology/Metabolism,HUMAN PRESCRIPTION DRUG,Current,Reverified,02/03/2016,09/09/2026,,,"Sodium Acetate, Injection, 100 mEq/50 mL (2 mEq/mL) (NDC 0409-3299-05)"
Triamcinolone Hexacetonide Injection,,Medexus,Medexus,,59137-570-01,,Injection,Rheumatology,,Current,Revised,05/04/2021,09/15/2026,,,"Hexatrione, Injection, 40 mg/2 mL (NDC 59137-570-01)"
Morphine Sulfate Injection,INFUMORPH 500,Hikma Pharmaceuticals USA Inc.,"Hikma Pharmaceuticals USA, Inc.",0641-6040,0641-6040-01,EPIDURAL,Injection,Analgesia/Addiction,HUMAN PRESCRIPTION DRUG,Current,Reverified,11/03/2017,09/03/2026,,Additional lots are scheduled to be manufactured. Product will be made available as it is released.,"Infumorph 500 (Preservative-Free Morphine Sulfate Sterile Solution), Injection, 25 mg/1 mL (NDC 0641-6040-01)"
Hydromorphone Hydrochloride Injection,HYDROMORPHONE HYDROCHLORIDE,"Fresenius Kabi USA, LLC","Fresenius Kabi USA, LLC",63323-852,63323-852-25,INTRAMUSCULAR,Injection,Analgesia/Addiction,HUMAN PRESCRIPTION DRUG,Current,Revised,10/31/2017,09/15/2026,,Next release October 2026. Check wholesalers for inventory.,"Hydromorphone Hydrochloride, Injection, 1 mg/1 mL (NDC 63323-852-25)"
Dexmedetomidine Hydrochloride Injection,DEXMEDETOMIDINE HYDROCHLORIDE,"Wilshire Pharmaceuticals, Inc.","Azurity Pharmaceuticals, Inc",52536-125,52536-125-10,INTRAVENOUS,Injection,Anesthesia,HUMAN PRESCRIPTION DRUG,Current,Reverified,04/10/2020,09/16/2026,,"Distributed by Wilshire Pharmaceuticals, Inc.","Dexmedetomidine Hydrochloride, Injection, 200 mcg/50 mL (4 ug/1 mL) (NDC 52536-125-10)"
Dextrose Monohydrate 10% Injection,DEXTROSE,"Fresenius Kabi USA, LLC","Fresenius Kabi USA, LLC",63323-824,63323-824-74,INTRAVENOUS,Injection,Endocrinology/Metabolism,HUMAN PRESCRIPTION DRUG,Current,Reverified,03/01/2022,09/15/2026,,Check wholesalers for inventory,"Dextrose 10% In Plastic Container, Injection, 100 mg/1 mL (NDC 63323-824-74)"
"Streptozocin Powder, For Solution",,"ESTEVE PHARMACEUTICALS, S.A.","ESTEVE PHARMACEUTICALS, S.A.",,68118-100-01,,"Powder, For Solution",Oncology,,Current,Revised,07/12/2022,09/16/2026,,,"Zanosar, Powder, For Solution, 1 g/10 mL (NDC 68118-100-01)"
Adalimumab-afzb Injection,ABRILADA,Pfizer Laboratories Div Pfizer Inc,Pfizer Inc.,0025-0325,0025-0325-01,,Injection,Rheumatology,HUMAN PRESCRIPTION DRUG,To Be Discontinued,New,10/09/2025,10/09/2025,10/09/2025,Discontinuation of the manufacture of the drug,"Abrilada, Injection, Kit (NDC 0025-0325-01)"
Penicillin G Benzathine Injection,BICILLIN L-A,Pfizer Laboratories Div Pfizer Inc,Pfizer Inc.,60793-702,60793-702-10,INTRAMUSCULAR,Injection,Anti-Infective,HUMAN PRESCRIPTION DRUG,Current,Revised,04/26/2023,09/08/2026,,Limited Supply Available. Next Delivery: October 2026; Estimated Recovery: December 2027; Shortage per Manufacturer: Manufacturing Delay,"Bicillin L-A, Injection, 2400000 [iU]/4 mL (NDC 60793-702-10)"
Insulin Lispro-aabc Injection,LYUMJEV TEMPO PEN,Eli Lilly and Company,Eli Lilly and Co.,0002-8235,0002-8235-05,SUBCUTANEOUS,Injection,Endocrinology/Metabolism,HUMAN PRESCRIPTION DRUG,To Be Discontinued,New,10/24/2025,10/24/2025,10/24/2025,A business decision was made to discontinue manufacture of the drug.,"Lyumjev, Injection, U-100 Tempo Pen (NDC 0002-8235-05)"
"Amphetamine Aspartate Monohydrate, Amphetamine Sulfate, Dextroamphetamine Saccharate, Dextroamphetamine Sulfate Tablet","DEXTROAMPHETAMINE SACCHARATE, AMPHETAMINE ASPARTATE, DEXTROAMPHETAMINE SULFATE, AMPHETAMINE SULFATE TABLETS,CII",Alvogen Inc.,Alvogen,47781-174,47781-174-01,ORAL,Tablet,Psychiatry,HUMAN PRESCRIPTION DRUG,Current,Reverified,10/12/2022,09/17/2026,,,"Amphetamine Aspartate Monohydrate, Amphetamine Sulfate, Dextroamphetamine Saccharate, Dextroamphetamine Sulfate, Tablet, 5mg (NDC 47781-174-01)"
"Amphetamine Aspartate Monohydrate, Amphetamine Sulfate, Dextroamphetamine Saccharate, Dextroamphetamine Sulfate Tablet","DEXTROAMPHETAMINE SACCHARATE, AMPHETAMINE ASPARTATE, DEXTROAMPHETAMINE SULFATE AND AMPHETAMINE SULFATE","SUNRISE PHARMACEUTICAL, INC.","Sunrise Pharmaceutical, Inc.",11534-194,11534-194-01,ORAL,Tablet,Psychiatry,HUMAN PRESCRIPTION DRUG,Current,Reverified,10/12/2022,09/16/2026,,,"Amphetamine Aspartate Monohydrate, Amphetamine Sulfate, Dextroamphetamine Saccharate, Dextroamphetamine Sulfate, Tablet, 3.75 mg; 3.75 mg; 3.75 mg; 3.75 mg (NDC 11534-194-01)"
Bupivacaine Hydrochloride Injection,BUPIVACAINE HYDROCHLORIDE,Eugia US LLC,Eugia US LLC,55150-167,55150-167-10,EPIDURAL,Injection,Anesthesia,HUMAN PRESCRIPTION DRUG,Current,Reverified,02/20/2018,09/17/2026,,Check wholesalers for inventory,"Bupivacaine Hydrochloride, Injection, 2.5 mg/1 mL (NDC 55150-167-10)"
Bupivacaine Hydrochloride Injection,,Kindos Pharmaceuticals Co. Ltd.,Kindos Pharmaceuticals Co. Ltd.,,71288-722-32,,Injection,Anesthesia,,Current,Revised,02/20/2018,05/05/2026,,Meitheal Pharmaceuticals is distributor/labeler,"Bupivacaine Hydrochloride, Injection, 2.5 mg/1 mL (NDC 71288-722-32)"
Azacitidine Injection,AZACITIDINE,"Fresenius Kabi USA, LLC","Fresenius Kabi USA, LLC",63323-771,63323-771-39,INTRAVENOUS,Injection,Oncology,HUMAN PRESCRIPTION DRUG,Current,Reverified,12/18/2020,09/15/2026,,Discontinuation of the manufacture of the drug,"Azacitidine, Injection, 100 mg/30 mL (NDC 63323-771-39)"
Liraglutide Injection,SAXENDA,"Novo Nordisk Pharmaceutical Industries, LP","Novo Nordisk, Inc.",0169-2800,0169-2800-15,SUBCUTANEOUS,Injection,Endocrinology/Metabolism,HUMAN PRESCRIPTION DRUG,Current,Revised,07/18/2023,08/25/2026,,Product will be available until discontinuation in January 2027,"Saxenda, Injection, 6 mg/1 mL (NDC 0169-2800-15)"
Etomidate Injection,ETOMIDATE,Eugia US LLC,Eugia US LLC,55150-222,55150-222-20,INTRAVENOUS,Injection,Anesthesia,HUMAN PRESCRIPTION DRUG,Current,Reverified,10/05/2022,09/17/2026,,On backorder. Recovery: TBD. Check wholesalers for inventory,"Etomidate, Injection, 40 mg/20 mL (NDC 55150-222-20)"
Medroxyprogesterone Acetate Tablet,PROVERA,Pharmacia & Upjohn Company LLC,Pfizer Inc.,0009-0065,0009-0065-01,ORAL,Tablet,Urology,HUMAN PRESCRIPTION DRUG,To Be Discontinued,New,08/31/2026,08/31/2026,08/31/2026,Discontinuation of the manufacture of the drug; Withdrawal from sale expected early October 2026.,"PROVERA, Tablet, 2.5 mg (NDC 0009-0065-01)"
Fondaparinux Sodium Injection,FONDAPARINUX SODIUM,Sandoz Inc.,"Jiangsu Hengrui Pharmaceuticals Co. (US Agent eVenus Pharmaceutical Laboratories, Inc.)",0781-3443,0781-3443-95,SUBCUTANEOUS,Injection,Hematology,HUMAN PRESCRIPTION DRUG,To Be Discontinued,New,09/29/2025,09/29/2025,09/29/2025,Discontinuation of the manufacture of the drug; Distributed by Sandoz Inc.,"Fondaparinux Sodium, Injection, 2.5 mg/.5 mL (NDC 0781-3443-95)"
"Calcium Chloride; Dextrose; Magnesium Chloride; Sodium Chloride; Sodium Lactate Intraperitoneal Injection, Solution",DIANEAL PD-2 WITH DEXTROSE,Vantive US Healthcare LLC,Vantive US Healthcare LLC,0941-0429,0941-0429-53,INTRAPERITONEAL,Solution,Renal,HUMAN PRESCRIPTION DRUG,To Be Discontinued,New,08/03/2026,08/03/2026,08/03/2026,A business decision was made to discontinue manufacture of the drug.,"DIANEAL PD-2 with Dextrose, Intraperitoneal Injection, Solution, 25.7 mg/100 mL; 4.25 g/100 mL; 5.08 mg/100 mL; 538 mg/100 mL; 448 mg/100 mL (NDC 0941-0429-53)"
Carboplatin Injection,CARBOPLATIN,BPI Labs LLC,Gland Pharma Limited,54288-166,54288-166-01,INTRAVENOUS,Injection,Oncology,HUMAN PRESCRIPTION DRUG,Current,Revised,04/28/2023,09/15/2026,,"Recovery estimated in late Q4 2026; Distributed by BPI Labs, LLC","Carboplatin, Injection, 450mg/45mL (NDC 54288-166-01)"
Promethazine Hydrochloride Injection,PHENERGAN,Hikma Pharmaceuticals USA Inc.,"Hikma Pharmaceuticals USA, Inc.",0641-6085,0641-6085-25,INTRAMUSCULAR,Injection,Analgesia/Addiction,HUMAN PRESCRIPTION DRUG,Current,Revised,11/21/2023,09/03/2026,,Estimated recovery: TBD,"Phenergan, Injection, 50 mg/1 mL (NDC 0641-6085-25)"
Leflunomide Tablet,ARAVA,sanofi-aventis U.S. LLC,Sanofi-Aventis U.S. LLC,0088-2160,0088-2160-30,ORAL,Tablet,Rheumatology,HUMAN PRESCRIPTION DRUG,To Be Discontinued,New,06/08/2026,06/08/2026,06/08/2026,Discontinuation of the manufacture of the drug,"Arava, Tablet, 10 mg (NDC 0088-2160-30)"
Dextrose Monohydrate 50% Injection,DEXTROSE,"Hospira, Inc.","Hospira, Inc., a Pfizer Company",0409-7517,0409-7517-16,INTRAVENOUS,Injection,Endocrinology/Metabolism,HUMAN PRESCRIPTION DRUG,Current,Reverified,01/13/2022,09/09/2026,,,"Dextrose Monohydrate 50%, Injection, 25 g/50 mL (NDC 0409-7517-16)"
Etomidate Injection,AMIDATE,"Hospira, Inc.","Hospira, Inc., a Pfizer Company",0409-6695,0409-6695-01,INTRAVENOUS,Injection,Anesthesia,HUMAN PRESCRIPTION DRUG,Current,Reverified,10/05/2022,09/09/2026,,,"Amidate, Injection, 2 mg/1 mL (NDC 0409-6695-01)"
Allopurinol Tablet,ALLOPURINOL,"Actavis Pharma, Inc.","Teva Pharmaceuticals USA, Inc.",0591-5543,0591-5543-01,ORAL,Tablet,Oncology,HUMAN PRESCRIPTION DRUG,To Be Discontinued,New,02/19/2026,02/19/2026,02/19/2026,Discontinuation of the manufacture of the drug,"Allopurinol, Tablet, 100 mg (NDC 0591-5543-01)"
Bupivacaine Hydrochloride Injection,BUPIVACAINE HYDROCHLORIDE,"Camber Pharmaceuticals, Inc.",Aspiro Pharma Limited,31722-275,31722-275-34,EPIDURAL,Injection,Anesthesia,HUMAN PRESCRIPTION DRUG,Current,New,02/20/2018,07/17/2026,,,"Bupivacaine Hydrochloride, Injection, 2.5 mg/1 mL (NDC 31722-275-34)"
Rocuronium Bromide Injection,ROCURONIUM BROMIDE,"XGen Pharmaceuticals DJB, Inc.","XGen Pharmaceuticals DJB, Inc.",39822-4200,39822-4200-6,INTRAVENOUS,Injection,Anesthesia,HUMAN PRESCRIPTION DRUG,Current,Reverified,02/15/2023,08/17/2026,,Tamarang is the application holder and X-Gen is the distributor/labeler,"Rocuronium Bromide, Injection, 100 mg/10 mL (NDC 39822-4200-6)"
Lidocaine Hydrochloride Injection,LIDOCAINE HYDROCHLORIDE,"Spectra Medical Devices, LLC","Spectra Medical Devices, LLC",65282-1605,65282-1605-1,EPIDURAL,Injection,Anesthesia,HUMAN PRESCRIPTION DRUG,Current,Reverified,06/14/2018,05/15/2026,,Estimated recovery: TBD,"Lidocaine Hydrochloride, Injection, 10 mg/1 mL (NDC 65282-1605-1)"
Diltiazem Hydrochloride Injection,DILTIAZEM HYDROCHLORIDE,"Hospira, Inc.","Hospira, Inc., a Pfizer Company",0409-4350,0409-4350-03,INTRAVENOUS,Injection,Cardiovascular,HUMAN PRESCRIPTION DRUG,To Be Discontinued,New,01/05/2026,01/05/2026,01/05/2026,Discontinuation of the manufacture of the drug,"Diltiazem Hydrochloride, Injection, 100 mg Single Dose ADD-Vantage® Glass Vial (NDC 0409-4350-03)"
Lisdexamfetamine Dimesylate Capsule,VYVANSE,"Takeda Pharmaceuticals America, Inc.",Takeda Pharmaceuticals USA Inc.,59417-107,59417-107-10,ORAL,Capsule,Psychiatry,HUMAN PRESCRIPTION DRUG,Current,Reverified,07/14/2023,09/15/2026,,,"Vyvanse, Capsule, 70 mg (NDC 59417-107-10)"
Everolimus Tablet,,"Endo Pharmaceuticals, Inc.","Endo Pharmaceuticals, Inc.",,49884-128-91,,Tablet,Transplant,,To Be Discontinued,New,01/06/2026,01/06/2026,01/06/2026,Discontinuation of the manufacture of the drug,"Everolimus, Tablet, 10 mg (NDC 49884-128-91)"
Bupivacaine Hydrochloride Injection,MARCAINE SPINAL,"Hospira, Inc.","Hospira, Inc., a Pfizer Company",0409-1761,0409-1761-10,SUBARACHNOID,Injection,Anesthesia,HUMAN PRESCRIPTION DRUG,Current,Revised,02/20/2018,09/09/2026,,Next Delivery: October 2026; Estimated Recovery: December 2026; Shortage per Manufacturer: Manufacturing Delay,"Marcaine, Injection, 0.75% 15 mg/2 mL (7.5 mg/mL) in Dextrose 8.25% (NDC 0409-1761-10)"
"Calcium Chloride; Dextrose; Magnesium Chloride; Sodium Chloride; Sodium Lactate Intraperitoneal Injection, Solution",DIANEAL LOW CALCIUM WITH DEXTROSE,Vantive US Healthcare LLC,Vantive US Healthcare LLC,0941-0430,0941-0430-51,INTRAPERITONEAL,Solution,Renal,HUMAN PRESCRIPTION DRUG,To Be Discontinued,New,08/03/2026,08/03/2026,08/03/2026,A business decision was made to discontinue manufacture of the drug.,"DIANEAL Low Calcium with Dextrose, Intraperitoneal Injection, Solution, 18.3 mg/100 mL; 2.5 g/100 mL; 5.08 mg/100 mL; 538 mg/100 mL; 448 mg/100 mL (NDC 0941-0430-51)"
Ropivacaine Hydrochloride Injection,ROPIVACAINE HYDROCHLORIDE,Baxter Healthcare Corporation,"Caplin Steriles, Ltd.",43066-015,43066-015-10,EPIDURAL,Injection,Anesthesia,HUMAN PRESCRIPTION DRUG,Current,Reverified,12/22/2020,06/10/2026,,Check wholesalers for inventory; Marketed by Baxter,"Ropivacaine Hydrochloride, Injection, 2 mg/1 mL (NDC 43066-015-10)"
Lisdexamfetamine Dimesylate Capsule,LISDEXAMFETAMINE DIMESYLATE,"Solco Healthcare US,LLC","Solco Healthcare US, LLC",43547-606,43547-606-10,ORAL,Capsule,Psychiatry,HUMAN PRESCRIPTION DRUG,Current,Reverified,07/14/2023,06/29/2026,,On allocation,"Lisdexamfetamine Dimesylate, Capsule, 50 mg (NDC 43547-606-10)"
Etomidate Injection,ETOMIDATE,"Civica, Inc.","Hikma Pharmaceuticals USA, Inc.",72572-161,72572-161-10,INTRAVENOUS,Injection,Anesthesia,HUMAN PRESCRIPTION DRUG,Current,Reverified,10/05/2022,09/03/2026,,Distributed by Civica,"Etomidate, Injection, 2 mg/1 mL (NDC 72572-161-10)"
"Methylphenidate Film, Extended Release",METHYLPHENIDATE TRANSDERMAL SYSTEM,PADAGIS US LLC,"Noven Pharmaceuticals, Inc.",0574-2430,0574-2430-65,TRANSDERMAL,"Film, Extended Release",Psychiatry,HUMAN PRESCRIPTION DRUG,Current,Reverified,02/28/2025,09/02/2026,,Distributed by Padagis US LLC,"Methylphenidate, Film, Extended Release, 30 mg (NDC 0574-2430-65)"
Furosemide Injection,FUROSEMIDE,Heritage Pharmaceuticals Inc. d/b/a Avet Pharmaceuticals Inc.,"Avet Pharmaceuticals, Inc.",23155-473,23155-473-42,INTRAVENOUS,Injection,Cardiovascular,HUMAN PRESCRIPTION DRUG,Current,Revised,04/07/2020,09/01/2026,,Estimated recovery: End October 2026; Manufacturing delay,"Furosemide, Injection, 10 mg/1 mL (NDC 23155-473-42)"
"Carbamazepine Capsule, Extended Release",CARBATROL,"Takeda Pharmaceuticals America, Inc.",Takeda Pharmaceuticals USA Inc.,54092-172,54092-172-12,ORAL,"Capsule, Extended Release",Neurology,HUMAN PRESCRIPTION DRUG,To Be Discontinued,New,12/19/2025,12/19/2025,12/19/2025,Discontinuation of the manufacture of the drug,"Carbatrol, Capsule, Extended Release, 200 mg (NDC 54092-172-12)"
Amino Acid Injection,PROSOL,Baxter Healthcare Corporation,Baxter Healthcare,0338-0499,0338-0499-06,INTRAVENOUS,Injection,Gastroenterology,HUMAN PRESCRIPTION DRUG,Current,Reverified,12/08/2020,09/17/2026,,,"PROSOL 20% SULFITE FREE IN PLASTIC CONTAINER, Injection, 2.76 g/100 mL; 1.96 g/100 mL; 600 mg/100 mL; 1.02 g/100 mL; 2.06 g/100 mL; 1.18 g/100 mL; 1.08 g/100 mL; 1.08 g/100 mL; 1.35 g/100 mL; 760 mg/100 mL; 1 g/100 mL; 1.34 g/100 mL; 1.02 g/100 mL; 980 mg/100 mL; 320 mg/100 mL; 50 mg/100 mL; 1.44 g/100 mL (NDC 0338-0499-06)"
Sodium Oxybate Solution,,Amneal Pharmaceuticals,Amneal Pharmaceuticals,,69238-2391-1,,Solution,Psychiatry,,To Be Discontinued,New,12/29/2025,12/29/2025,12/29/2025,Discontinuation of the manufacture of the drug,"Sodium Oxybate, Solution, .5 g/1 mL (NDC 69238-2391-1)"
"Methylphenidate Hydrochloride Tablet, Extended Release",METHYLPHENIDATE HYDROCHLORIDE,"Actavis Pharma, Inc.","Teva Pharmaceuticals USA, Inc.",62037-725,62037-725-01,ORAL,Tablet,Psychiatry,HUMAN PRESCRIPTION DRUG,Current,Revised,07/26/2023,09/15/2026,,Estimated recovery: September 2026,"Methylphenidate Hydrochloride, Tablet, Extended Release, 18 mg (NDC 62037-725-01)"
Hydromorphone Hydrochloride Injection,HYDROMORPHONE HYDROCHLORIDE,"Hospira, Inc.","Hospira, Inc., a Pfizer Company",0409-1312,0409-1312-36,INTRAMUSCULAR,Injection,Analgesia/Addiction,HUMAN PRESCRIPTION DRUG,Current,Revised,10/31/2017,09/09/2026,,Limited Supply Available. Next Delivery: January 2027; Estimated Recovery: March 2027; Shortage per Manufacturer: Manufacturing Delay,"Hydromorphone Hydrochloride, Injection, 2 mg/1 mL (NDC 0409-1312-36)"
Midazolam Hydrochloride Injection,MIDAZOLAM,"Fresenius Kabi USA, LLC","Fresenius Kabi USA, LLC",63323-411,63323-411-12,INTRAMUSCULAR,Injection,Anesthesia,HUMAN PRESCRIPTION DRUG,Current,Reverified,04/02/2020,09/15/2026,,Check wholesalers for inventory,"Midazolam Hydrochloride, Injection, 1 mg/1 mL (NDC 63323-411-12)"
Hydroxocobalamin Injection,HYDROXOCOBALAMIN,"Actavis Pharma, Inc.","Teva Pharmaceuticals USA, Inc.",0591-2888,0591-2888-30,INTRAMUSCULAR,Injection,Other,HUMAN PRESCRIPTION DRUG,Current,Revised,11/04/2024,09/15/2026,,Estimated recovery: TBD,"Hydroxocobalamin, Injection, 1000 MCG/ML, 30 ML Multi-Dose Vial (NDC 0591-2888-30)"
Dexamethasone Sodium Phosphate Injection,,"Fresenius Kabi USA, LLC","Fresenius Kabi USA, LLC",,76045-0210-10,,Injection,Dermatology,,Current,Reverified,02/08/2019,09/15/2026,,Checkwholesalers for inventory,"Dexamethasone Sodium Phosphate, Injection, 4 mg/1 mL (NDC 76045-0210-10)"
Clonazepam Tablet,CLONAZEPAM,Advagen Pharma Ltd,Rubicon Research Private Limited,72888-154,72888-154-01,ORAL,Tablet,Neurology,HUMAN PRESCRIPTION DRUG,Current,Reverified,03/10/2023,06/01/2026,,Marketed by Advagen Pharma Ltd.,"Clonazepam, Tablet, 2 mg (NDC 72888-154-01)"
Ropivacaine Hydrochloride Injection,ROPIVACAINE HYDROCHLORIDE,"Somerset Therapeutics, LLC","Somerset Therapeutics, LLC",70069-062,70069-062-10,EPIDURAL,Injection,Anesthesia,HUMAN PRESCRIPTION DRUG,Current,Reverified,03/23/2018,09/11/2026,,,"Ropivacaine Hydrochloride, Injection, 2 mg/1 mL (NDC 70069-062-10)"
Lorazepam Injection,,"Hikma Pharmaceuticals USA, Inc.","Hikma Pharmaceuticals USA, Inc.",,0641-6002-10,,Injection,Neurology,,Current,Revised,09/05/2018,09/03/2026,,Estimated recovery: TBD,"Ativan, Injection, 4 mg/1 mL (NDC 0641-6002-10)"
Furosemide Injection,FUROSEMIDE,"Fresenius Kabi USA, LLC","Fresenius Kabi USA, LLC",63323-280,63323-280-04,INTRAMUSCULAR,Injection,Cardiovascular,HUMAN PRESCRIPTION DRUG,Current,Reverified,04/07/2020,09/15/2026,,Check wholesalers for inventory,"Furosemide, Injection, 10 mg/1 mL (NDC 63323-280-04)"
Methylprednisolone Acetate Injection,DEPO-MEDROL,Pharmacia & Upjohn Company LLC,Pfizer Inc.,0009-3073,0009-3073-03,INTRALESIONAL,Injection,Rheumatology,HUMAN PRESCRIPTION DRUG,Current,Revised,12/15/2021,09/08/2026,,Limited Supply Available. Next Delivery and Estimated Recovery: September 2026; Shortage per Manufacturer: Manufacturing Delay,"Depo-medrol, Injection, 40 mg/1 mL (NDC 0009-3073-03)"
Gadoterate Meglumine Injection,GADOTERATE MEGLUMINE,"Fresenius Kabi USA, LLC","Jiangsu Hengrui Pharmaceuticals Co., Ltd.",65219-080,65219-080-05,INTRAVENOUS,Injection,Medical Imaging,HUMAN PRESCRIPTION DRUG,To Be Discontinued,New,06/30/2026,06/30/2026,06/30/2026,"Marketed by Fresenius Kabi, USA; Discontinuation of the manufacture of the drug","Gadoterate Meglumine, Injection, 376.9 mg/1 mL (NDC 65219-080-05)"
Clindamycin Phosphate Injection,CLEOCIN PHOSPHATE,Pharmacia & Upjohn Company LLC,Pfizer Inc.,0009-0775,0009-0775-26,INTRAMUSCULAR,Injection,Anti-Infective,HUMAN PRESCRIPTION DRUG,Current,Reverified,03/21/2023,09/08/2026,,,"Cleocin Phosphate, Injection, Cleocin Phosphate 600 mg/4 mL (150 mg/mL) (NDC 0009-0775-26)"
Carboplatin Injection,CARBOPLATIN,"Hospira, Inc.","Hospira, Inc., a Pfizer Company",61703-150,61703-150-05,INTRAVENOUS,Injection,Oncology,HUMAN PRESCRIPTION DRUG,Current,Revised,04/28/2023,09/09/2026,,Next Delivery: January 2027; Estimated Recovery: March 2027; Shortage per Manufacturer: Manufacturing Delay,"Carboplatin, Injection, 150 mg/15 mL (10 mg/mL) (NDC 61703-150-05)"
Sodium Bicarbonate Injection,SODIUM BICARBONATE,"Hospira, Inc.","Hospira, Inc., a Pfizer Company",0409-6625,0409-6625-14,INTRAVENOUS,Injection,Endocrinology/Metabolism,HUMAN PRESCRIPTION DRUG,Current,Reverified,03/01/2017,09/09/2026,,,"Sodium Bicarbonate, Injection, 50 mEq/50 mL (8.4%, 1 mEq/mL) (NDC 0409-6625-14)"
Methotrexate Sodium Injection,METHOTREXATE,"Hospira, Inc.","Hospira, Inc., a Pfizer Company",61703-408,61703-408-25,INTRAMUSCULAR,Injection,Rheumatology,HUMAN PRESCRIPTION DRUG,Current,Reverified,03/13/2023,09/09/2026,,,"Methotrexate Sodium, Injection, 1 g/40 mL (25 mg/mL) (NDC 61703-408-25)"
Furosemide Injection,FUROSEMIDE,"Hospira, Inc.","Hospira, Inc., a Pfizer Company",0409-6102,0409-6102-25,INTRAMUSCULAR,Injection,Cardiovascular,HUMAN PRESCRIPTION DRUG,Current,Revised,04/07/2020,09/09/2026,,Next Delivery and Estimated Recovery: December 2027; Shortage per Manufacturer: Manufacturing Delay,"Furosemide, Injection, 20 mg/2 mL (10 mg/1 mL) (NDC 0409-6102-25)"
Metronidazole Injection,METRONIDAZOLE,"Hospira, Inc.",InfoRLife SA,0409-0152,0409-0152-24,INTRAVENOUS,Injection,Anti-Infective,HUMAN PRESCRIPTION DRUG,Current,Reverified,01/13/2022,08/18/2026,,Labeler: Hospira Inc.,"Metronidazole in Flexible Container, Injection, 500 mg/100 mL (NDC 0409-0152-24)"
Hydromorphone Hydrochloride Injection,HYDROMORPHONE HYDROCHLORIDE,"Fresenius Kabi USA, LLC","Fresenius Kabi USA, LLC",63323-851,63323-851-50,INTRAMUSCULAR,Injection,Analgesia/Addiction,HUMAN PRESCRIPTION DRUG,Current,Reverified,10/31/2017,09/15/2026,,Check wholesalers for inventory,"Hydromorphone Hydrochloride, Injection, 10 mg/1 mL (NDC 63323-851-50)"
Clindamycin Phosphate Injection,CLINDAMYCIN IN 5 PERCENT DEXTROSE,"Civica, Inc.",Sandoz Inc.,72572-074,72572-074-24,INTRAVENOUS,Injection,Anti-Infective,HUMAN PRESCRIPTION DRUG,Current,Reverified,03/21/2023,09/03/2026,,Civica Label,"Clindamycin Phosphate In 5% Dextrose In Plastic Container, Injection, 12 mg/1 mL (NDC 72572-074-24)"
Clindamycin Phosphate Injection,CLINDAMYCIN PHOSPHATE,Baxter Healthcare Company,Baxter Healthcare,0338-3612,0338-3612-50,INTRAVENOUS,Injection,Anti-Infective,HUMAN PRESCRIPTION DRUG,Current,Reverified,03/21/2023,09/17/2026,,Estimated recovery: October 2026,"Clindamycin Phosphate, Injection, 600 mg/50 mL (NDC 0338-3612-50)"
Valproate Sodium Injection,VALPROATE SODIUM,"Fresenius Kabi USA, LLC","Fresenius Kabi USA, LLC",63323-494,63323-494-05,INTRAVENOUS,Injection,Neurology,HUMAN PRESCRIPTION DRUG,Current,Reverified,12/30/2020,09/15/2026,,Checkwholesalers for inventory,"Valproate Sodium, Injection, 100 mg/1 mL (NDC 63323-494-05)"
Methylprednisolone Acetate Injection,METHYLPREDNISOLONE ACETATE,Amneal Pharmaceuticals LLC,Amneal Pharmaceuticals,70121-1574,70121-1574-5,INTRA-ARTICULAR,Injection,Rheumatology,HUMAN PRESCRIPTION DRUG,Current,Revised,12/15/2021,06/17/2026,,,"Methylprednisolone Acetate, Injection, 80 mg/1 mL (NDC 70121-1574-5)"
Icosapent Ethyl Capsule,,Apotex Corp.,Apotex Corp.,,61474-9711-1,,Capsule,Cardiovascular,,To Be Discontinued,New,04/01/2026,04/01/2026,04/01/2026,Discontinuation of the manufacture of the drug,"Icosapent Ethyl, Capsule, 1 g (NDC 61474-9711-1)"
Midazolam Hydrochloride Injection,MIDAZOLAM,"Hospira, Inc.","Hospira, Inc., a Pfizer Company",0409-2308,0409-2308-02,INTRAMUSCULAR,Injection,Anesthesia,HUMAN PRESCRIPTION DRUG,Current,Revised,04/02/2020,09/09/2026,,Next Delivery and Estimated Recovery: September 2026,"Midazolam Hydrochloride Preservative Free, Injection, 10 mg/2 mL (5 mg/mL) (NDC 0409-2308-02)"
Ifosfamide Injection,IFOSFAMIDE,"Fresenius Kabi USA, LLC","Fresenius Kabi USA, LLC",63323-142,63323-142-10,INTRAVENOUS,Injection,Oncology,HUMAN PRESCRIPTION DRUG,Current,Reverified,06/12/2026,09/15/2026,,Check wholesalers for inventory,"Ifosfamide, Injection, 1 g/1 (NDC 63323-142-10)"
Dexamethasone Sodium Phosphate Injection,DEXAMETHASONE SODIUM PHOSPHATE,Hikma Pharmaceuticals USA Inc.,"Hikma Pharmaceuticals USA, Inc.",0641-0367,0641-0367-25,INTRAMUSCULAR,Injection,Dermatology,HUMAN PRESCRIPTION DRUG,Current,Revised,02/08/2019,09/03/2026,,Product will be made available as it is released.,"Dexamethasone Sodium Phosphate, Injection, 10 mg/1 mL (NDC 0641-0367-25)"
Dexamethasone Sodium Phosphate Injection,DEXAMETHASONE SODIUM PHOSPHATE,"Fresenius Kabi USA, LLC","Fresenius Kabi USA, LLC",63323-165,63323-165-30,INTRAMUSCULAR,Injection,Dermatology,HUMAN PRESCRIPTION DRUG,Current,Reverified,02/08/2019,09/15/2026,,Check wholesalers for inventory,"Dexamethasone Sodium Phosphate, Injection, 4 mg/1 mL (NDC 63323-165-30)"
Bupivacaine Hydrochloride Injection,BUPIVACAINE HYDROCHLORIDE,Meitheal Pharmaceuticals Inc,Kindos Pharmaceuticals Co. Ltd.,71288-723,71288-723-52,INFILTRATION,Injection,Anesthesia,HUMAN PRESCRIPTION DRUG,To Be Discontinued,New,05/05/2026,05/05/2026,05/05/2026,Discontinuation of the manufacture of the drug,"Bupivacaine Hydrochloride, Injection, 2.5 mg/1 mL (NDC 71288-723-52)"
Atropine Sulfate Injection,,"Hospira, Inc., a Pfizer Company","Hospira, Inc., a Pfizer Company",,0409-4910-34,,Injection,Anesthesia,,To Be Discontinued,New,11/07/2025,11/07/2025,11/07/2025,Discontinuation of the manufacture of the drug,"Atropine Sulfate, Injection, (Adult) 0.5 mg/5 mL (0.1 mg/mL) LifeShield® ABBOJECT® Glass Syringe (20 G x 1 1/2) (NDC 0409-4910-34)"""
Lidocaine Hydrochloride Injection,XYLOCAINE,"Fresenius Kabi USA, LLC","Fresenius Kabi USA, LLC",63323-486,63323-486-57,INFILTRATION,Injection,Anesthesia,HUMAN PRESCRIPTION DRUG,Current,Reverified,02/22/2012,09/15/2026,,Check wholesalers for inventory,"Xylocaine, Injection, 20 mg/1 mL (NDC 63323-486-57)"
Paricalcitol Capsule,ZEMPLAR,AbbVie Inc.,AbbVie Inc.,0074-9036,0074-9036-30,ORAL,Capsule,Endocrinology/Metabolism,HUMAN PRESCRIPTION DRUG,To Be Discontinued,New,10/07/2025,10/07/2025,10/07/2025,Discontinuation of the manufacture of the drug,"Zemplar, Capsule, 1 ug (NDC 0074-9036-30)"
Lincomycin Hydrochloride Injection,LINCOCIN,Pharmacia & Upjohn Company LLC,Pfizer Inc.,0009-0104,0009-0104-04,INTRAMUSCULAR,Injection,Anti-Infective,HUMAN PRESCRIPTION DRUG,To Be Discontinued,New,02/25/2026,02/25/2026,02/25/2026,Discontinuation of the manufacture of the drug,"Lincocin, Injection, 2 mL multiple dose vial (NDC 0009-0104-04)"
Dobutamine Hydrochloride Injection,DOBUTAMINE HYDROCHLORIDE IN DEXTROSE,Baxter Healthcare Corporation,Baxter Healthcare,0338-1077,0338-1077-02,INTRAVENOUS,Injection,Cardiovascular,HUMAN PRESCRIPTION DRUG,Current,Reverified,11/06/2017,09/17/2026,,,"Dobutamine Hydrochloride In Dextrose 5% In Plastic Container, Injection, 400 mg/100 mL (NDC 0338-1077-02)"
Dextrose Monohydrate 5% Injection,DEXTROSE,Baxter Healthcare Corporation,Baxter Healthcare,0338-0017,0338-0017-11,INTRAVENOUS,Injection,Endocrinology/Metabolism,HUMAN PRESCRIPTION DRUG,Current,Reverified,02/14/2022,09/17/2026,,,"Dextrose 5% In Plastic Container, Injection, 50 g/1000 mL (NDC 0338-0017-11)"
Belladonna and Opium Suppository,BELLADONNA AND OPIUM,Padagis US LLC,Padagis US LLC,0574-7045,0574-7045-04,RECTAL,Suppository,Analgesia/Addiction,HUMAN PRESCRIPTION DRUG,To Be Discontinued,New,07/23/2026,07/23/2026,07/23/2026,Discontinuation of the manufacture of the drug,"Belladonna and Opium, Suppository, 16.2 mg; 30 mg (NDC 0574-7045-04)"
"Metoprolol Succinate Tablet, Extended Release",METOPROLOL SUCCINATE,"Actavis Pharma, Inc.","Teva Pharmaceuticals USA, Inc.",45963-676,45963-676-11,ORAL,Tablet,Cardiovascular,HUMAN PRESCRIPTION DRUG,To Be Discontinued,New,08/31/2026,08/31/2026,08/31/2026,A business decision was made to discontinue manufacture of the drug.,"Metoprolol Succinate, Tablet, Extended Release, 50 mg (NDC 45963-676-11)"
Ketorolac Tromethamine Injection,KETOROLAC TROMETHAMINE,Baxter Healthcare Corporation,Baxter Healthcare,0338-0069,0338-0069-10,INTRAMUSCULAR,Injection,Analgesia/Addiction,HUMAN PRESCRIPTION DRUG,Current,Revised,06/06/2018,09/04/2026,,Estimated recovery: November 2026,"Ketorolac Tromethamine, Injection, 15 mg/1 mL (NDC 0338-0069-10)"
Nebivolol Hydrochloride Tablet,,Torrent Pharmaceuticals Limited,Torrent Pharmaceuticals Limited,,13668-353-30,,Tablet,Cardiovascular,,To Be Discontinued,New,03/25/2026,03/25/2026,03/25/2026,Discontinuation of the manufacture of the drug,"Nebivolol Hydrochloride, Tablet, 2.5 mg (NDC 13668-353-30)"
"Lamotrigine Tablet, Extended Release",,"Par Health, Inc.","Par Health, Inc.",,49884-564-11,,Tablet,Neurology,,To Be Discontinued,New,04/29/2026,04/29/2026,04/29/2026,Discontinuation of the manufacture of the drug,"Lamotrigine, Tablet, Extended Release, 200 mg (NDC 49884-564-11)"
Dexmedetomidine Hydrochloride Injection,PRECEDEX,"Hospira, Inc.",Pfizer Inc.,0409-1434,0409-1434-01,INTRAVENOUS,Injection,Anesthesia,HUMAN PRESCRIPTION DRUG,Current,Reverified,04/10/2020,09/08/2026,,,"Precedex, Injection, 1000 mcg/250 mL Single Dose Glass Bottle (NDC 0409-1434-01)"
Dexmedetomidine Hydrochloride Injection,DEXMEDETOMIDINE HYDROCHLORIDE,"CIVICA, INC.","Azurity Pharmaceuticals, Inc",72572-127,72572-127-10,INTRAVENOUS,Injection,Anesthesia,HUMAN PRESCRIPTION DRUG,Current,Reverified,04/10/2020,09/16/2026,,Distributed by Civica,"Dexmedetomidine Hydrochloride, Injection, 200 mcg/50 mL (4 ug/1 mL) (NDC 72572-127-10)"
Bupivacaine Hydrochloride Injection,BUPIVACAINE HYDROCHLORIDE,"Hospira, Inc.","Hospira, Inc., a Pfizer Company",0409-1163,0409-1163-01,PERINEURAL,Injection,Anesthesia,HUMAN PRESCRIPTION DRUG,Current,Reverified,02/20/2018,09/09/2026,,,"Bupivacaine Hydrochloride, Injection, 250 mg/50 mL (5 mg/mL) (NDC 0409-1163-01)"
Midazolam Hydrochloride Injection,MIDAZOLAM,Hikma Pharmaceuticals USA Inc.,"Hikma Pharmaceuticals USA, Inc.",0641-6056,0641-6056-10,INTRAMUSCULAR,Injection,Anesthesia,HUMAN PRESCRIPTION DRUG,Current,Revised,04/02/2020,09/03/2026,,Additional lots are scheduled to be manufactured. Product will be made available as it is released.,"Midazolam Hydrochloride, Injection, 1 mg/1 mL (NDC 0641-6056-10)"
Lasmiditan Succinate Tablet,REYVOW,Eli Lilly and Company,Eli Lilly and Co.,0002-4312,0002-4312-62,ORAL,Tablet,Neurology,HUMAN PRESCRIPTION DRUG,To Be Discontinued,New,11/03/2025,11/03/2025,11/03/2025,"A business decision was made to discontinue manufacture of the 50 mg and 100 mg tablets. Distribution will end on May 31, 2026.","Reyvow, Tablet, 50 mg (NDC 0002-4312-62)"
Neostigmine Methylsulfate Injection,NEOSTIGMINE METHYLSULFATE,"Fresenius Kabi USA, LLC","Fresenius Kabi USA, LLC",63323-413,63323-413-10,INTRAVENOUS,Injection,Analgesia/Addiction,HUMAN PRESCRIPTION DRUG,To Be Discontinued,New,01/12/2026,01/12/2026,01/12/2026,Discontinuation of the manufacture of the drug,"Neostigmine Methylsulfate, Injection, .5 mg/1 mL (NDC 63323-413-10)"
Lidocaine Hydrochloride Injection,LIDOCAINE HYDROCHLORIDE,Eugia US LLC,Eugia US LLC,55150-165,55150-165-05,EPIDURAL,Injection,Anesthesia,HUMAN PRESCRIPTION DRUG,Current,Revised,02/20/2018,09/03/2026,,On backorder. Recovery: October 2026. Check wholesalers for inventory,"Lidocaine Hydrochloride, Injection, 20 mg/1 mL (NDC 55150-165-05)"
Dextrose Monohydrate 5% Injection,DEXTROSE,"ICU Medical, Inc.",Otsuka ICU Medical LLC,0990-7922,0990-7922-02,INTRAVENOUS,Injection,Endocrinology/Metabolism,HUMAN PRESCRIPTION DRUG,Current,Reverified,02/14/2022,09/16/2026,,"This product is distributed by ICU Medical. For questions regarding this product, please contact ICU Medical.","Dextrose 5% In Plastic Container, Injection, 5 g/100 mL (NDC 0990-7922-02)"
Dextrose Monohydrate 5% Injection,DEXTROSE,"FRESENIUS KABI USA, LLC","Fresenius Kabi USA, LLC",65219-464,65219-464-50,INTRAVENOUS,Injection,Endocrinology/Metabolism,HUMAN PRESCRIPTION DRUG,Current,Reverified,02/14/2022,09/15/2026,,Check wholesalers for inventory,"Dextrose 5% In Plastic Container, Injection, 50 mg/1 mL (NDC 65219-464-50)"
"Bupivacaine Hydrochloride, Epinephrine Bitartrate Injection",BUPIVACAINE HYDROCHLORIDE AND EPINEPHRINE,"Hospira, Inc.","Hospira, Inc., a Pfizer Company",0409-9045,0409-9045-01,EPIDURAL,Injection,Anesthesia,HUMAN PRESCRIPTION DRUG,Current,Revised,02/20/2018,09/09/2026,,Next Delivery and Estimated Recovery: December 2028; Shortage per Manufacturer: Manufacturing Delay,"Bupivacaine Hydrochloride And Epinephrine, Injection, 50 mg/10 mL (5 mg/mL) (NDC 0409-9045-01)"
Nebivolol Hydrochloride Tablet,,Torrent Pharmaceuticals Limited,Torrent Pharmaceuticals Limited,,13668-354-90,,Tablet,Cardiovascular,,To Be Discontinued,New,03/25/2026,03/25/2026,03/25/2026,Discontinuation of the manufacture of the drug,"Nebivolol Hydrochloride, Tablet, 5 mg (NDC 13668-354-90)"
Liraglutide Injection,LIRAGLUTIDE,Hikma Pharmaceuticals USA Inc.,"Hikma Pharmaceuticals USA, Inc.",0143-9144,0143-9144-03,SUBCUTANEOUS,Injection,Endocrinology/Metabolism,HUMAN PRESCRIPTION DRUG,Current,Revised,07/18/2023,09/03/2026,,,"Liraglutide, Injection, 6 mg/1 mL (NDC 0143-9144-03)"
Atropine Sulfate Injection,,Accord Healthcare Inc.,Accord Healthcare Inc.,,16729-525-08,,Injection,Anesthesia,,Current,Revised,01/01/2012,09/01/2026,,Estimated recovery: mid-September 2026,"Atropine Sulfate, Injection, .4 mg/1 mL (NDC 16729-525-08)"
Lisdexamfetamine Dimesylate Capsule,LISDEXAMFETAMINE DIMESYLATE,Rhodes Pharmaceuticals LLC,Rhodes Pharmaceuticals L.P.,42858-161,42858-161-01,ORAL,Capsule,Psychiatry,HUMAN PRESCRIPTION DRUG,Current,Revised,07/14/2023,06/24/2026,,,"Lisdexamfetamine Dimesylate, Capsule, 10 mg (NDC 42858-161-01)"
Dopamine Hydrochloride Injection,DOPAMINE HYDROCHLORIDE AND DEXTROSE,Baxter Healthcare Corporation,Baxter Healthcare,0338-1007,0338-1007-03,INTRAVENOUS,Injection,Cardiovascular,HUMAN PRESCRIPTION DRUG,Current,Reverified,11/06/2017,09/17/2026,,,"Dopamine Hydrochloride In Dextrose 5% In Plastic Container, Injection, 160 mg/100 mL (NDC 0338-1007-03)"
"Donepezil Hydrochloride; Memantine Hydrochloride Capsule, Extended Release",MEMANTINE AND DONEPEZIL HYDROCHLORIDES EXTENDED-RELEASE,Amneal Pharmaceuticals NY LLC,Amneal Pharmaceuticals,69238-1248,69238-1248-3,ORAL,"Capsule, Extended Release",Neurology,HUMAN PRESCRIPTION DRUG,To Be Discontinued,New,06/15/2026,06/15/2026,06/15/2026,Discontinuation of the manufacture of the drug,"Donepezil Hydrochloride; Memantine Hydrochloride, Capsule, Extended Release, 10 mg; 14 mg (NDC 69238-1248-3)"
Cefepime Hydrochloride Injection,CEFEPIME,"Fresenius Kabi USA, LLC","Fresenius Kabi USA, LLC",63323-340,63323-340-20,INTRAVENOUS,Injection,Anti-Infective,HUMAN PRESCRIPTION DRUG,To Be Discontinued,New,02/10/2026,02/10/2026,02/10/2026,Discontinuation of the manufacture of the drug.,"Cefepime Hydrochloride, Injection, 2 g (NDC 63323-340-20)"
Adalimumab-adaz Injection,HYRIMOZ,Sandoz Inc,Sandoz Inc.,61314-454,61314-454-68,SUBCUTANEOUS,Injection,Rheumatology,HUMAN PRESCRIPTION DRUG,To Be Discontinued,New,01/13/2026,01/13/2026,01/13/2026,Equivalent Sandoz format is available.,"Hyrimoz, Injection, 80 mg/.8 mL (NDC 61314-454-68)"
"Lisdexamfetamine Dimesylate Tablet, Chewable",LISDEXAMFETAMINE DIMESYLATE,Novadoz Pharmaceuticals LLC,Novadoz Pharmaceuticals LLC,72205-135,72205-135-91,ORAL,"Tablet, Chewable",Psychiatry,HUMAN PRESCRIPTION DRUG,Current,Reverified,07/14/2023,09/16/2026,,,"Lisdexamfetamine Dimesylate, Tablet, Chewable, 40 mg (NDC 72205-135-91)"
Ropivacaine Hydrochloride Injection,NAROPIN,"Fresenius Kabi USA, LLC","Fresenius Kabi USA, LLC",63323-285,63323-285-23,EPIDURAL,Injection,Anesthesia,HUMAN PRESCRIPTION DRUG,Current,Reverified,03/23/2018,09/15/2026,,Check wholesalers for inventory,"Naropin, Injection, 2 mg/1 mL (NDC 63323-285-23)"
Methotrexate Sodium Injection,METHOTREXATE,"Hospira, Inc.","Hospira, Inc., a Pfizer Company",61703-408,61703-408-41,INTRAMUSCULAR,Injection,Rheumatology,HUMAN PRESCRIPTION DRUG,Current,Reverified,03/13/2023,09/09/2026,,,"Methotrexate Sodium, Injection, 1 g/40 mL (25 mg/mL) (NDC 61703-408-41)"
Fentanyl Citrate Injection,,"Hikma Pharmaceuticals USA, Inc.","Hikma Pharmaceuticals USA, Inc.",,0641-6024-10,,Injection,Analgesia/Addiction,,Current,Revised,12/20/2023,09/03/2026,,Inventory available in vial presentations.,"Fentanyl Citrate, Injection, 50 ug/1 mL (NDC 0641-6024-10)"
Fentanyl Citrate Injection,FENTANYL CITRATE,"Fresenius Kabi USA, LLC","Fresenius Kabi USA, LLC",63323-806,63323-806-01,INTRAMUSCULAR,Injection,Analgesia/Addiction,HUMAN PRESCRIPTION DRUG,Current,Reverified,01/01/2012,09/15/2026,,Check wholesalers for inventory,"Fentanyl Citrate Preservative Free, Injection, .05 mg/1 mL (NDC 63323-806-01)"
Carboplatin Injection,CARBOPLATIN,Apotex Corp.,Teyro Labs,60505-6282,60505-6282-6,INTRAVENOUS,Injection,Oncology,HUMAN PRESCRIPTION DRUG,Current,Reverified,04/28/2023,09/16/2026,,Wholesaler & Distributor through Marketing partner (Apotex Inc.); Discontinuation of the manufacture of the drug,"Carboplatin, Injection, 450 mg/45 mL (10 mg/mL) Multiple Dose Vial (NDC 60505-6282-6)"
"Polyethylene glycol 3350, Sodium Ascorbate, Sodium Sulfate Anhydrous, Ascorbic Acid, Sodium Chloride, and Potassium Chloride  Oral Solution",PLENVU,"Salix Pharmaceuticals, Inc","Salix Pharmaceuticals, a division of Bausch Health US, LLC",65649-400,65649-400-01,,Oral Solution,Gastroenterology,HUMAN PRESCRIPTION DRUG,To Be Discontinued,New,08/13/2026,08/13/2026,08/13/2026,A business decision was made to discontinue manufacture of the drug.,"Plenvu, Oral Solution, KIT (NDC 65649-400-01)"
Lisdexamfetamine Dimesylate Capsule,LISDEXAMFETAMINE DIMESYLATE,SpecGx LLC,SpecGx LLC,0406-5114,0406-5114-01,ORAL,Capsule,Psychiatry,HUMAN PRESCRIPTION DRUG,Current,Reverified,07/14/2023,08/20/2026,,,"Lisdexamfetamine Dimesylate, Capsule, 40 mg (NDC 0406-5114-01)"
Prazosin Hydrochloride Capsule,,Pfizer Inc.,Pfizer Inc.,,0069-4310-71,,Capsule,Cardiovascular,,To Be Discontinued,New,04/28/2023,04/28/2023,04/28/2023,Discontinuation of the manufacture of the drug. Supply expected to exhaust in August 2023,"Minipress, Capsule, 1 mg (NDC 0069-4310-71)"
Lisdexamfetamine Dimesylate Capsule,LISDEXAMFETAMINE DIMESYLATE,"Solco Healthcare US,LLC","Solco Healthcare US, LLC",43547-605,43547-605-10,ORAL,Capsule,Psychiatry,HUMAN PRESCRIPTION DRUG,Current,Reverified,07/14/2023,06/29/2026,,On allocation,"Lisdexamfetamine Dimesylate, Capsule, 40 mg (NDC 43547-605-10)"
"Doxylamine Succinate and Pyridoxine  Hydrochloride Tablet, Delayed Release",,"Mylan Pharmaceuticals Inc., a Viatris Company","Mylan Pharmaceuticals Inc., a Viatris Company",,0378-4615-01,,Tablet,Other,,To Be Discontinued,New,01/12/2026,01/12/2026,01/12/2026,A business decision was made to discontinue manufacture of the drug.,"Doxylamine Succinate and Pyridoxine  Hydrochloride, Tablet, Delayed Release, 10 mg; 10 mg (NDC 0378-4615-01)"
"Epinephrine Bitartrate, Lidocaine Hydrochloride Injection",XYLOCAINE,"Fresenius Kabi USA, LLC","Fresenius Kabi USA, LLC",63323-483,63323-483-57,INFILTRATION,Injection,Anesthesia,HUMAN PRESCRIPTION DRUG,Current,Reverified,10/14/2016,09/15/2026,,Check wholesalers for inventory,"Xylocaine, Injection, .01 mg/1 mL; 20 mg/1 mL (NDC 63323-483-57)"
Carboplatin Injection,CARBOPLATIN,"Hospira, Inc.","Hospira, Inc., a Pfizer Company",61703-600,61703-600-05,INTRAVENOUS,Injection,Oncology,HUMAN PRESCRIPTION DRUG,Current,Revised,04/28/2023,09/09/2026,,Next Delivery: October 2026; Estimated Recovery: December 2026; Shortage per Manufacturer: Manufacturing Delay,"Carboplatin, Injection, 600 mg/60 mL (10 mg/mL) (NDC 61703-600-05)"
Remifentanil Hydrochloride Injection,ULTIVA,Mylan Institutional LLC,"Mylan Institutional, a Viatris Company",72078-034,72078-034-01,INTRAVENOUS,Injection,Analgesia/Addiction,HUMAN PRESCRIPTION DRUG,Current,Reverified,06/28/2022,09/17/2026,,,"Ultiva, Injection, 1 mg/1 mL (NDC 72078-034-01)"
Lisdexamfetamine Dimesylate Capsule,,"Lannett Company, Inc.","Lannett Company, Inc.",,0527-4665-37,,Capsule,Psychiatry,,Current,Reverified,07/14/2023,09/15/2026,,,"Lisdexamfetamine Dimesylate, Capsule, 50 mg (NDC 0527-4665-37)"
Rocuronium Bromide Injection,ROCURONIUM BROMIDE,Eugia US LLC,Eugia US LLC,55150-226,55150-226-10,INTRAVENOUS,Injection,Anesthesia,HUMAN PRESCRIPTION DRUG,Current,Reverified,02/15/2023,09/17/2026,,Check wholesalers for inventory,"Rocuronium Bromide, Injection, 100 mg/10 mL (NDC 55150-226-10)"
Lorazepam Injection,,"Hikma Pharmaceuticals USA, Inc.","Hikma Pharmaceuticals USA, Inc.",,0641-6003-25,,Injection,Neurology,,Current,Revised,09/05/2018,09/03/2026,,Estimated recovery: TBD,"Ativan, Injection, 4 mg/1 mL (NDC 0641-6003-25)"
Everolimus Tablet,,"Endo Pharmaceuticals, Inc.","Endo Pharmaceuticals, Inc.",,49884-125-91,,Tablet,Transplant,,To Be Discontinued,New,01/06/2026,01/06/2026,01/06/2026,Discontinuation of the manufacture of the drug,"Everolimus, Tablet, 5 mg (NDC 49884-125-91)"
Fentanyl Citrate Injection,FENTANYL CITRATE,"Hospira, Inc.","Hospira, Inc., a Pfizer Company",0409-9094,0409-9094-22,INTRAMUSCULAR,Injection,Analgesia/Addiction,HUMAN PRESCRIPTION DRUG,Current,Reverified,01/01/2012,09/09/2026,,,"Fentanyl Citrate, Injection, 100 mcg/2 mL (50 ug/1 mL) (NDC 0409-9094-22)"
Amino Acid Injection,,Baxter Healthcare,Baxter Healthcare,,0338-0502-03,,Injection,Gastroenterology,,Current,Reverified,12/08/2020,09/17/2026,,,"Clinisol 15% Sulfite Free In Plastic Container, Injection, 0.15 (NDC 0338-0502-03)"
Atropine Sulfate Injection,ATROPINE SULFATE,"Accord Healthcare, Inc.,",Accord Healthcare Inc.,16729-484,16729-484-90,INTRAVENOUS,Injection,Anesthesia,HUMAN PRESCRIPTION DRUG,Current,Reverified,01/01/2020,09/15/2026,,Discontinuation of the manufacture of the drug,"Atropine Sulfate, Injection, .1 mg/1 mL (NDC 16729-484-90)"
Meperidine Hydrochloride Injection,DEMEROL,"Hospira, Inc.","Hospira, Inc., a Pfizer Company",0409-1178,0409-1178-30,INTRAMUSCULAR,Injection,Analgesia/Addiction,HUMAN PRESCRIPTION DRUG,Current,Reverified,05/30/2025,09/09/2026,,,"Demerol, Injection, 50 mg/1 mL (NDC 0409-1178-30)"
Sodium Acetate Injection,SODIUM ACETATE,"Hospira, Inc.","Hospira, Inc., a Pfizer Company",0409-7299,0409-7299-73,INTRAVENOUS,Injection,Endocrinology/Metabolism,HUMAN PRESCRIPTION DRUG,Current,Reverified,02/03/2016,09/09/2026,,,"Sodium Acetate, Injection, 40 mEq/20 mL (2 mEq/mL) (NDC 0409-7299-73)"
Methylprednisolone Acetate Injection,METHYLPREDNISOLONE ACETATE,Amneal Pharmaceuticals LLC,Amneal Pharmaceuticals,70121-1574,70121-1574-1,INTRA-ARTICULAR,Injection,Rheumatology,HUMAN PRESCRIPTION DRUG,Current,Revised,12/15/2021,06/17/2026,,,"Methylprednisolone Acetate, Injection, 80 mg/1 mL (NDC 70121-1574-1)"
Fosaprepitant Dimeglumine Injection,FOSAPREPITANT,"Fresenius Kabi USA, LLC","Fresenius Kabi USA, LLC",63323-972,63323-972-10,INTRAVENOUS,Injection,Gastroenterology,HUMAN PRESCRIPTION DRUG,To Be Discontinued,New,04/08/2026,04/08/2026,04/08/2026,Discontinuation of the manufacture of the drug,"Fosaprepitant Dimeglumine, Injection, 150 mg/5 mL (NDC 63323-972-10)"
"Amphetamine Aspartate Monohydrate, Amphetamine Sulfate, Dextroamphetamine Saccharate, Dextroamphetamine Sulfate Tablet","DEXTROAMPHETAMINE SACCHARATE, AMPHETAMINE ASPARTATE, DEXTROAMPHETAMINE SULFATE AND AMPHETAMINE SULFATE","Lannett Company, LLC","Lannett Company, Inc.",0527-0764,0527-0764-37,ORAL,Tablet,Psychiatry,HUMAN PRESCRIPTION DRUG,Current,Reverified,10/12/2022,09/15/2026,,,"Amphetamine Aspartate Monohydrate, Amphetamine Sulfate, Dextroamphetamine Saccharate, Dextroamphetamine Sulfate, Tablet, 3.75 mg; 3.75 mg; 3.75 mg; 3.75 mg (NDC 0527-0764-37)"
Dexmedetomidine Hydrochloride Injection,DEXMEDETOMIDINE,Eugia US LLC,Eugia US LLC,55150-209,55150-209-02,INTRAVENOUS,Injection,Anesthesia,HUMAN PRESCRIPTION DRUG,Current,Reverified,04/10/2020,09/17/2026,,Check wholesalers for inventory,"Dexmedetomidine Hydrochloride, Injection, 100 ug/1 mL (NDC 55150-209-02)"
Ropivacaine Hydrochloride Injection,NAROPIN,"Fresenius Kabi USA, LLC","Fresenius Kabi USA, LLC",63323-288,63323-288-10,EPIDURAL,Injection,Anesthesia,HUMAN PRESCRIPTION DRUG,Current,Reverified,03/23/2018,09/15/2026,,Estimated recovery: TBD,"Naropin, Injection, 10 mg/1 mL (NDC 63323-288-10)"
Methylprednisolone Acetate Injection,DEPO-MEDROL,Pharmacia & Upjohn Company LLC,Pfizer Inc.,0009-0274,0009-0274-01,INTRALESIONAL,Injection,Rheumatology,HUMAN PRESCRIPTION DRUG,Current,Reverified,12/15/2021,09/08/2026,,,"Depo-medrol, Injection, 20 mg/1 mL (NDC 0009-0274-01)"
Tiagabine Hydrochloride Tablet,TIAGABINE HYDROCHLORIDE,"Teva Pharmaceuticals USA, Inc.","Teva Pharmaceuticals USA, Inc.",0093-8072,0093-8072-56,ORAL,Tablet,Neurology,HUMAN PRESCRIPTION DRUG,To Be Discontinued,New,04/15/2026,04/15/2026,04/15/2026,Discontinuation of the manufacture of the drug,"Tiagabine Hydrochloride, Tablet, 12mg 30 count (NDC 0093-8072-56)"
Morphine Sulfate Injection,MORPHINE SULFATE,"Hospira, Inc.","Hospira, Inc., a Pfizer Company",0409-1890,0409-1890-23,INTRAVENOUS,Injection,Analgesia/Addiction,HUMAN PRESCRIPTION DRUG,Current,Revised,10/31/2017,09/09/2026,,Limited Supply Available. Next Delivery: November 2026; Estimated Recovery: December 2026; Shortage per Manufacturer: Manufacturing Delay,"Morphine Sulfate, Injection, 2 mg/1 mL (NDC 0409-1890-23)"
Glyburide Tablet,GLYBURIDE,TEVA Pharmaceuticals USA Inc,Sanofi-Aventis U.S. LLC,0093-9477,0093-9477-53,ORAL,Tablet,Endocrinology/Metabolism,HUMAN PRESCRIPTION DRUG,To Be Discontinued,New,08/10/2026,08/10/2026,08/10/2026,A business decision was made to discontinue manufacture of the drug.,"Diabeta, Tablet, 1.25 mg (NDC 0093-9477-53)"
Insulin Lispro Injection,HUMALOG TEMPO PEN,Eli Lilly and Company,Eli Lilly and Co.,0002-8213,0002-8213-05,SUBCUTANEOUS,Injection,Endocrinology/Metabolism,HUMAN PRESCRIPTION DRUG,To Be Discontinued,New,10/24/2025,10/24/2025,10/24/2025,A business decision was made to discontinue manufacture of the drug.,"Humalog, Injection, U-100 Tempo Pen (NDC 0002-8213-05)"
Clonazepam Tablet,CLONAZEPAM,Aurobindo Pharma Limited,Aurobindo Pharma USA,59651-722,59651-722-01,ORAL,Tablet,Neurology,HUMAN PRESCRIPTION DRUG,Current,Reverified,03/10/2023,06/02/2026,,,"Clonazepam, Tablet, .5 mg (NDC 59651-722-01)"
Ritonavir Oral Powder,NORVIR,AbbVie Inc.,AbbVie Inc.,0074-3399,0074-3399-30,ORAL,Oral Powder,Antiviral,HUMAN PRESCRIPTION DRUG,To Be Discontinued,New,07/24/2026,07/24/2026,07/24/2026,Discontinuation of the manufacture of the drug,"Norvir, Oral Powder, 100 mg (NDC 0074-3399-30)"
"Amphetamine Aspartate Monohydrate, Amphetamine Sulfate, Dextroamphetamine Saccharate, Dextroamphetamine Sulfate Tablet","DEXTROAMPHETAMINE SACCHARATE, AMPHETAMINE ASPARTATE, DEXTROAMPHETAMINE SULFATE AND AMPHETAMINE SULFATE",Granules Pharmaceuticals Inc.,Granules Pharmaceuticals Inc.,70010-116,70010-116-01,ORAL,Tablet,Psychiatry,HUMAN PRESCRIPTION DRUG,Current,Reverified,10/12/2022,08/18/2026,,Estimated recovery: October 2026,"Amphetamine Aspartate Monohydrate, Amphetamine Sulfate, Dextroamphetamine Saccharate, Dextroamphetamine Sulfate, Tablet, 5 mg; 5 mg; 5 mg; 5 mg (NDC 70010-116-01)"
Sodium Bicarbonate Injection,SODIUM BICARBONATE,"International Medication Systems, Limited","Amphastar Pharmaceuticals, Inc.",76329-3352,76329-3352-1,INTRAVENOUS,Injection,Endocrinology/Metabolism,HUMAN PRESCRIPTION DRUG,Current,Reverified,03/01/2017,09/16/2026,,Available on allocation,"Sodium Bicarbonate, Injection, 84 mg/1 mL (NDC 76329-3352-1)"
Methylprednisolone Acetate Injection,DEPO-MEDROL,Pharmacia & Upjohn Company LLC,Pfizer Inc.,0009-3475,0009-3475-03,INTRA-ARTICULAR,Injection,Rheumatology,HUMAN PRESCRIPTION DRUG,Current,Reverified,12/15/2021,09/08/2026,,,"Depo-medrol, Injection, 80 mg/1 mL (NDC 0009-3475-03)"
Gadobutrol Injection,GADOBUTROL,"Fresenius Kabi USA, LLC","Jiangsu Hengrui Pharmaceuticals Co., Ltd.",65219-281,65219-281-10,INTRAVENOUS,Injection,Medical Imaging,HUMAN PRESCRIPTION DRUG,To Be Discontinued,New,06/30/2026,06/30/2026,06/30/2026,"Discontinuance of single dose vials, the other two Imaging Bulk Package(IBP) strengths are to remain in supply: the IBP strengths (18.1416 g/30 mL and 39.3068 g/65 mL); Marketed by Fresenius Kabi, USA","Gadobutrol, Injection, 604.72 mg/mL (NDC 65219-281-10)"
Gadoterate Meglumine Injection,GADOTERATE MEGLUMINE,"Fresenius Kabi USA, LLC","Jiangsu Hengrui Pharmaceuticals Co., Ltd.",65219-086,65219-086-20,INTRAVENOUS,Injection,Medical Imaging,HUMAN PRESCRIPTION DRUG,To Be Discontinued,New,05/21/2026,05/21/2026,05/21/2026,Discontinuation of the manufacture of the drug,"Gadoterate Meglumine, Injection, 376.9 mg/1 mL (NDC 65219-086-20)"
Clonazepam Tablet,CLONAZEPAM,"Teva Pharmaceuticals USA, Inc.","Teva Pharmaceuticals USA, Inc.",0093-3213,0093-3213-05,ORAL,Tablet,Neurology,HUMAN PRESCRIPTION DRUG,Current,Reverified,03/10/2023,09/15/2026,,,"Clonazepam, Tablet, 2 mg (NDC 0093-3213-05)"
Rocuronium Bromide Injection,ROCURONIUM BROMIDE,Hikma Pharmaceuticals USA Inc.,"Hikma Pharmaceuticals USA, Inc.",0143-9251,0143-9251-10,INTRAVENOUS,Injection,Anesthesia,HUMAN PRESCRIPTION DRUG,Current,Revised,02/15/2023,09/03/2026,,Additional lots will be available. Product will be made available as it is released.,"Rocuronium Bromide, Injection, 10 mg/1 mL (NDC 0143-9251-10)"
"Methylphenidate Hydrochloride Tablet, Extended Release",RELEXXII,"Vertical Pharmaceuticals, LLC","Vertical Pharmaceuticals, LLC",68025-088,68025-088-30,ORAL,Tablet,Psychiatry,HUMAN PRESCRIPTION DRUG,Current,Reverified,07/26/2023,09/16/2026,,,"Relexxii, Tablet, Extended Release, 45 mg (NDC 68025-088-30)"
Sufentanil Citrate Injection,SUFENTANIL CITRATE,"Hospira, Inc.","Hospira, Inc., a Pfizer Company",0409-3382,0409-3382-21,EPIDURAL,Injection,Analgesia/Addiction,HUMAN PRESCRIPTION DRUG,Current,Revised,05/03/2022,09/09/2026,,,"Sufentanil Citrate, Injection, 50 ug/1 mL (NDC 0409-3382-21)"
Midazolam Hydrochloride Injection,MIDAZOLAM,"Fresenius Kabi USA, LLC","Fresenius Kabi USA, LLC",63323-412,63323-412-02,INTRAMUSCULAR,Injection,Anesthesia,HUMAN PRESCRIPTION DRUG,Current,Reverified,04/02/2020,09/15/2026,,Check wholesalers for inventory,"Midazolam Hydrochloride, Injection, 5 mg/1 mL (NDC 63323-412-02)"
"Amphetamine Aspartate Monohydrate, Amphetamine Sulfate, Dextroamphetamine Saccharate, Dextroamphetamine Sulfate Tablet","DEXTROAMPHETAMINE SACCHARATE, AMPHETAMINE ASPARTATE, DEXTROAMPHETAMINE SULFATE AND AMPHETAMINE SULFATE",Oryza Pharmaceuticals Inc.,Oryza Pharmaceuticals Inc.,72516-013,72516-013-01,ORAL,Tablet,Psychiatry,HUMAN PRESCRIPTION DRUG,Current,Reverified,10/12/2022,09/16/2026,,Estimated recovery: April 2027,"Amphetamine Aspartate Monohydrate, Amphetamine Sulfate, Dextroamphetamine Saccharate, Dextroamphetamine Sulfate, Tablet, 3.75 mg; 3.75 mg; 3.75 mg; 3.75 mg (NDC 72516-013-01)"
"Guanfacine Hydrochloride Tablet, Extended Release",GUANFACINE,"Actavis Pharma, Inc.","Actavis Pharma, Inc.",0228-2853,0228-2853-11,ORAL,Tablet,Psychiatry,HUMAN PRESCRIPTION DRUG,To Be Discontinued,New,11/13/2025,11/13/2025,11/13/2025,A business decision was made to discontinue manufacture of the drug.,"Guanfacine Hydrochloride, Tablet, Extended Release, 3 mg (NDC 0228-2853-11)"
Dexmedetomidine Hydrochloride Injection,DEXMEDETOMIDINE HYDROCHLORIDE,"Par Health USA, LLC","Par Health, USA LLC",42023-146,42023-146-25,INTRAVENOUS,Injection,Anesthesia,HUMAN PRESCRIPTION DRUG,Current,Reverified,04/10/2020,08/18/2026,,Please check wholesalers for inventory,"Dexmedetomidine Hydrochloride, Injection, 100 ug/1 mL (NDC 42023-146-25)"
Ropivacaine Hydrochloride Injection,NAROPIN,"Fresenius Kabi USA, LLC","Fresenius Kabi USA, LLC",63323-288,63323-288-21,EPIDURAL,Injection,Anesthesia,HUMAN PRESCRIPTION DRUG,Current,Reverified,03/23/2018,09/15/2026,,,"Naropin, Injection, 10 mg/1 mL (NDC 63323-288-21)"
Morphine Sulfate Injection,MORPHINE SULFATE,Hikma Pharmaceuticals USA Inc.,"Hikma Pharmaceuticals USA, Inc.",0641-6125,0641-6125-25,INTRAVENOUS,Injection,Analgesia/Addiction,HUMAN PRESCRIPTION DRUG,Current,Revised,11/03/2017,09/03/2026,,Additional lots are scheduled to be manufactured. Product will be made available as it is released.,"Morphine Sulfate, Injection, 4 mg/1 mL (NDC 0641-6125-25)"
Bupivacaine Hydrochloride Injection,BUPIVACAINE HYDROCHLORIDE,Eugia US LLC,Eugia US LLC,55150-169,55150-169-10,EPIDURAL,Injection,Anesthesia,HUMAN PRESCRIPTION DRUG,Current,Reverified,02/20/2018,09/17/2026,,Check wholesalers for inventory,"Bupivacaine Hydrochloride, Injection, 5 mg/1 mL (NDC 55150-169-10)"
Atazanavir Sulfate; Cobicistat Tablet,EVOTAZ,"E.R. Squibb & Sons, L.L.C.",Bristol Myers Squibb Co.,0003-3641,0003-3641-11,ORAL,Tablet,Antiviral,HUMAN PRESCRIPTION DRUG,To Be Discontinued,New,11/03/2025,11/03/2025,11/03/2025,The global Cease Manufacture date for EVOTAZ® currently is estimated to begin April 2026.,"Evotaz, Tablet, 300 mg; 150 mg (NDC 0003-3641-11)"
Irinotecan Hydrochloride Injection,IRINOTECAN HYDROCHLORIDE,Sagent Pharmaceuticals,"Jiangsu Hengrui Pharmaceuticals Co. (US Agent eVenus Pharmaceutical Laboratories, Inc.)",25021-230,25021-230-05,INTRAVENOUS,Injection,Oncology,HUMAN PRESCRIPTION DRUG,To Be Discontinued,New,09/26/2025,09/26/2025,09/26/2025,Discontinuation of the manufacture of the drug; Distributed by Sagent Pharmaceuticals,"Irinotecan Hydrochloride, Injection, 100 mg/5 mL (NDC 25021-230-05)"
"Amphetamine Aspartate Monohydrate, Amphetamine Sulfate, Dextroamphetamine Saccharate, Dextroamphetamine Sulfate Tablet",ADDERALL,"Teva Pharmaceuticals USA, Inc.","Teva Pharmaceuticals USA, Inc.",57844-115,57844-115-01,ORAL,Tablet,Psychiatry,HUMAN PRESCRIPTION DRUG,Current,Reverified,10/12/2022,09/15/2026,,,"Adderall, Tablet, 3.75 mg; 3.75 mg; 3.75 mg; 3.75 mg (NDC 57844-115-01)"
"Epinephrine Bitartrate, Lidocaine Hydrochloride Injection",XYLOCAINE,"Fresenius Kabi USA, LLC","Fresenius Kabi USA, LLC",63323-482,63323-482-17,INFILTRATION,Injection,Anesthesia,HUMAN PRESCRIPTION DRUG,Current,Revised,10/14/2016,09/15/2026,,Check wholesalers for inventory,"Xylocaine, Injection, .01 mg/1 mL; 10 mg/1 mL (NDC 63323-482-17)"
Sulconazole Nitrate Solution,EXELDERM,Journey Medical Corporation,Journey Medical Corporation,69489-721,69489-721-30,TOPICAL,Solution,Dermatology,HUMAN PRESCRIPTION DRUG,To Be Discontinued,New,05/08/2026,05/08/2026,05/08/2026,Discontinuation of the manufacture of the drug,"Exelderm, Solution, 1.0% 30 mL (NDC 69489-721-30)"
Pilocarpine Hydrochloride Ophthalmic Solution,VUITY,AbbVie Inc.,AbbVie Inc.,0074-7098,0074-7098-01,OPHTHALMIC,Ophthalmic Solution,Ophthalmology,HUMAN PRESCRIPTION DRUG,To Be Discontinued,New,03/24/2026,03/24/2026,03/24/2026,Discontinuation of the manufacture of the drug,"Vuity, Ophthalmic Solution, 12.5 mg/1 mL (NDC 0074-7098-01)"
Bupivacaine Hydrochloride Injection,,Kindos Pharmaceuticals Co. Ltd.,Kindos Pharmaceuticals Co. Ltd.,,71288-725-32,,Injection,Anesthesia,,To Be Discontinued,New,05/05/2026,05/05/2026,05/05/2026,Discontinuation of the manufacture of the drug,"Bupivacaine Hydrochloride, Injection, 5 mg/1 mL (NDC 71288-725-32)"
Podophyllum Resin Topical Tincture,PODOCON 25,Padagis US LLC,Padagis US LLC,0574-0601,0574-0601-15,TOPICAL,,Dermatology,HUMAN PRESCRIPTION DRUG,To Be Discontinued,New,07/23/2026,07/23/2026,07/23/2026,Discontinuation of the manufacture of the drug,"Podocon 25, Topical Tincture, 1 mg/4 mL (NDC 0574-0601-15)"
Liraglutide Injection,VICTOZA,Novo Nordisk,"Novo Nordisk, Inc.",0169-4060,0169-4060-12,SUBCUTANEOUS,Injection,Endocrinology/Metabolism,HUMAN PRESCRIPTION DRUG,Current,Revised,07/18/2023,08/17/2026,,Estimated shortage duration: TBD,"Victoza, Injection, 6 mg/1 mL (NDC 0169-4060-12)"
Lidocaine Hydrochloride Injection,XYLOCAINE,"Fresenius Kabi USA, LLC","Fresenius Kabi USA, LLC",63323-485,63323-485-57,INFILTRATION,Injection,Anesthesia,HUMAN PRESCRIPTION DRUG,Current,Reverified,02/22/2012,09/15/2026,,Check wholesalers for inventory,"Xylocaine, Injection, 10 mg/1 mL (NDC 63323-485-57)"
Dextrose Monohydrate 5% Injection,DEXTROSE,Baxter Healthcare Corporation,Baxter Healthcare,0338-0017,0338-0017-38,INTRAVENOUS,Injection,Endocrinology/Metabolism,HUMAN PRESCRIPTION DRUG,Current,Reverified,02/14/2022,09/17/2026,,,"Dextrose 5% In Plastic Container, Injection, 50 g/1000 mL (NDC 0338-0017-38)"
Semaglutide Tablet,RYBELSUS,"Novo Nordisk Pharmaceutical Industries, LP","Novo Nordisk, Inc.",0169-4314,0169-4314-30,ORAL,Tablet,Endocrinology/Metabolism,HUMAN PRESCRIPTION DRUG,To Be Discontinued,New,06/04/2026,06/04/2026,06/04/2026,Discontinuation of the manufacture of the drug. These products will be replaced by Ozempic (semaglutide) tablets.,"Rybelsus, Tablet, 14 mg (NDC 0169-4314-30)"
Morphine Sulfate Suppository,MORPHINE SULFATE,Padagis US LLC,Padagis US LLC,0574-7112,0574-7112-12,RECTAL,Suppository,Analgesia/Addiction,HUMAN PRESCRIPTION DRUG,To Be Discontinued,New,07/23/2026,07/23/2026,07/23/2026,Discontinuation of the manufacture of the drug,"Morphine Sulfate, Suppository, 10 mg (NDC 0574-7112-12)"
Bupivacaine Hydrochloride Injection,BUPIVACAINE HYDROCHLORIDE,"Somerset Therapeutics, LLC","Somerset Therapeutics, LLC",70069-752,70069-752-01,INFILTRATION,Injection,Anesthesia,HUMAN PRESCRIPTION DRUG,Current,Reverified,02/20/2018,09/11/2026,,,"Bupivacaine Hydrochloride, Injection, 2.5 mg/1 mL (NDC 70069-752-01)"
Nebivolol Hydrochloride Tablet,,Torrent Pharmaceuticals Limited,Torrent Pharmaceuticals Limited,,13668-354-30,,Tablet,Cardiovascular,,To Be Discontinued,New,03/25/2026,03/25/2026,03/25/2026,Discontinuation of the manufacture of the drug,"Nebivolol Hydrochloride, Tablet, 5 mg (NDC 13668-354-30)"
Leflunomide Tablet,,Sanofi-Aventis U.S. LLC,Sanofi-Aventis U.S. LLC,,0955-1735-30,,Tablet,Rheumatology,,To Be Discontinued,New,06/08/2026,06/08/2026,06/08/2026,Discontinuation of the manufacture of the drug,"Leflunomide, Tablet, 10 mg (NDC 0955-1735-30)"
Ivabradine Hydrochloride Tablet,CORLANOR,Amgen Inc,Amgen Inc.,55513-810,55513-810-60,ORAL,Tablet,Cardiovascular,HUMAN PRESCRIPTION DRUG,To Be Discontinued,New,03/24/2026,03/24/2026,01/01/2026,Discontinuation of the manufacture of the drug product,"Corlanor, Tablet, eq. 7.5 mg base (NDC 55513-810-60)"
Dextrose Monohydrate 5% Injection,DEXTROSE,"ICU Medical, Inc.",Otsuka ICU Medical LLC,0990-7922,0990-7922-55,INTRAVENOUS,Injection,Endocrinology/Metabolism,HUMAN PRESCRIPTION DRUG,Current,Reverified,02/14/2022,09/16/2026,,"This product is distributed by ICU Medical. For questions regarding this product, please contact ICU Medical.","Dextrose 5% In Plastic Container, Injection, 5 g/100 mL (NDC 0990-7922-55)"
Sodium Acetate Injection,SODIUM ACETATE,"Hospira, Inc.","Hospira, Inc., a Pfizer Company",0409-3299,0409-3299-26,INTRAVENOUS,Injection,Endocrinology/Metabolism,HUMAN PRESCRIPTION DRUG,Current,Reverified,02/03/2016,09/09/2026,,,"Sodium Acetate, Injection, 100 mEq/50 mL (2 mEq/mL) (NDC 0409-3299-26)"
Peritoneal Dialysis Solution,DELFLEX,"Fresenius Medical Care Renal Therapies Group, LLC",Fresenius Medical Care North America,49230-206,49230-206-94,INTRAPERITONEAL,Solution,Renal,HUMAN PRESCRIPTION DRUG,To Be Discontinued,New,03/10/2026,03/10/2026,03/10/2026,"The NDC codes are being discontinued, to be replaced with NDC labeler code #46163.","DELFLEX® w/Dextrose, Solution, 1.5% Low Mg/Low Ca 2.5L/3L, 5/cs (NDC 49230-206-94)"
Allopurinol Tablet,ALLOPURINOL,"Actavis Pharma, Inc.","Teva Pharmaceuticals USA, Inc.",0591-5544,0591-5544-01,ORAL,Tablet,Oncology,HUMAN PRESCRIPTION DRUG,To Be Discontinued,New,02/19/2026,02/19/2026,02/19/2026,Discontinuation of the manufacture of the drug,"Allopurinol, Tablet, 300 mg (NDC 0591-5544-01)"
Adalimumab-adaz Injection,HYRIMOZ,Sandoz Inc,Sandoz Inc.,61314-473,61314-473-64,SUBCUTANEOUS,Injection,Rheumatology,HUMAN PRESCRIPTION DRUG,To Be Discontinued,New,01/13/2026,01/13/2026,01/13/2026,Equivalent Sandoz format is available.,"Hyrimoz, Injection, 40 mg/.4 mL (NDC 61314-473-64)"
Lidocaine Hydrochloride Injection,LIDOCAINE HYDROCHLORIDE AND DEXTROSE,Baxter Healthcare Corporation,Baxter Healthcare,0338-0411,0338-0411-02,INTRAVENOUS,Injection,Cardiovascular,HUMAN PRESCRIPTION DRUG,Current,Reverified,10/25/2017,09/17/2026,,,"Lidocaine Hydrochloride And Dextrose, Injection, 8 mg/1 mL (NDC 0338-0411-02)"
Lidocaine Hydrochloride Injection,,"Hospira, Inc., a Pfizer Company","Hospira, Inc., a Pfizer Company",,0409-4904-34,,Injection,Anesthesia,,To Be Discontinued,New,11/07/2025,11/07/2025,11/07/2025,Discontinuation of the manufacture of the drug,"Lidocaine Hydrochloride, Injection, 1%, USP (For Cardiac Use Only) 50 mg/5 mL (10 mg/mL) LifeShield™ ABBOJECT® Glass Syringe (20 G x 1 1/2) (NDC 0409-4904-34)"""
Epinephrine Injection,,"Hospira, Inc., a Pfizer Company","Hospira, Inc., a Pfizer Company",,0409-4933-01,,Injection,Cardiovascular,,To Be Discontinued,New,11/07/2025,11/07/2025,11/07/2025,Discontinuation of the manufacture of the drug,"Epinephrine, Injection, .1 mg/1 mL (NDC 0409-4933-01)"
Voriconazole Injection,VFEND,Roerig,Pfizer Inc.,0049-3190,0049-3190-01,INTRAVENOUS,Injection,Antiviral,HUMAN PRESCRIPTION DRUG,To Be Discontinued,New,10/16/2025,10/16/2025,10/16/2025,Discontinuation of the manufacture of the drug,"Vfend, Injection, 10 mg/1 mL (NDC 0049-3190-01)"
Quinapril Hydrochloride Tablet,QUINAPRIL,"Lupin Pharmaceuticals, Inc.","Lupin Pharmaceuticals, Inc.",68180-554,68180-554-09,ORAL,Tablet,Cardiovascular,HUMAN PRESCRIPTION DRUG,Current,Reverified,01/19/2023,09/01/2026,,Estimated recovery: TBD,"Quinapril Hydrochloride, Tablet, 40 mg (NDC 68180-554-09)"
"Calcium Chloride; Dextrose; Magnesium Chloride; Sodium Chloride; Sodium Lactate Intraperitoneal Injection, Solution",DIANEAL PD-2 WITH DEXTROSE,Vantive US Healthcare LLC,Vantive US Healthcare LLC,0941-0411,0941-0411-06,INTRAPERITONEAL,Solution,Renal,HUMAN PRESCRIPTION DRUG,To Be Discontinued,New,08/03/2026,08/03/2026,08/03/2026,A business decision was made to discontinue manufacture of the drug.,"DIANEAL PD-2 with Dextrose, Intraperitoneal Injection, Solution, 25.7 mg/100 mL; 1.5 g/100 mL; 5.08 mg/100 mL; 538 mg/100 mL; 448 mg/100 mL (NDC 0941-0411-06)"
Ramelteon Tablet,ROZEREM,"Takeda Pharmaceuticals America, Inc.",Takeda Pharmaceuticals USA Inc.,64764-805,64764-805-30,ORAL,Tablet,Psychiatry,HUMAN PRESCRIPTION DRUG,To Be Discontinued,New,03/19/2026,03/19/2026,03/19/2026,Product is expected to be available through June 2027.,"Rozerem, Tablet, 8 mg (NDC 64764-805-30)"
Lisdexamfetamine Dimesylate Capsule,LISDEXAMFETAMINE DIMESYLATE,Alvogen Inc.,Alvogen,47781-567,47781-567-01,ORAL,Capsule,Psychiatry,HUMAN PRESCRIPTION DRUG,Current,Reverified,07/14/2023,09/17/2026,,,"Lisdexamfetamine Dimesylate, Capsule, 60 mg (NDC 47781-567-01)"
Lisdexamfetamine Dimesylate Capsule,LISDEXAMFETAMINE DIMESYLATE,Alvogen Inc.,Alvogen,47781-562,47781-562-01,ORAL,Capsule,Psychiatry,HUMAN PRESCRIPTION DRUG,Current,Reverified,07/14/2023,09/17/2026,,,"Lisdexamfetamine Dimesylate, Capsule, 10 mg (NDC 47781-562-01)"
Lorazepam Injection,LORAZEPAM,Hikma Pharmaceuticals USA Inc.,"Hikma Pharmaceuticals USA, Inc.",0641-6044,0641-6044-25,INTRAMUSCULAR,Injection,Neurology,HUMAN PRESCRIPTION DRUG,Current,Revised,09/05/2018,09/03/2026,,Estimated recovery: TBD,"Lorazepam, Injection, 2 mg/1 mL (NDC 0641-6044-25)"
Heparin Sodium Injection,HEPARIN SODIUM IN SODIUM CHLORIDE,B. Braun Medical Inc.,B. Braun Medical Inc.,0264-9872,0264-9872-00,INTRAVENOUS,Injection,Hematology,HUMAN PRESCRIPTION DRUG,Current,Revised,11/14/2017,09/09/2026,,Estimated recovery: TBD; Manufacturing delays,"Heparin Sodium 2,000 Units in Sodium Chloride 0.9% in Plastic Container, Injection, 200 [USP'U]/100 mL (NDC 0264-9872-00)"
Bupivacaine Hydrochloride Injection,BUPIVACAINE HYDROCHLORIDE,Meitheal Pharmaceuticals Inc,Kindos Pharmaceuticals Co. Ltd.,71288-723,71288-723-52,INFILTRATION,Injection,Anesthesia,HUMAN PRESCRIPTION DRUG,Current,Revised,02/20/2018,05/05/2026,,Meitheal Pharmaceuticals is distributor/labeler,"Bupivacaine Hydrochloride, Injection, 2.5 mg/1 mL (NDC 71288-723-52)"
Ropivacaine Hydrochloride Injection,NAROPIN,"Fresenius Kabi USA, LLC","Fresenius Kabi USA, LLC",63323-288,63323-288-20,EPIDURAL,Injection,Anesthesia,HUMAN PRESCRIPTION DRUG,Current,Reverified,03/23/2018,09/15/2026,,Estimated recovery: TBD,"Naropin, Injection, 10 mg/1 mL (NDC 63323-288-20)"
Clonazepam Tablet,CLONAZEPAM,Advagen Pharma Ltd,Rubicon Research Private Limited,72888-152,72888-152-30,ORAL,Tablet,Neurology,HUMAN PRESCRIPTION DRUG,Current,Reverified,03/10/2023,06/01/2026,,Marketed by Advagen Pharma Ltd.,"Clonazepam, Tablet, .5 mg (NDC 72888-152-30)"
Ropivacaine Hydrochloride Injection,NAROPIN,"Fresenius Kabi USA, LLC","Fresenius Kabi USA, LLC",63323-288,63323-288-11,EPIDURAL,Injection,Anesthesia,HUMAN PRESCRIPTION DRUG,Current,Reverified,03/23/2018,09/15/2026,,,"Naropin, Injection, 10 mg/1 mL (NDC 63323-288-11)"
Lisdexamfetamine Dimesylate Capsule,,"Lannett Company, Inc.","Lannett Company, Inc.",,0527-4666-37,,Capsule,Psychiatry,,Current,Reverified,09/20/2023,09/15/2026,,,"Lisdexamfetamine Dimesylate, Capsule, 60 mg (NDC 0527-4666-37)"
Lisdexamfetamine Dimesylate Capsule,LISDEXAMFETAMINE DIMESYLATE,"Solco Healthcare US,LLC","Solco Healthcare US, LLC",43547-607,43547-607-10,ORAL,Capsule,Psychiatry,HUMAN PRESCRIPTION DRUG,Current,Reverified,07/14/2023,06/29/2026,,On allocation,"Lisdexamfetamine Dimesylate, Capsule, 60 mg (NDC 43547-607-10)"
Flurazepam Hydrochloride Capsule,,"Rising Pharma Holdings, Inc.","Rising Pharma Holdings, Inc.",,0378-4430-01,,Capsule,Neurology,,Current,Reverified,08/03/2022,09/01/2026,,Anticipated availability: Q4 2026; Delay is due to manufacturing delays at the contract manufacturing facility.,"Flurazepam Hydrochloride, Capsule, 30 mg (NDC 0378-4430-01)"
Bupivacaine Hydrochloride Injection,SENSORCAINE MPF,"Fresenius Kabi USA, LLC","Fresenius Kabi USA, LLC",63323-464,63323-464-37,EPIDURAL,Injection,Anesthesia,HUMAN PRESCRIPTION DRUG,Current,Reverified,02/20/2018,09/15/2026,,Check wholesalers for inventory,"Sensorcaine, Injection, 2.5 mg/1 mL (NDC 63323-464-37)"
Rifampin Capsule,RIFAMPIN,"EPIC PHARMA, LLC","Epic Pharma, LLC",42806-799,42806-799-05,ORAL,Capsule,Anti-Infective,HUMAN PRESCRIPTION DRUG,Current,Reverified,12/22/2021,09/15/2026,,Discontinuation of the manufacture of the drug,"Rifampin, Capsule, 300 mg (NDC 42806-799-05)"
Carboplatin Injection,,Ingenus Pharmaceuticals LLC,Ingenus Pharmaceuticals LLC,,50742-447-45,,Injection,Oncology,,To Be Discontinued,New,02/20/2026,02/20/2026,02/20/2026,Discontinuation of the manufacture of the drug,"Carboplatin, Injection, 450 mg/45 mL (NDC 50742-447-45)"
Riluzole Oral Suspension,TEGLUTIK,"EDW PHARMA, INC","EDW Pharma, Inc. (formerly Italfarmaco Pharma, Inc.)",70726-0304,70726-0304-1,ORAL,Oral Suspension,Neurology,HUMAN PRESCRIPTION DRUG,Current,Reverified,01/26/2024,09/15/2026,,,"Teglutik, Oral Suspension, 5 mg/1 mL (NDC 70726-0304-1)"
Lisdexamfetamine Dimesylate Capsule,LISDEXAMFETAMINE DIMESYLATE,Mylan Pharmaceuticals Inc.,"Mylan Pharmaceuticals Inc., a Viatris Company",0378-6854,0378-6854-77,ORAL,Capsule,Psychiatry,HUMAN PRESCRIPTION DRUG,Current,Reverified,07/14/2023,09/17/2026,,,"Lisdexamfetamine Dimesylate, Capsule, 10 mg (NDC 0378-6854-77)"
Lisdexamfetamine Dimesylate Capsule,LISDEXAMFETAMINE DIMESYLATE,"Elite Laboratories, Inc.","Elite Laboratories, Inc.",64850-555,64850-555-01,ORAL,Capsule,Psychiatry,HUMAN PRESCRIPTION DRUG,Current,Reverified,07/14/2023,09/16/2026,,Estimated recovery: TBD,"Lisdexamfetamine Dimesylate, Capsule, 60 mg (NDC 64850-555-01)"
Furosemide Injection,FUROSEMIDE,Meitheal Pharmaceuticals Inc.,"Meitheal Pharmaceuticals, Inc.",71288-203,71288-203-11,INTRAMUSCULAR,Injection,Cardiovascular,HUMAN PRESCRIPTION DRUG,Current,Reverified,04/07/2020,08/27/2026,,Check wholesalers for inventory,"Furosemide, Injection, 10 mg/1 mL (NDC 71288-203-11)"
Bupivacaine Hydrochloride Injection,BUPIVACAINE HYDROCHLORIDE,Eugia US LLC,Eugia US LLC,55150-250,55150-250-50,PERINEURAL,Injection,Anesthesia,HUMAN PRESCRIPTION DRUG,Current,Reverified,02/20/2018,09/17/2026,,Check wholesalers for inventory,"Bupivacaine Hydrochloride, Injection, 5 mg/1 mL (NDC 55150-250-50)"
Ropivacaine Hydrochloride Injection,ROPIVACAINE HYDROCHLORIDE,Sagent Pharmaceuticals,InfoRLife SA,25021-671,25021-671-82,EPIDURAL,Injection,Anesthesia,HUMAN PRESCRIPTION DRUG,Current,Reverified,03/27/2018,08/18/2026,,Marketed by Sagent Pharmaceuticals,"Ropivacaine Hydrochloride, Injection, 2 mg/1 mL (NDC 25021-671-82)"
Carboplatin Injection,CARBOPLATIN,"Teva Parenteral Medicines, Inc.","Teva Pharmaceuticals USA, Inc.",0703-4248,0703-4248-01,INTRAVENOUS,Injection,Oncology,HUMAN PRESCRIPTION DRUG,Current,Revised,04/28/2023,09/15/2026,,Estimated recovery: February 2027,"Carboplatin, Injection, 10 mg/1 mL (NDC 0703-4248-01)"
Ropivacaine Hydrochloride Injection,NAROPIN,"Fresenius Kabi USA, LLC","Fresenius Kabi USA, LLC",63323-287,63323-287-20,EPIDURAL,Injection,Anesthesia,HUMAN PRESCRIPTION DRUG,Current,Reverified,03/23/2018,09/15/2026,,Estimated recovery: TBD,"Naropin, Injection, 7.5 mg/1 mL (NDC 63323-287-20)"
Lisdexamfetamine Dimesylate Capsule,LISDEXAMFETAMINE DIMESYLATE,SpecGx LLC,SpecGx LLC,0406-5115,0406-5115-01,ORAL,Capsule,Psychiatry,HUMAN PRESCRIPTION DRUG,Current,Reverified,07/14/2023,08/20/2026,,,"Lisdexamfetamine Dimesylate, Capsule, 50 mg (NDC 0406-5115-01)"
Methotrexate Sodium Injection,METHOTREXATE,"Hospira, Inc.","Hospira, Inc., a Pfizer Company",61703-124,61703-124-40,INTRAMUSCULAR,Injection,Rheumatology,HUMAN PRESCRIPTION DRUG,Current,Reverified,03/13/2023,09/09/2026,,,"Methotrexate Sodium, Injection, 1 g/40 mL (25 mg/mL) (NDC 61703-124-40)"
Hydromorphone Hydrochloride Injection,HYDROMORPHONE HYDROCHLORIDE,"Hospira, Inc.","Hospira, Inc., a Pfizer Company",0409-4264,0409-4264-01,INTRAMUSCULAR,Injection,Analgesia/Addiction,HUMAN PRESCRIPTION DRUG,Current,Revised,11/01/2017,09/09/2026,,Limited Supply Available. Next Delivery: September 2026; Estimated Recovery: December 2026; Shortage per Manufacturer: Manufacturing Delay,"Hydromorphone Hydrochloride, Injection, 0.5 mg/0.5 mL NexJect™ Single-dose Syringe Luer Lock (no needle) (NDC 0409-4264-01)"
Bupivacaine Hydrochloride Injection,BUPIVACAINE HYDROCHLORIDE,"Camber Pharmaceuticals, Inc.",Aspiro Pharma Limited,31722-276,31722-276-32,EPIDURAL,Injection,Anesthesia,HUMAN PRESCRIPTION DRUG,Current,New,02/20/2018,07/17/2026,,,"Bupivacaine Hydrochloride, Injection, 5 mg/1 mL (NDC 31722-276-32)"
Sterile Water Injection,STERILE WATER,"Hospira, Inc.","Hospira, Inc., a Pfizer Company",0409-4887,0409-4887-20,INTRAMUSCULAR,Injection,Other,HUMAN PRESCRIPTION DRUG,Current,Reverified,11/23/2021,09/09/2026,,,"Sterile Water, Injection, 1 mL/1 mL (NDC 0409-4887-20)"
Dexamethasone Sodium Phosphate Injection,DEXAMETHASONE SODIUM PHOSPHATE,"Fresenius Kabi USA, LLC","Fresenius Kabi USA, LLC",76045-210,76045-210-10,INTRA-ARTICULAR,Injection,Dermatology,HUMAN PRESCRIPTION DRUG,Current,Reverified,02/08/2019,09/15/2026,,Check wholesalers for inventory,"Dexamethasone Sodium Phosphate, Injection, 4 mg/1 mL (NDC 76045-210-10)"
Semaglutide Tablet,RYBELSUS,"Novo Nordisk Pharmaceutical Industries, LP","Novo Nordisk, Inc.",0169-4307,0169-4307-30,ORAL,Tablet,Endocrinology/Metabolism,HUMAN PRESCRIPTION DRUG,To Be Discontinued,New,06/04/2026,06/04/2026,06/04/2026,Discontinuation of the manufacture of the drug. These products will be replaced by Ozempic (semaglutide) tablets.,"Rybelsus, Tablet, 7 mg (NDC 0169-4307-30)"
"Lisdexamfetamine Dimesylate Tablet, Chewable",LISDEXAMFETAMINE DIMESYLATE,Novadoz Pharmaceuticals LLC,Novadoz Pharmaceuticals LLC,72205-136,72205-136-91,ORAL,"Tablet, Chewable",Psychiatry,HUMAN PRESCRIPTION DRUG,Current,Reverified,07/14/2023,09/16/2026,,,"Lisdexamfetamine Dimesylate, Tablet, Chewable, 50 mg (NDC 72205-136-91)"
Midazolam Hydrochloride Injection,MIDAZOLAM,Hikma Pharmaceuticals USA Inc.,"Hikma Pharmaceuticals USA, Inc.",0641-6057,0641-6057-25,INTRAMUSCULAR,Injection,Anesthesia,HUMAN PRESCRIPTION DRUG,Current,Revised,04/02/2020,09/03/2026,,Additional lots are scheduled to be manufactured. Product will be made available as it is released.,"Midazolam Hydrochloride, Injection, 1 mg/1 mL (NDC 0641-6057-25)"
"Amphetamine Aspartate Monohydrate, Amphetamine Sulfate, Dextroamphetamine Saccharate, Dextroamphetamine Sulfate Tablet",ADDERALL,"Teva Pharmaceuticals USA, Inc.","Teva Pharmaceuticals USA, Inc.",57844-117,57844-117-01,ORAL,Tablet,Psychiatry,HUMAN PRESCRIPTION DRUG,Current,Reverified,10/12/2022,09/15/2026,,,"Adderall, Tablet, 1.875 mg; 1.875 mg; 1.875 mg; 1.875 mg (NDC 57844-117-01)"
Clindamycin Phosphate Injection,CLINDAMYCIN PHOSPHATE,Baxter Healthcare Company,Baxter Healthcare,0338-9553,0338-9553-50,INTRAVENOUS,Injection,Anti-Infective,HUMAN PRESCRIPTION DRUG,Current,Reverified,03/21/2023,09/17/2026,,,"Clindamycin Phosphate, Injection, 900 mg/50 mL (NDC 0338-9553-50)"
Bupivacaine Hydrochloride Injection,SENSORCAINE MPF,"Fresenius Kabi USA, LLC","Fresenius Kabi USA, LLC",63323-464,63323-464-31,EPIDURAL,Injection,Anesthesia,HUMAN PRESCRIPTION DRUG,Current,Reverified,02/20/2018,09/15/2026,,Estimated recovery: TBD,"Sensorcaine, Injection, 2.5 mg/1 mL (NDC 63323-464-31)"
Dextrose Monohydrate 5% Injection,DEXTROSE,Baxter Healthcare Company,Baxter Healthcare,0338-9666,0338-9666-35,INTRAVENOUS,Injection,Endocrinology/Metabolism,HUMAN PRESCRIPTION DRUG,Current,Reverified,02/14/2022,09/17/2026,,,"Dextrose 5% In Plastic Container, Injection, 5 g/100 mL (NDC 0338-9666-35)"
Sulconazole Nitrate Solution,EXELDERM,Journey Medical Corporation,Journey Medical Corporation,69489-721,69489-721-05,TOPICAL,Solution,Dermatology,HUMAN PRESCRIPTION DRUG,To Be Discontinued,New,05/08/2026,05/08/2026,05/08/2026,Discontinuation of the manufacture of the drug,"Exelderm, Solution, 1.0% 5 mL (NDC 69489-721-05)"
"Amphetamine Aspartate Monohydrate, Amphetamine Sulfate, Dextroamphetamine Saccharate, Dextroamphetamine Sulfate Tablet","DEXTROAMPHETAMINE SACCHARATE, AMPHETAMINE ASPARTATE, DEXTROAMPHETAMINE SULFATE AND AMPHETAMINE SULFATE",Granules Pharmaceuticals Inc.,Granules Pharmaceuticals Inc.,70010-117,70010-117-01,ORAL,Tablet,Psychiatry,HUMAN PRESCRIPTION DRUG,Current,Reverified,10/12/2022,08/18/2026,,Estimated recovery: October 2026,"Amphetamine Aspartate Monohydrate, Amphetamine Sulfate, Dextroamphetamine Saccharate, Dextroamphetamine Sulfate, Tablet, 7.5 mg; 7.5 mg; 7.5 mg; 7.5 mg (NDC 70010-117-01)"
"Methylphenidate Hydrochloride Tablet, Extended Release",METHYLPHENIDATE HYDROCHLORIDE,"Actavis Pharma, Inc.","Teva Pharmaceuticals USA, Inc.",62037-734,62037-734-01,ORAL,Tablet,Psychiatry,HUMAN PRESCRIPTION DRUG,Current,Reverified,07/26/2023,09/15/2026,,,"Methylphenidate Hydrochloride, Tablet, Extended Release, 27 mg (NDC 62037-734-01)"
Ketorolac Tromethamine Injection,KETOROLAC TROMETHAMINE,Alembic Pharmaceuticals Inc.,Alembic Pharmaceuticals,62332-600,62332-600-25,INTRAMUSCULAR,Injection,Analgesia/Addiction,HUMAN PRESCRIPTION DRUG,Current,Reverified,03/23/2018,05/15/2026,,,"Ketorolac Tromethamine, Injection, 30 mg/1 mL (NDC 62332-600-25)"
"Calcium Chloride; Dextrose; Magnesium Chloride; Sodium Chloride; Sodium Lactate Intraperitoneal Injection, Solution",DIANEAL PD-2 WITH DEXTROSE,Vantive US Healthcare LLC,Vantive US Healthcare LLC,0941-0415,0941-0415-07,INTRAPERITONEAL,Solution,Renal,HUMAN PRESCRIPTION DRUG,To Be Discontinued,New,08/03/2026,08/03/2026,08/03/2026,A business decision was made to discontinue manufacture of the drug.,"DIANEAL PD-2 with Dextrose, Intraperitoneal Injection, Solution, 25.7 mg/100 mL; 4.25 g/100 mL; 5.08 mg/100 mL; 538 mg/100 mL; 448 mg/100 mL (NDC 0941-0415-07)"
Sterile Water Irrigant,STERILE WATER,Baxter Healthcare Corporation,Baxter Healthcare,0338-0004,0338-0004-02,IRRIGATION,Irrigant,Gastroenterology,HUMAN PRESCRIPTION DRUG,Current,Reverified,04/28/2023,09/17/2026,,,"Sterile Water, Irrigant, 100 mL/100 mL (NDC 0338-0004-02)"
Dexmedetomidine Hydrochloride Injection,PRECEDEX,"Hospira, Inc.",Pfizer Inc.,0409-1454,0409-1454-20,INTRAVENOUS,Injection,Anesthesia,HUMAN PRESCRIPTION DRUG,Current,Reverified,04/10/2020,09/08/2026,,,"Precedex, Injection, 200 mcg/50 mL (4 mcg/mL) (NDC 0409-1454-20)"
Sodium Acetate Injection,SODIUM ACETATE,"Hospira, Inc.","Hospira, Inc., a Pfizer Company",0409-3299,0409-3299-25,INTRAVENOUS,Injection,Endocrinology/Metabolism,HUMAN PRESCRIPTION DRUG,Current,Reverified,02/03/2016,09/09/2026,,,"Sodium Acetate, Injection, 200 mEq/100 mL (2 mEq/mL) (NDC 0409-3299-25)"
Lorazepam Injection,LORAZEPAM,Hikma Pharmaceuticals USA Inc.,"Hikma Pharmaceuticals USA, Inc.",0641-6046,0641-6046-10,INTRAMUSCULAR,Injection,Neurology,HUMAN PRESCRIPTION DRUG,Current,Revised,09/05/2018,09/03/2026,,Estimated recovery: TBD,"Lorazepam, Injection, 2 mg/1 mL (NDC 0641-6046-10)"
"Metoprolol Succinate Tablet, Extended Release",METOPROLOL SUCCINATE,"Actavis Pharma, Inc.","Teva Pharmaceuticals USA, Inc.",45963-676,45963-676-96,ORAL,Tablet,Cardiovascular,HUMAN PRESCRIPTION DRUG,To Be Discontinued,New,08/31/2026,08/31/2026,08/31/2026,A business decision was made to discontinue manufacture of the drug.,"Metoprolol Succinate, Tablet, Extended Release, 50 mg (NDC 45963-676-96)"
Ketorolac Tromethamine Injection,KETOROLAC TROMETHAMINE,Sagent Pharmaceuticals,Sagent Pharmaceuticals,25021-701,25021-701-02,INTRAMUSCULAR,Injection,Analgesia/Addiction,HUMAN PRESCRIPTION DRUG,Current,Reverified,03/26/2018,08/18/2026,,,"Ketorolac Tromethamine, Injection, 30 mg/1 mL (NDC 25021-701-02)"
Carboplatin Injection,CARBOPLATIN,"Hospira, Inc.","Hospira, Inc., a Pfizer Company",61703-360,61703-360-18,INTRAVENOUS,Injection,Oncology,HUMAN PRESCRIPTION DRUG,Current,Revised,04/28/2023,09/09/2026,,Next Delivery: February 2027; Estimated Recovery: March 2027; Shortage per Manufacturer: Manufacturing Delay,"Carboplatin, Injection, 50 mg/5 mL (10 mg/mL) (NDC 61703-360-18)"
Bumetanide Injection,BUMETANIDE,Sagent Pharmaceuticals,Sagent Pharmaceuticals,25021-321,25021-321-04,INTRAMUSCULAR,Injection,Cardiovascular,HUMAN PRESCRIPTION DRUG,Current,Reverified,01/31/2018,08/18/2026,,,"Bumetanide, Injection, .25 mg/1 mL (NDC 25021-321-04)"
Dextrose Monohydrate 5% Injection,DEXTROSE,"ICU Medical, Inc.",Otsuka ICU Medical LLC,0990-7923,0990-7923-13,INTRAVENOUS,Injection,Endocrinology/Metabolism,HUMAN PRESCRIPTION DRUG,Current,Reverified,02/14/2022,09/16/2026,,"This product is distributed by ICU Medical. For questions regarding this product, please contact ICU Medical.","Dextrose 5% In Plastic Container, Injection, 5 g/100 mL (NDC 0990-7923-13)"
Sterile Water Irrigant,,Otsuka ICU Medical LLC,Otsuka ICU Medical LLC,,0990-7139-09,,Irrigant,Gastroenterology,,Current,Reverified,04/28/2023,09/16/2026,,"Product temporarily unavailable. Estimated recovery: TBD. This product is distributed by ICU Medical. For questions regarding this product, please contact ICU Medical.","Sterile Water In Plastic Container, Irrigant, 1 mL/1 mL (NDC 0990-7139-09)"
Meperidine Hydrochloride Injection,DEMEROL,"Hospira, Inc.","Hospira, Inc., a Pfizer Company",0409-1181,0409-1181-30,INTRAMUSCULAR,Injection,Analgesia/Addiction,HUMAN PRESCRIPTION DRUG,Current,Reverified,05/30/2025,09/09/2026,,,"Demerol, Injection, 50 mg/1 mL (NDC 0409-1181-30)"
Nebivolol Hydrochloride Tablet,,Torrent Pharmaceuticals Limited,Torrent Pharmaceuticals Limited,,13668-355-01,,Tablet,Cardiovascular,,To Be Discontinued,New,03/25/2026,03/25/2026,03/25/2026,Discontinuation of the manufacture of the drug,"Nebivolol Hydrochloride, Tablet, 10 mg (NDC 13668-355-01)"
Lidocaine Hydrochloride Injection,LIDOCAINE HYDROCHLORIDE,"Hospira, Inc.","Hospira, Inc., a Pfizer Company",0409-9137,0409-9137-05,INTRAVENOUS,Injection,Anesthesia,HUMAN PRESCRIPTION DRUG,Current,Reverified,02/22/2012,09/09/2026,,,"Lidocaine Hydrochloride Preservative Free In Plastic Container, Injection, 50 mg/5mL (1%, 10 mg/1 mL) Syringes (NDC 0409-9137-05)"
Dexamethasone Sodium Phosphate Injection,DEXAMETHASONE SODIUM PHOSPHATE,"Fresenius Kabi USA, LLC","Fresenius Kabi USA, LLC",63323-165,63323-165-05,INTRAMUSCULAR,Injection,Dermatology,HUMAN PRESCRIPTION DRUG,Current,Reverified,02/08/2019,09/15/2026,,Check wholesalers for inventory,"Dexamethasone Sodium Phosphate, Injection, 4 mg/1 mL (NDC 63323-165-05)"
"Bupivacaine Hydrochloride, Epinephrine Bitartrate Injection",MARCAINE WITH EPINEPHRINE,"Hospira, Inc.","Hospira, Inc., a Pfizer Company",0409-1749,0409-1749-29,EPIDURAL,Injection,Anesthesia,HUMAN PRESCRIPTION DRUG,Current,Reverified,02/20/2018,09/09/2026,,,"Marcaine With Epinephrine, Injection, Marcaine with Epinephrine 1:200,000 as the bitartrate 150 mg/30 mL (5 mg/mL 1:200,000) (NDC 0409-1749-29)"
Dobutamine Hydrochloride Injection,DOBUTAMINE,"Hospira, Inc.","Hospira, Inc., a Pfizer Company",0409-2344,0409-2344-88,INTRAVENOUS,Injection,Cardiovascular,HUMAN PRESCRIPTION DRUG,Current,Revised,11/06/2017,09/11/2026,,Next Delivery and Estimated Recovery: December 2027; Shortage per Manufacturer: Manufacturing Delay,"Dobutamine Hydrochloride, Injection, 250 mg/20mL (12.5 mg/1 mL) (NDC 0409-2344-88)"
Vigabatrin Oral Solution,,"Pyros Pharmaceuticals, Inc.","Pyros Pharmaceuticals, Inc.",,80789-117-50,,Oral Solution,Neurology,,To Be Discontinued,New,10/16/2025,10/16/2025,10/16/2025,Discontinuation of the manufacture of the drug,"Vigpoder, Oral Solution, 50 mg/1 mL (NDC 80789-117-50)"
"Methylphenidate Hydrochloride Tablet, Extended Release",RELEXXII,"Vertical Pharmaceuticals, LLC","Vertical Pharmaceuticals, LLC",68025-098,68025-098-10,ORAL,Tablet,Psychiatry,HUMAN PRESCRIPTION DRUG,Current,Reverified,07/26/2023,09/16/2026,,,"Relexxii, Tablet, Extended Release, 54 mg (NDC 68025-098-10)"
Promethazine Hydrochloride Injection,PROMETHAZINE HYDROCHLORIDE,Hikma Pharmaceuticals USA Inc.,"Hikma Pharmaceuticals USA, Inc.",0641-0928,0641-0928-25,INTRAMUSCULAR,Injection,Analgesia/Addiction,HUMAN PRESCRIPTION DRUG,Current,Revised,11/21/2023,09/03/2026,,Estimated recovery: TBD,"Promethazine Hydrochloride, Injection, 25 mg/1 mL (NDC 0641-0928-25)"
Lisdexamfetamine Dimesylate Capsule,LISDEXAMFETAMINE DIMESYLATE,Amneal Pharmaceuticals LLC,Amneal Pharmaceuticals,65162-025,65162-025-09,ORAL,Capsule,Psychiatry,HUMAN PRESCRIPTION DRUG,Current,Reverified,07/14/2023,06/17/2026,,,"Lisdexamfetamine Dimesylate, Capsule, 40 mg (NDC 65162-025-09)"
Dextrose Monohydrate 10% Injection,DEXTROSE,"ICU Medical, Inc.",Otsuka ICU Medical LLC,0990-7930,0990-7930-09,INTRAVENOUS,Injection,Endocrinology/Metabolism,HUMAN PRESCRIPTION DRUG,Current,Reverified,03/01/2022,09/16/2026,,"This product is distributed by ICU Medical. For questions regarding this product, please contact ICU Medical.","Dextrose 10% In Plastic Container, Injection, 10 g/100 mL (NDC 0990-7930-09)"
Clindamycin Phosphate Injection,CLEOCIN PHOSPHATE,Pharmacia & Upjohn Company LLC,Pfizer Inc.,0009-0870,0009-0870-26,INTRAMUSCULAR,Injection,Anti-Infective,HUMAN PRESCRIPTION DRUG,To Be Discontinued,New,06/01/2026,06/01/2026,06/01/2026,Discontinuation of the manufacture of the drug,"Cleocin Phosphate, Injection, 300 mg/2 mL (150 mg/mL); 2 mL Vial (NDC 0009-0870-26)"
"Epinephrine Bitartrate, Lidocaine Hydrochloride Injection",XYLOCAINE MPF,"Fresenius Kabi USA, LLC","Fresenius Kabi USA, LLC",63323-489,63323-489-17,EPIDURAL,Injection,Anesthesia,HUMAN PRESCRIPTION DRUG,Current,Reverified,10/14/2016,09/15/2026,,Check wholesalers for inventory,"Xylocaine, Injection, .005 mg/1 mL; 20 mg/1 mL (NDC 63323-489-17)"
Bupivacaine Hydrochloride Injection,BUPIVACAINE HYDROCHLORIDE,"Huons Co., Ltd.","Huons Co., Ltd",73293-0002,73293-0002-2,SUBARACHNOID,Injection,Anesthesia,HUMAN PRESCRIPTION DRUG,Current,Reverified,02/20/2018,07/30/2026,,Estimated recovery: TBD,"Bupivacaine Hydrochloride, Injection, 7.5 mg/1 mL (NDC 73293-0002-2)"
Morphine Sulfate Suppository,MORPHINE SULFATE,Padagis US LLC,Padagis US LLC,0574-7114,0574-7114-12,RECTAL,Suppository,Analgesia/Addiction,HUMAN PRESCRIPTION DRUG,To Be Discontinued,New,07/23/2026,07/23/2026,07/23/2026,Discontinuation of the manufacture of the drug,"Morphine Sulfate, Suppository, 20 mg (NDC 0574-7114-12)"
Atropine Sulfate Injection,,"Hospira, Inc., a Pfizer Company","Hospira, Inc., a Pfizer Company",,0409-4911-34,,Injection,Anesthesia,,To Be Discontinued,New,11/07/2025,11/07/2025,11/07/2025,Discontinuation of the manufacture of the drug,"Atropine Sulfate, Injection, (Adult)1 mg/10 mL (0.1 mg/mL) LifeShield® ABBOJECT® Glass Syringe (20 G x 1 1/2)  (NDC 0409-4911-34)"""
Lidocaine Hydrochloride Injection,XYLOCAINE MPF,"Fresenius Kabi USA, LLC","Fresenius Kabi USA, LLC",63323-493,63323-493-91,EPIDURAL,Injection,Anesthesia,HUMAN PRESCRIPTION DRUG,Current,Reverified,02/22/2012,09/15/2026,,Estimated recovery: TBD,"Xylocaine, Injection, 15 mg/1 mL (NDC 63323-493-91)"
Dexmedetomidine Hydrochloride Injection,,Slayback Pharma,Slayback Pharma,,71225-126-05,,Injection,Anesthesia,,To Be Discontinued,New,06/05/2026,06/05/2026,06/05/2026,Discontinuation of the manufacture of the drug,"Dexmedetomidine Hydrochloride, Injection, 4 ug/1 mL (NDC 71225-126-05)"
Calcium Chloride Injection,,"Hospira, Inc., a Pfizer Company","Hospira, Inc., a Pfizer Company",,0409-4928-34,,Injection,Cardiovascular,,To Be Discontinued,New,11/07/2025,11/07/2025,11/07/2025,Discontinuation of the manufacture of the drug,"Calcium Chloride, Injection, 100 mg/1 mL (NDC 0409-4928-34)"
Dopamine Hydrochloride Injection,DOPAMINE HYDROCHLORIDE IN DEXTROSE,"Hospira, Inc.","Hospira, Inc., a Pfizer Company",0409-7809,0409-7809-24,INTRAVENOUS,Injection,Cardiovascular,HUMAN PRESCRIPTION DRUG,Current,Revised,11/06/2017,09/11/2026,,Next Delivery and Estimated Recovery: December 2027; Shortage per Manufacturer: Manufacturing Delay,"Dopamine Hydrochloride In Dextrose 5% In Plastic Container, Injection, 800 mg/500 mL (1.6 mg/1 mL) (NDC 0409-7809-24)"
Bupivacaine Hydrochloride Injection,SENSORCAINE MPF,"Fresenius Kabi USA, LLC","Fresenius Kabi USA, LLC",63323-464,63323-464-17,EPIDURAL,Injection,Anesthesia,HUMAN PRESCRIPTION DRUG,Current,Reverified,02/20/2018,09/15/2026,,Check wholesalers for inventory,"Sensorcaine, Injection, 2.5 mg/1 mL (NDC 63323-464-17)"
Methylprednisolone Acetate Injection,DEPO-MEDROL,Pharmacia & Upjohn Company LLC,Pfizer Inc.,0009-0280,0009-0280-02,INTRALESIONAL,Injection,Rheumatology,HUMAN PRESCRIPTION DRUG,Current,Reverified,12/15/2021,09/08/2026,,,"Depo-medrol, Injection, 40 mg/1 mL (NDC 0009-0280-02)"
Posaconazole Injection,NOXAFIL,Merck Sharp & Dohme LLC,Merck Sharp & Dohme Corp.,0085-4331,0085-4331-01,INTRAVENOUS,Injection,Anti-Infective,HUMAN PRESCRIPTION DRUG,To Be Discontinued,New,12/02/2025,12/02/2025,12/02/2025,Discontinuation of the manufacture of the drug,"Noxafil, Injection, 18 mg/1 mL (NDC 0085-4331-01)"
Lisdexamfetamine Dimesylate Capsule,LISDEXAMFETAMINE DIMESYLATE,Mylan Pharmaceuticals Inc.,"Mylan Pharmaceuticals Inc., a Viatris Company",0378-6858,0378-6858-77,ORAL,Capsule,Psychiatry,HUMAN PRESCRIPTION DRUG,Current,Reverified,07/14/2023,09/17/2026,,,"Lisdexamfetamine Dimesylate, Capsule, 50 mg (NDC 0378-6858-77)"
Dexmedetomidine Hydrochloride Injection,PRECEDEX,"Hospira, Inc.",Pfizer Inc.,0409-7838,0409-7838-24,INTRAVENOUS,Injection,Anesthesia,HUMAN PRESCRIPTION DRUG,Current,Reverified,04/10/2020,09/08/2026,,,"Precedex, Injection, 200 mcg/50 mL (NDC 0409-7838-24)"
"Cefotaxime Sodium Powder, for Solution",CEFOTAXIME,SteriMax Inc.,"SteriMax, Inc.",21586-011,21586-011-02,INTRAMUSCULAR,"Powder, For Solution",Anti-Infective,HUMAN PRESCRIPTION DRUG,Current,Revised,02/17/2015,06/15/2026,,,"Cefotaxime Sodium, Powder, for Solution, 1 g (NDC 21586-011-02)"
Elbasvir; Grazoprevir Tablet,ZEPATIER,Merck Sharp & Dohme LLC,Merck Sharp & Dohme LLC,0006-3074,0006-3074-02,ORAL,Tablet,Antiviral,HUMAN PRESCRIPTION DRUG,To Be Discontinued,New,10/17/2025,10/17/2025,10/17/2025,"To be discontinued December 1, 2025","Zepatier, Tablet, 50 mg; 100 mg (NDC 0006-3074-02)"
Bupivacaine Hydrochloride Injection,BUPIVACAINE HYDROCHLORIDE,Eugia US LLC,Eugia US LLC,55150-249,55150-249-50,INFILTRATION,Injection,Anesthesia,HUMAN PRESCRIPTION DRUG,Current,Reverified,02/20/2018,09/17/2026,,Check wholesalers for inventory,"Bupivacaine Hydrochloride, Injection, 2.5 mg/1 mL (NDC 55150-249-50)"
Morphine Sulfate Injection,MORPHINE SULFATE,Hikma Pharmaceuticals USA Inc.,"Hikma Pharmaceuticals USA, Inc.",0641-6126,0641-6126-25,INTRAVENOUS,Injection,Analgesia/Addiction,HUMAN PRESCRIPTION DRUG,Current,Revised,11/03/2017,09/03/2026,,Additional lots are scheduled to be manufactured. Product will be made available as it is released.,"Morphine Sulfate, Injection, 8 mg/1 mL (NDC 0641-6126-25)"
Remifentanil Hydrochloride Injection,ULTIVA,Mylan Institutional LLC,"Mylan Institutional, a Viatris Company",72078-035,72078-035-02,INTRAVENOUS,Injection,Analgesia/Addiction,HUMAN PRESCRIPTION DRUG,Current,Reverified,06/28/2022,09/17/2026,,,"Ultiva, Injection, 2 mg (NDC 72078-035-02)"
Lisdexamfetamine Dimesylate Capsule,VYVANSE,"Takeda Pharmaceuticals America, Inc.",Takeda Pharmaceuticals USA Inc.,59417-104,59417-104-10,ORAL,Capsule,Psychiatry,HUMAN PRESCRIPTION DRUG,Current,Reverified,07/14/2023,09/15/2026,,,"Vyvanse, Capsule, 40 mg (NDC 59417-104-10)"
Dextrose Monohydrate 5% Injection,DEXTROSE,Baxter Healthcare Corporation,Baxter Healthcare,0338-0017,0338-0017-10,INTRAVENOUS,Injection,Endocrinology/Metabolism,HUMAN PRESCRIPTION DRUG,Current,Reverified,02/14/2022,09/17/2026,,,"Dextrose 5% In Plastic Container, Injection, 50 g/1000 mL (NDC 0338-0017-10)"
Clonazepam Tablet,CLONAZEPAM,Solco Healthcare LLC,"Prinston Pharmaceutical, Inc.",43547-407,43547-407-50,ORAL,Tablet,Neurology,HUMAN PRESCRIPTION DRUG,Current,Reverified,03/10/2023,09/02/2026,,Marketed by Solco Healthcare,"Clonazepam, Tablet, 1 mg (NDC 43547-407-50)"
Fentanyl Citrate Injection,,"Hikma Pharmaceuticals USA, Inc.","Hikma Pharmaceuticals USA, Inc.",,0641-6026-05,,Injection,Analgesia/Addiction,,Current,Revised,12/20/2023,09/03/2026,,Inventory available in vial presentations.,"Fentanyl Citrate, Injection, 50 ug/1 mL (NDC 0641-6026-05)"
Bupivacaine Hydrochloride Injection,BUPIVACAINE HYDROCHLORIDE,"Camber Pharmaceuticals, Inc.",Aspiro Pharma Limited,31722-275,31722-275-32,EPIDURAL,Injection,Anesthesia,HUMAN PRESCRIPTION DRUG,Current,New,02/20/2018,07/17/2026,,,"Bupivacaine Hydrochloride, Injection, 2.5 mg/1 mL (NDC 31722-275-32)"
Peritoneal Dialysis Solution,DELFLEX,"Fresenius Medical Care Renal Therapies Group, LLC",Fresenius Medical Care North America,49230-209,49230-209-92,INTRAPERITONEAL,Solution,Renal,HUMAN PRESCRIPTION DRUG,To Be Discontinued,New,03/10/2026,03/10/2026,03/10/2026,"The NDC codes are being discontinued, to be replaced with NDC labeler code #46163.","DELFLEX® w/Dextrose, Solution, 2.5% Low Mg/Low Ca 2L, 5/cs (NDC 49230-209-92)"
Rocuronium Bromide Injection,ROCURONIUM,"Fresenius Kabi USA, LLC","Fresenius Kabi USA, LLC",65219-442,65219-442-05,INTRAVENOUS,Injection,Anesthesia,HUMAN PRESCRIPTION DRUG,Current,Reverified,02/15/2023,09/15/2026,,Check wholesalers for inventory,"Rocuronium Bromide, Injection, 10 mg/1 mL (NDC 65219-442-05)"
"Methylphenidate Film, Extended Release",METHYLPHENIDATE TRANSDERMAL SYSTEM,PADAGIS US LLC,"Noven Pharmaceuticals, Inc.",0574-2410,0574-2410-65,TRANSDERMAL,"Film, Extended Release",Psychiatry,HUMAN PRESCRIPTION DRUG,Current,Reverified,02/28/2025,09/02/2026,,Distributed by Padagis US LLC,"Methylphenidate, Film, Extended Release, 10 mg (NDC 0574-2410-65)"
Fentanyl Citrate Injection,FENTANYL CITRATE,Hikma Pharmaceuticals USA Inc.,"Hikma Pharmaceuticals USA, Inc.",0641-6247,0641-6247-25,INTRAMUSCULAR,Injection,Analgesia/Addiction,HUMAN PRESCRIPTION DRUG,Current,Revised,12/20/2023,09/03/2026,,Additional lots will be scheduled for manufacturing to meet demand.  Product will be made available as it is released.,"Fentanyl Citrate, Injection, 50 mcg/1 mL (NDC 0641-6247-25)"
Dexmedetomidine Hydrochloride Injection,DEXMEDETOMIDINE HYDROCHLORIDE,"Wilshire Pharmaceuticals, Inc.","Azurity Pharmaceuticals, Inc",52536-126,52536-126-08,INTRAVENOUS,Injection,Anesthesia,HUMAN PRESCRIPTION DRUG,Current,Reverified,04/10/2020,09/16/2026,,"Distributed by Wilshire Pharmaceuticals, Inc.","Dexmedetomidine Hydrochloride, Injection, 400 mcg/100 mL (4 ug/1 mL) (NDC 52536-126-08)"
"Amphetamine Aspartate Monohydrate, Amphetamine Sulfate, Dextroamphetamine Saccharate, Dextroamphetamine Sulfate Tablet","DEXTROAMPHETAMINE SACCHARATE, AMPHETAMINE ASPARTATE, DEXTROAMPHETAMINE SULFATE AND AMPHETAMINE SULFATE",Oryza Pharmaceuticals Inc.,Oryza Pharmaceuticals Inc.,72516-011,72516-011-01,ORAL,Tablet,Psychiatry,HUMAN PRESCRIPTION DRUG,Current,Reverified,10/12/2022,09/16/2026,,Estimated recovery: April 2027,"Amphetamine Aspartate Monohydrate, Amphetamine Sulfate, Dextroamphetamine Saccharate, Dextroamphetamine Sulfate, Tablet, 7.5 mg; 7.5 mg; 7.5 mg; 7.5 mg (NDC 72516-011-01)"
Carboplatin Injection,CARBOPLATIN,"Hospira, Inc.","Hospira, Inc., a Pfizer Company",61703-339,61703-339-18,INTRAVENOUS,Injection,Oncology,HUMAN PRESCRIPTION DRUG,Current,Revised,04/28/2023,09/09/2026,,Limited Supply Available. Next Delivery: February 2027; Estimated Recovery: March 2027,"Carboplatin, Injection, 50 mg/5 mL (10 mg/mL) (NDC 61703-339-18)"
Rifampin Capsule,RIFAMPIN,"Lupin Pharmaceuticals, Inc.","Lupin Pharmaceuticals, Inc.",68180-658,68180-658-06,ORAL,Capsule,Anti-Infective,HUMAN PRESCRIPTION DRUG,Current,Reverified,12/22/2021,09/01/2026,,,"Rifampin, Capsule, 150 mg (NDC 68180-658-06)"
Atropine Sulfate Injection,ATROPINE SULFATE,"American Regent, Inc.","American Regent, Inc.",0517-1004,0517-1004-25,INTRAVENOUS,Injection,Anesthesia,HUMAN PRESCRIPTION DRUG,Current,Reverified,01/01/2012,09/15/2026,,,"Atropine Sulfate, Injection, .4 mg/1 mL (NDC 0517-1004-25)"
Lorlatinib Tablet,LORBRENA,Pfizer Laboratories Div Pfizer Inc,Pfizer Inc.,0069-0227,0069-0227-03,ORAL,Tablet,Oncology,HUMAN PRESCRIPTION DRUG,To Be Discontinued,New,06/15/2026,06/15/2026,06/15/2026,Supply expected to exhaust 6/30/2026; NDC 0069-0227-01 25 mg; 30 tablets bottle with a child-resistant closure will continue to be manufactured; Discontinuation of the manufacture of this presentation,"Lorbrena, Tablet, 25 mg; 120 tablets bottle with a child-resistant closure (NDC 0069-0227-03)"
Docetaxel Injection,,Ingenus Pharmaceuticals LLC,Ingenus Pharmaceuticals LLC,,50742-463-16,,Injection,Oncology,,To Be Discontinued,New,02/20/2026,02/20/2026,02/20/2026,A business decision was made to discontinue manufacture of the drug.,"Docetaxel, Injection, 10 mg/1 mL (NDC 50742-463-16)"
Cromolyn Sodium Concentrate,,Ailex Pharmaceuticals,Ailex Pharmaceuticals,,76204-025-96,,Concentrate,Pulmonary/Allergy,,Current,Reverified,11/03/2023,08/31/2026,,"No longer manufactured, some supplies still available in supply chain. Distributed by Ritedose Pharmaceuticals, LLC (855) 806 3300","Cromolyn Sodium, Concentrate, 100 mg/5 mL (NDC 76204-025-96)"
Frovatriptan Succinate Tablet,,"Endo Pharmaceuticals, Inc.","Endo Pharmaceuticals, Inc.",,63481-025-09,,Tablet,Neurology,,To Be Discontinued,New,02/24/2026,02/24/2026,02/24/2026,A business decision was made to discontinue manufacture of the drug.,"Frova, Tablet, 2.5 mg (NDC 63481-025-09)"
Calcitriol Capsule,CALCITRIOL,"Teva Pharmaceuticals USA, Inc.","Teva Pharmaceuticals USA, Inc.",0093-7352,0093-7352-01,ORAL,Capsule,Endocrinology/Metabolism,HUMAN PRESCRIPTION DRUG,To Be Discontinued,New,12/04/2025,12/04/2025,12/04/2025,A business decision was made to discontinue manufacture of the drug,"Calcitriol, Capsule, .25 ug (NDC 0093-7352-01)"
Pilocarpine Hydrochloride Ophthalmic Solution,VUITY,AbbVie Inc.,AbbVie Inc.,0074-7098,0074-7098-03,OPHTHALMIC,Ophthalmic Solution,Ophthalmology,HUMAN PRESCRIPTION DRUG,To Be Discontinued,New,03/24/2026,03/24/2026,03/24/2026,Discontinuation of the manufacture of the drug,"Vuity, Ophthalmic Solution, 12.5 mg/1 mL (NDC 0074-7098-03)"
Ritonavir Tablet,NORVIR,AbbVie Inc.,AbbVie Inc.,0074-2340,0074-2340-30,ORAL,Tablet,Antiviral,HUMAN PRESCRIPTION DRUG,To Be Discontinued,New,07/24/2026,07/24/2026,07/24/2026,Discontinuation of the manufacture of the drug,"Norvir, Tablet, 100 mg (NDC 0074-2340-30)"
Methotrexate Sodium Injection,METHOTREXATE,Hikma Pharmaceuticals USA Inc.,"Hikma Pharmaceuticals USA, Inc.",0143-9830,0143-9830-01,INTRA-ARTERIAL,Injection,Rheumatology,HUMAN PRESCRIPTION DRUG,Current,Reverified,03/13/2023,09/03/2026,,Additional lots will be available in the September 2026 timeframe.  Product will be made available as it is released.,"Methotrexate, Preservative Free, Injection, 1 g (NDC 0143-9830-01)"
"Epinephrine Bitartrate, Lidocaine Hydrochloride Injection",XYLOCAINE,"Fresenius Kabi USA, LLC","Fresenius Kabi USA, LLC",63323-482,63323-482-57,INFILTRATION,Injection,Anesthesia,HUMAN PRESCRIPTION DRUG,Current,Reverified,10/14/2016,09/15/2026,,Next release September 2026. Check wholesalers for inventory.,"Xylocaine, Injection, .01 mg/1 mL; 10 mg/1 mL (NDC 63323-482-57)"
Desflurane Liquid for Inhalation,DESFLURANE,Sandoz Inc.,"Jiangsu Hengrui Pharmaceuticals Co. (US Agent eVenus Pharmaceutical Laboratories, Inc.)",0781-6172,0781-6172-86,RESPIRATORY (INHALATION),,Anesthesia,HUMAN PRESCRIPTION DRUG,To Be Discontinued,New,07/02/2026,07/02/2026,07/02/2026,"Discontinuation of the manufacture of the drug; Distributed by Sandoz, Inc.","Desflurane, Liquid for Inhalation, 240 mL/240 mL (NDC 0781-6172-86)"
Glycerol Phenylbutyrate Oral Liquid,RAVICTI,"Horizon Therapeutics USA, Inc.",Amgen Inc.,75987-050,75987-050-07,ORAL,,Inborn Errors,HUMAN PRESCRIPTION DRUG,To Be Discontinued,New,09/01/2026,09/01/2026,09/01/2026,Discontinuation in the manufacturing of the drug product,"RAVICTI, Oral Liquid, 1.1 g/1 mL (NDC 75987-050-07)"
"Calcium Chloride; Dextrose; Magnesium Chloride; Sodium Chloride; Sodium Lactate Intraperitoneal Injection, Solution",DIANEAL PD-2 WITH DEXTROSE,Vantive US Healthcare LLC,Vantive US Healthcare LLC,0941-0415,0941-0415-06,INTRAPERITONEAL,Solution,Renal,HUMAN PRESCRIPTION DRUG,To Be Discontinued,New,08/03/2026,08/03/2026,08/03/2026,A business decision was made to discontinue manufacture of the drug.,"DIANEAL PD-2 with Dextrose, Intraperitoneal Injection, Solution, 25.7 mg/100 mL; 4.25 g/100 mL; 5.08 mg/100 mL; 538 mg/100 mL; 448 mg/100 mL (NDC 0941-0415-06)"
Quinapril Hydrochloride Tablet,QUINAPRIL,Aurobindo Pharma Limited,Aurobindo Pharma USA,65862-617,65862-617-90,ORAL,Tablet,Cardiovascular,HUMAN PRESCRIPTION DRUG,Current,Reverified,01/19/2023,06/02/2026,,Discontinuation of the manufacture of the drug,"Quinapril Hydrochloride, Tablet, 5 mg (NDC 65862-617-90)"
Ropivacaine Hydrochloride Injection,NAROPIN,"Fresenius Kabi USA, LLC","Fresenius Kabi USA, LLC",63323-286,63323-286-31,EPIDURAL,Injection,Anesthesia,HUMAN PRESCRIPTION DRUG,Current,Reverified,03/23/2018,09/15/2026,,Estimated recovery: TBD,"Naropin, Injection, 5 mg/1 mL (NDC 63323-286-31)"
Methylprednisolone Acetate Injection,DEPO-MEDROL,Pharmacia & Upjohn Company LLC,Pfizer Inc.,0009-0306,0009-0306-02,INTRALESIONAL,Injection,Rheumatology,HUMAN PRESCRIPTION DRUG,Current,Reverified,12/15/2021,09/08/2026,,,"Depo-medrol, Injection, 80 mg/1 mL (NDC 0009-0306-02)"
"Amphetamine Aspartate Monohydrate, Amphetamine Sulfate, Dextroamphetamine Saccharate, Dextroamphetamine Sulfate Tablet",,"Lannett Company, Inc.","Lannett Company, Inc.",,0527-1502-37,,Tablet,Psychiatry,,Current,Reverified,10/12/2022,09/15/2026,,,"Amphetamine Aspartate Monohydrate, Amphetamine Sulfate, Dextroamphetamine Saccharate, Dextroamphetamine Sulfate, Tablet, 2.5 mg; 2.5 mg; 2.5 mg; 2.5 mg (NDC 0527-1502-37)"
Dexmedetomidine Hydrochloride Injection,PRECEDEX,"Hospira, Inc.",Pfizer Inc.,0409-7853,0409-7853-24,INTRAVENOUS,Injection,Anesthesia,HUMAN PRESCRIPTION DRUG,Current,Reverified,04/10/2020,09/08/2026,,,"Precedex, Injection, 400 mcg/100 mL (NDC 0409-7853-24)"
Irinotecan Hydrochloride Injection,IRINOTECAN HYDROCHLORIDE,"Ingenus Pharmaceuticals, LLC",Ingenus Pharmaceuticals LLC,50742-402,50742-402-05,INTRAVENOUS,Injection,Oncology,HUMAN PRESCRIPTION DRUG,To Be Discontinued,New,02/24/2026,02/24/2026,02/24/2026,A business decision was made to discontinue manufacture of the drug.,"Irinotecan Hydrochloride, Injection, 100 mg/5 mL (NDC 50742-402-05)"
Clindamycin Phosphate Injection,CLINDAMYCIN PHOSPHATE,Baxter Healthcare Company,Baxter Healthcare,0338-9549,0338-9549-50,INTRAVENOUS,Injection,Anti-Infective,HUMAN PRESCRIPTION DRUG,Current,Reverified,03/21/2023,09/17/2026,,,"Clindamycin Phosphate, Injection, 300 mg/50 mL (NDC 0338-9549-50)"
Ropivacaine Hydrochloride Injection,ROPIVACAINE HYDROCHLORIDE,Sagent Pharmaceuticals,InfoRLife SA,25021-671,25021-671-87,EPIDURAL,Injection,Anesthesia,HUMAN PRESCRIPTION DRUG,Current,Reverified,03/27/2018,08/18/2026,,Marketed by Sagent Pharmaceuticals,"Ropivacaine Hydrochloride, Injection, 2 mg/1 mL (NDC 25021-671-87)"
Sodium Acetate Injection,SODIUM ACETATE,"Hospira, Inc.","Hospira, Inc., a Pfizer Company",0409-7299,0409-7299-25,INTRAVENOUS,Injection,Endocrinology/Metabolism,HUMAN PRESCRIPTION DRUG,Current,Reverified,02/03/2016,09/09/2026,,,"Sodium Acetate, Injection, 40 mEq/20 mL (2 mEq/mL) (NDC 0409-7299-25)"
Moxifloxacin Injection,MOXIFLOXACIN,"Fresenius Kabi USA, LLC","Fresenius Kabi USA, LLC",63323-850,63323-850-74,INTRAVENOUS,Injection,Anti-Infective,HUMAN PRESCRIPTION DRUG,To Be Discontinued,New,10/29/2025,10/29/2025,10/29/2025,Discontinuation of the manufacture of the drug,"Moxifloxacin, Injection, 400mg per 250mL (NDC 63323-850-74)"
Hydromorphone Hydrochloride Injection,HYDROMORPHONE HYDROCHLORIDE,"Hospira, Inc.","Hospira, Inc., a Pfizer Company",0409-2634,0409-2634-05,INTRAMUSCULAR,Injection,Analgesia/Addiction,HUMAN PRESCRIPTION DRUG,Current,Reverified,10/31/2017,09/09/2026,,,"Hydromorphone Hydrochloride, Injection, 50 mg/5 mL (10 mg/mL) (NDC 0409-2634-05)"
Dextrose Monohydrate 50% Injection,DEXTROSE,"Hospira, Inc.","Hospira, Inc., a Pfizer Company",0409-6648,0409-6648-02,INTRAVENOUS,Injection,Endocrinology/Metabolism,HUMAN PRESCRIPTION DRUG,Current,Revised,01/13/2022,08/24/2026,,Next Delivery: November 2026; Estimated Recovery: December 2026. Shortage per Manufacturer: Manufacturing Delay,"Dextrose Monohydrate 50%, Injection, 25 g/50 mL (NDC 0409-6648-02)"
"Amphetamine Aspartate Monohydrate, Amphetamine Sulfate, Dextroamphetamine Saccharate, Dextroamphetamine Sulfate Tablet","DEXTROAMPHETAMINE SACCHARATE, AMPHETAMINE ASPARTATE, DEXTROAMPHETAMINE SULFATE AND AMPHETAMINE SULFATE","Teva Pharmaceuticals USA, Inc.","Teva Pharmaceuticals USA, Inc.",0555-0775,0555-0775-02,ORAL,Tablet,Psychiatry,HUMAN PRESCRIPTION DRUG,Current,Reverified,10/12/2022,09/15/2026,,,"Amphetamine Aspartate Monohydrate, Amphetamine Sulfate, Dextroamphetamine Saccharate, Dextroamphetamine Sulfate, Tablet, 1.875 mg; 1.875 mg; 1.875 mg; 1.875 mg (NDC 0555-0775-02)"
Dextrose Monohydrate 10% Injection,DEXTROSE,"ICU Medical, Inc.",Otsuka ICU Medical LLC,0990-7930,0990-7930-03,INTRAVENOUS,Injection,Endocrinology/Metabolism,HUMAN PRESCRIPTION DRUG,Current,Reverified,03/01/2022,09/16/2026,,"This product is distributed by ICU Medical. For questions regarding this product, please contact ICU Medical.","Dextrose 10% In Plastic Container, Injection, 10 g/100 mL (NDC 0990-7930-03)"
Sterile Water Irrigant,STERILE WATER,Baxter Healthcare Corporation,Baxter Healthcare,0338-0004,0338-0004-03,IRRIGATION,Irrigant,Gastroenterology,HUMAN PRESCRIPTION DRUG,Current,Reverified,04/28/2023,09/17/2026,,,"Sterile Water, Irrigant, 100 mL/100 mL (NDC 0338-0004-03)"
Adalimumab-adaz Injection,HYRIMOZ,Sandoz Inc,Sandoz Inc.,61314-454,61314-454-36,SUBCUTANEOUS,Injection,Rheumatology,HUMAN PRESCRIPTION DRUG,To Be Discontinued,New,01/13/2026,01/13/2026,01/13/2026,Equivalent Sandoz format is available.,"Hyrimoz, Injection, 80 mg/.8 mL (NDC 61314-454-36)"
Ampicillin Sodium Injection,AMPICILLIN,Sandoz Inc,Sandoz Inc.,0781-9412,0781-9412-92,INTRAVENOUS,Injection,Anti-Infective,HUMAN PRESCRIPTION DRUG,To Be Discontinued,New,12/08/2025,12/08/2025,12/08/2025,Discontinuation of private label only,"Ampicillin Sodium, Injection, 1 g (NDC 0781-9412-92)"
Gadoterate Meglumine Injection,GADOTERATE MEGLUMINE,"Fresenius Kabi USA, LLC","Jiangsu Hengrui Pharmaceuticals Co., Ltd.",65219-082,65219-082-10,INTRAVENOUS,Injection,Medical Imaging,HUMAN PRESCRIPTION DRUG,To Be Discontinued,New,05/21/2026,05/21/2026,05/21/2026,Discontinuation of the manufacture of the drug,"Gadoterate Meglumine, Injection, 376.9 mg/1 mL (NDC 65219-082-10)"
Dexmedetomidine Hydrochloride Injection,DEXMEDETOMIDINE HYDROCHLORIDE,Amneal Pharmaceuticals LLC,Amneal Pharmaceuticals,70121-1388,70121-1388-1,INTRAVENOUS,Injection,Anesthesia,HUMAN PRESCRIPTION DRUG,Current,Reverified,04/10/2020,06/17/2026,,,"Dexmedetomidine Hydrochloride, Injection, 4 mcg/mL, 50 mL (NDC 70121-1388-1)"
Ketorolac Tromethamine Injection,KETOROLAC TROMETHAMINE,Sagent Pharmaceuticals,Gland Pharma Limited,25021-700,25021-700-01,INTRAMUSCULAR,Injection,Analgesia/Addiction,HUMAN PRESCRIPTION DRUG,Current,Reverified,03/23/2018,07/22/2026,,,"Ketorolac Tromethamine, Injection, 15 mg/1 mL (NDC 25021-700-01)"
Dexamethasone Sodium Phosphate Injection,DEXAMETHASONE SODIUM PHOSPHATE,"Somerset Therapeutics, LLC","Somerset Therapeutics, LLC",70069-021,70069-021-25,INTRAMUSCULAR,Injection,Dermatology,HUMAN PRESCRIPTION DRUG,Current,Reverified,02/08/2019,09/11/2026,,,"Dexamethasone Sodium Phosphate Preservative Free, Injection, 10 mg/1 mL (NDC 70069-021-25)"
Ropivacaine Hydrochloride Injection,NAROPIN,"Fresenius Kabi USA, LLC","Fresenius Kabi USA, LLC",63323-285,63323-285-61,EPIDURAL,Injection,Anesthesia,HUMAN PRESCRIPTION DRUG,Current,Reverified,03/23/2018,09/15/2026,,Estimated recovery: TBD,"Naropin, Injection, 2 mg/1 mL (NDC 63323-285-61)"
Sodium Acetate Injection,SODIUM ACETATE ANHYDROUS,"Somerset Therapeutics, LLC","Somerset Therapeutics, LLC",70069-047,70069-047-25,INTRAVENOUS,Injection,Endocrinology/Metabolism,HUMAN PRESCRIPTION DRUG,Current,Reverified,02/03/2016,09/11/2026,,,"Sodium Acetate, Injection, 164 mg/1 mL (NDC 70069-047-25)"
Midazolam Hydrochloride Injection,MIDAZOLAM HYDROCHLORIDE,Heritage Pharmaceuticals Inc. d/b/a Avet Pharmaceuticals Inc.,"Avet Pharmaceuticals, Inc.",23155-600,23155-600-41,INTRAMUSCULAR,Injection,Anesthesia,HUMAN PRESCRIPTION DRUG,Current,Revised,04/02/2020,09/01/2026,,Estimated recovery: 9/25/2026,"Midazolam Hydrochloride, Injection, 1 mg/1 mL (NDC 23155-600-41)"
"Guanfacine Hydrochloride Tablet, Extended Release",GUANFACINE,"Actavis Pharma, Inc.","Actavis Pharma, Inc.",0228-2850,0228-2850-11,ORAL,Tablet,Psychiatry,HUMAN PRESCRIPTION DRUG,To Be Discontinued,New,11/13/2025,11/13/2025,11/13/2025,A business decision was made to discontinue manufacture of the drug.,"Guanfacine Hydrochloride, Tablet, Extended Release, 1 mg (NDC 0228-2850-11)"
"Amphetamine Aspartate Monohydrate, Amphetamine Sulfate, Dextroamphetamine Saccharate, Dextroamphetamine Sulfate Tablet","DEXTROAMPHETAMINE SACCHARATE, AMPHETAMINE ASPARTATE, DEXTROAMPHETAMINE SULFATE, AMPHETAMINE SULFATE TABLETS,CII",Alvogen Inc.,Alvogen,47781-176,47781-176-01,ORAL,Tablet,Psychiatry,HUMAN PRESCRIPTION DRUG,Current,Reverified,10/12/2022,09/17/2026,,,"Amphetamine Aspartate Monohydrate, Amphetamine Sulfate, Dextroamphetamine Saccharate, Dextroamphetamine Sulfate, Tablet, 10mg (NDC 47781-176-01)"
Lidocaine Hydrochloride Injection,LIDOCAINE HYDROCHLORIDE,"Avenacy, LLC",Anthea Pharma,83634-651,83634-651-10,INFILTRATION,Injection,Anesthesia,HUMAN PRESCRIPTION DRUG,Current,Reverified,02/22/2012,09/15/2026,,"Distributed by Avenacy, LLC","Lidocaine Hydrochloride, Injection, 100 mg/10 mL (NDC 83634-651-10)"
Dexmedetomidine Hydrochloride Injection,DEXMEDETOMIDINE,Avenacy Inc.,"Jiangsu Hengrui Pharmaceuticals Co. (US Agent eVenus Pharmaceutical Laboratories, Inc.)",83634-600,83634-600-02,INTRAVENOUS,Injection,Anesthesia,HUMAN PRESCRIPTION DRUG,Current,Reverified,04/10/2020,09/08/2026,,Distributed by Avenacy; Contact information: 877-283-6229,"Dexmedetomidine Hydrochloride, Injection, 200 mcg/2 mL (NDC 83634-600-02)"
Sterile Water Injection,STERILE WATER,"Hospira, Inc.","Hospira, Inc., a Pfizer Company",0409-4887,0409-4887-50,INTRAMUSCULAR,Injection,Other,HUMAN PRESCRIPTION DRUG,Current,Reverified,11/23/2021,09/09/2026,,,"Sterile Water, Injection, 1 mL/1 mL (NDC 0409-4887-50)"
Sulconazole Nitrate Solution,SULCONAZOLE NITRATE,JG Pharma Inc.,Journey Medical Corporation,72143-321,72143-321-30,TOPICAL,Solution,Dermatology,HUMAN PRESCRIPTION DRUG,To Be Discontinued,New,05/08/2026,05/08/2026,05/08/2026,Discontinuation of the manufacture of the drug. Manufactured for JG Pharma,"Sulconazole Nitrate, Solution, 30 mL (NDC 72143-321-30)"
Nebivolol Hydrochloride Tablet,,Torrent Pharmaceuticals Limited,Torrent Pharmaceuticals Limited,,13668-356-05,,Tablet,Cardiovascular,,To Be Discontinued,New,03/25/2026,03/25/2026,03/25/2026,Discontinuation of the manufacture of the drug,"Nebivolol Hydrochloride, Tablet, 20 mg (NDC 13668-356-05)"
"Amphetamine Aspartate Monohydrate, Amphetamine Sulfate, Dextroamphetamine Saccharate, Dextroamphetamine Sulfate Tablet",ADDERALL,"Teva Pharmaceuticals USA, Inc.","Teva Pharmaceuticals USA, Inc.",57844-110,57844-110-01,ORAL,Tablet,Psychiatry,HUMAN PRESCRIPTION DRUG,Current,Reverified,10/12/2022,09/15/2026,,,"Adderall, Tablet, 2.5 mg; 2.5 mg; 2.5 mg; 2.5 mg (NDC 57844-110-01)"
"Disopyramide Phosphate Capsule, Extended Release",,Pfizer Inc.,Pfizer Inc.,,0025-2732-31,,"Capsule, Extended Release",Cardiovascular,,To Be Discontinued,New,08/24/2026,08/24/2026,08/24/2026,Discontinuation of the manufacture of the drug,"Norpace CR, Capsule, Extended Release, 100 mg (NDC 0025-2732-31)"
Lidocaine Hydrochloride Injection,LIDOCAINE HYDROCHLORIDE AND DEXTROSE,B. Braun Medical Inc.,B. Braun Medical Inc.,0264-9594,0264-9594-20,INTRAVENOUS,Injection,Cardiovascular,HUMAN PRESCRIPTION DRUG,Current,Reverified,10/25/2017,09/09/2026,,,"Lidocaine Hydrochloride And Dextrose, Injection, 5 g/100 mL; .4 g/100 mL (NDC 0264-9594-20)"
Dextrose Monohydrate 5% Injection,DEXTROSE,"ICU Medical, Inc.",Otsuka ICU Medical LLC,0990-7923,0990-7923-37,INTRAVENOUS,Injection,Endocrinology/Metabolism,HUMAN PRESCRIPTION DRUG,Current,Reverified,02/14/2022,09/16/2026,,"This product is distributed by ICU Medical. For questions regarding this product, please contact ICU Medical.","Dextrose 5% In Plastic Container, Injection, 5 g/100 mL (NDC 0990-7923-37)"
Bumetanide Injection,BUMETANIDE,Sagent Pharmaceuticals,Sagent Pharmaceuticals,25021-321,25021-321-10,INTRAMUSCULAR,Injection,Cardiovascular,HUMAN PRESCRIPTION DRUG,Current,Reverified,01/31/2018,08/18/2026,,,"Bumetanide, Injection, .25 mg/1 mL (NDC 25021-321-10)"
Bupivacaine Hydrochloride Injection,BUPIVACAINE HYDROCHLORIDE,"Camber Pharmaceuticals, Inc.",Aspiro Pharma Limited,31722-277,31722-277-32,EPIDURAL,Injection,Anesthesia,HUMAN PRESCRIPTION DRUG,Current,New,02/20/2018,07/17/2026,,,"Bupivacaine Hydrochloride, Injection, 7.5 mg/1 mL (NDC 31722-277-32)"
"Potassium Chloride, Sodium Chloride, Calcium Chloride, and Magnesium Chloride Injection, Solution",CARDIOPLEGIC SOLUTION,"Fresenius Kabi, USA, LLC","Fresenius Kabi USA, LLC",65219-258,65219-258-10,INTRA-ARTERIAL,Injection,Cardiovascular,HUMAN PRESCRIPTION DRUG,To Be Discontinued,New,08/31/2026,08/31/2026,08/31/2026,Discontinuation of the manufacture of the drug,"Cardioplegic Solution, Injection, Solution, 17.6 mg/100 mL; 325.3 mg/100 mL; 119.3 mg/100 mL; 643 mg/100 mL (NDC 65219-258-10)"
Lidocaine Hydrochloride Injection,LIDOCAINE HYDROCHLORIDE,"Avenacy, LLC",Anthea Pharma,83634-653,83634-653-30,EPIDURAL,Injection,Anesthesia,HUMAN PRESCRIPTION DRUG,Current,Reverified,02/22/2012,09/15/2026,,"Distributed by Avenacy, LLC","Lidocaine Hydrochloride, Injection, 300 mg/30 mL (NDC 83634-653-30)"
Furosemide Injection,FUROSEMIDE,"Fresenius Kabi USA, LLC","Fresenius Kabi USA, LLC",63323-280,63323-280-10,INTRAMUSCULAR,Injection,Cardiovascular,HUMAN PRESCRIPTION DRUG,Current,Reverified,04/07/2020,09/15/2026,,Check wholesalers for inventory,"Furosemide, Injection, 10 mg/1 mL (NDC 63323-280-10)"
Lisdexamfetamine Dimesylate Capsule,LISDEXAMFETAMINE DIMESYLATE,"Sun Pharmaceutical Industries, Inc.","Sun Pharmaceutical Industries, Inc.",57664-051,57664-051-88,ORAL,Capsule,Psychiatry,HUMAN PRESCRIPTION DRUG,Current,Revised,07/14/2023,08/27/2026,,Estimated recovery: TBD,"Lisdexamfetamine Dimesylate, Capsule, 60 mg (NDC 57664-051-88)"
"Epinephrine Bitartrate, Lidocaine Hydrochloride Injection",XYLOCAINE,"Fresenius Kabi USA, LLC","Fresenius Kabi USA, LLC",63323-482,63323-482-27,INFILTRATION,Injection,Anesthesia,HUMAN PRESCRIPTION DRUG,Current,Reverified,10/14/2016,09/15/2026,,Check wholesalers for inventory,"Xylocaine, Injection, .01 mg/1 mL; 10 mg/1 mL (NDC 63323-482-27)"
"Calcium Chloride; Dextrose; Magnesium Chloride; Sodium Chloride; Sodium Lactate Intraperitoneal Injection, Solution",DIANEAL PD-2 WITH DEXTROSE,Vantive US Healthcare LLC,Vantive US Healthcare LLC,0941-0426,0941-0426-52,INTRAPERITONEAL,Solution,Renal,HUMAN PRESCRIPTION DRUG,To Be Discontinued,New,08/03/2026,08/03/2026,08/03/2026,A business decision was made to discontinue manufacture of the drug.,"DIANEAL PD-2 with Dextrose, Intraperitoneal Injection, Solution, 25.7 mg/100 mL; 1.5 g/100 mL; 5.08 mg/100 mL; 538 mg/100 mL; 448 mg/100 mL (NDC 0941-0426-52)"
Bupivacaine Hydrochloride Injection,BUPIVACAINE HYDROCHLORIDE,"Hospira, Inc.","Hospira, Inc., a Pfizer Company",0409-1159,0409-1159-01,EPIDURAL,Injection,Anesthesia,HUMAN PRESCRIPTION DRUG,Current,Reverified,02/20/2018,09/09/2026,,,"Bupivacaine Hydrochloride, Injection, 25 mg/10 mL (2.5 mg/mL) (NDC 0409-1159-01)"
Atropine Sulfate Injection,ATROPINE SULFATE,"Hospira, Inc.","Hospira, Inc., a Pfizer Company",0409-9630,0409-9630-05,INTRAVENOUS,Injection,Anesthesia,HUMAN PRESCRIPTION DRUG,Current,Reverified,01/01/2012,09/09/2026,,,"Atropine Sulfate, Injection, 0.25 mg/5 mL (0.05 mg/mL) Syringes (NDC 0409-9630-05)"
Insulin Glargine-aglr Injection,REZVOGLAR KWIKPEN,Eli Lilly and Company,Eli Lilly and Co.,0002-8980,0002-8980-05,SUBCUTANEOUS,Injection,Endocrinology/Metabolism,HUMAN PRESCRIPTION DRUG,To Be Discontinued,New,09/01/2026,09/01/2026,09/01/2026,"A business decision was made to discontinue manufacture of the drug. Distribution projected to end June 2027. If patients or prescribers have any questions, the Lilly Answers Center (1-800-545-5979) is available Monday through Friday from 9am to 8pm for assistance.","Rezvoglar, Injection, 100 [iU]/1 mL (NDC 0002-8980-05)"
Etomidate Injection,ETOMIDATE,Fosun Pharma USA Inc,Gland Pharma Limited,72266-146,72266-146-10,INTRAVENOUS,Injection,Anesthesia,HUMAN PRESCRIPTION DRUG,Current,Reverified,10/05/2022,07/22/2026,,"Distributed by Fosun Pharma USA, Inc.. To order, contact: 833-291-9645.","Etomidate, Injection, 2 mg/1 mL (NDC 72266-146-10)"
Lidocaine Hydrochloride Injection,LIDOCAINE HYDROCHLORIDE,"Hospira, Inc.","Hospira, Inc., a Pfizer Company",0409-4279,0409-4279-02,EPIDURAL,Injection,Anesthesia,HUMAN PRESCRIPTION DRUG,Current,Reverified,02/22/2012,09/09/2026,,,"Lidocaine Hydrochloride, Injection, 300 mg/30 mL (1%; 10 mg/mL) (NDC 0409-4279-02)"
"Diclofenac Sodium Tablet, Delayed Release",DICLOFENAC SODIUM,"Actavis Pharma, Inc.","Teva Pharmaceuticals USA, Inc.",0228-2551,0228-2551-96,ORAL,Tablet,Musculoskeletal,HUMAN PRESCRIPTION DRUG,To Be Discontinued,New,08/13/2026,08/13/2026,08/13/2026,A business decision was made to discontinue manufacture of the drug.,"Diclofenac Sodium, Tablet, Delayed Release, 75 mg (NDC 0228-2551-96)"
Bupivacaine Hydrochloride Injection,SENSORCAINE MPF,"Fresenius Kabi USA, LLC","Fresenius Kabi USA, LLC",63323-466,63323-466-17,EPIDURAL,Injection,Anesthesia,HUMAN PRESCRIPTION DRUG,Current,Reverified,02/20/2018,09/15/2026,,Check wholesalers for inventory,"Sensorcaine, Injection, 5 mg/1 mL (NDC 63323-466-17)"
Bupivacaine Hydrochloride Injection,BUPIVACAINE HYDROCHLORIDE,Meitheal Pharmaceuticals Inc,Kindos Pharmaceuticals Co. Ltd.,71288-726,71288-726-52,PERINEURAL,Injection,Anesthesia,HUMAN PRESCRIPTION DRUG,Current,Revised,02/20/2018,05/05/2026,,Meitheal Pharmaceuticals is distributor/labeler,"Bupivacaine Hydrochloride, Injection, 5 mg/1 mL (NDC 71288-726-52)"
Pilocarpine Hydrochloride Tablet,PILOCARPINE HYDROCHLORIDE,"Actavis Pharma, Inc.","Actavis Pharma, Inc.",0228-2801,0228-2801-11,ORAL,Tablet,Other,HUMAN PRESCRIPTION DRUG,To Be Discontinued,New,09/19/2025,09/19/2025,09/19/2025,Discontinuation of the manufacture of the drug.,"Salagen, Tablet, 5 mg (NDC 0228-2801-11)"
Itraconazole Capsule,SPORANOX,"Janssen Pharmaceuticals, Inc.",Janssen Pharmaceuticals,50458-290,50458-290-04,ORAL,Capsule,Anti-Infective,HUMAN PRESCRIPTION DRUG,To Be Discontinued,New,02/27/2026,02/27/2026,02/27/2026,Discontinuation of the manufacture of the drug,"Sporanox, Capsule, 100 mg (NDC 50458-290-04)"
Etravirine Tablet,ETRAVIRINE,Patriot Pharmaceuticals,Janssen Research and Development,10147-0570,10147-0570-1,ORAL,Tablet,Antiviral,HUMAN PRESCRIPTION DRUG,To Be Discontinued,New,04/28/2026,04/28/2026,04/28/2026,Discontinuation of the manufacture of the drug,"Etravirine, Tablet, 100 mg (NDC 10147-0570-1)"
Lisdexamfetamine Dimesylate Capsule,LISDEXAMFETAMINE DIMESYLATE,Apotex Corp.,Apotex Corp.,60505-4739,60505-4739-1,ORAL,Capsule,Psychiatry,HUMAN PRESCRIPTION DRUG,Current,Reverified,11/01/2023,09/16/2026,,,"Lisdexamfetamine Dimesylate, Capsule, 10 mg (NDC 60505-4739-1)"
Docetaxel Injection,,Ingenus Pharmaceuticals LLC,Ingenus Pharmaceuticals LLC,,50742-431-08,,Injection,Oncology,,To Be Discontinued,New,02/20/2026,02/20/2026,02/20/2026,A business decision was made to discontinue manufacture of the drug.,"Docetaxel, Injection, 10 mg/1 mL (NDC 50742-431-08)"
"Bupivacaine Hydrochloride, Epinephrine Bitartrate Injection",MARCAINE WITH EPINEPHRINE,"Hospira, Inc.","Hospira, Inc., a Pfizer Company",0409-1752,0409-1752-50,INFILTRATION,Injection,Anesthesia,HUMAN PRESCRIPTION DRUG,Current,Reverified,02/20/2018,09/09/2026,,,"Marcaine With Epinephrine, Injection, Marcaine with Epinephrine 1:200,000 as the bitartrate 125 mg/50 mL (2.5 mg/mL 1:200,000) (NDC 0409-1752-50)"
"Calcium Chloride; Dextrose; Magnesium Chloride; Sodium Chloride; Sodium Lactate Intraperitoneal Injection, Solution",DIANEAL LOW CALCIUM WITH DEXTROSE,Vantive US Healthcare LLC,Vantive US Healthcare LLC,0941-0424,0941-0424-51,INTRAPERITONEAL,Solution,Renal,HUMAN PRESCRIPTION DRUG,To Be Discontinued,New,08/03/2026,08/03/2026,08/03/2026,A business decision was made to discontinue manufacture of the drug.,"DIANEAL Low Calcium with Dextrose, Intraperitoneal Injection, Solution, 18.3 mg/100 mL; 1.5 g/100 mL; 5.08 mg/100 mL; 538 mg/100 mL; 448 mg/100 mL (NDC 0941-0424-51)"
Rifampin Injection,RIFADIN IV,Sanofi-Aventis U.S. LLC,Sanofi-Aventis U.S. LLC,0068-0597,0068-0597-01,INTRAVENOUS,Injection,Anti-Infective,HUMAN PRESCRIPTION DRUG,Current,Reverified,02/17/2021,06/22/2026,,Discontinuation of the manufacture of the drug,"Rifadin, Injection, 600 mg (NDC 0068-0597-01)"
Activated Charcoal Oral Suspension,ACTIDOSE AQUA,Padagis US LLC,Padagis US LLC,0574-0521,0574-0521-74,ORAL,Oral Suspension,Other,HUMAN OTC DRUG,To Be Discontinued,New,05/15/2026,05/15/2026,05/15/2026,Discontinuation of the manufacture of the drug,"Actidose Aqua, Oral Suspension, 208 mg/1 mL (NDC 0574-0521-74)"
Furosemide Injection,FUROSEMIDE,"Hospira, Inc.","Hospira, Inc., a Pfizer Company",0409-6102,0409-6102-26,INTRAMUSCULAR,Injection,Cardiovascular,HUMAN PRESCRIPTION DRUG,Current,Revised,04/07/2020,09/09/2026,,Next Delivery and Estimated Recovery: December 2027; Shortage per Manufacturer: Manufacturing Delay,"Furosemide, Injection, 40 mg/4 mL (10 mg/1 mL) (NDC 0409-6102-26)"
Lisdexamfetamine Dimesylate Capsule,LISDEXAMFETAMINE DIMESYLATE,"Teva Pharmaceuticals, Inc.","Teva Pharmaceuticals USA, Inc.",0480-3569,0480-3569-01,ORAL,Capsule,Psychiatry,HUMAN PRESCRIPTION DRUG,Current,Reverified,07/14/2023,09/15/2026,,,"Lisdexamfetamine Dimesylate, Capsule, 50 mg (NDC 0480-3569-01)"
"Amphetamine Aspartate Monohydrate, Amphetamine Sulfate, Dextroamphetamine Saccharate, Dextroamphetamine Sulfate Tablet","DEXTROAMPHETAMINE SACCHARATE, AMPHETAMINE ASPARTATE, DEXTROAMPHETAMINE SULFATE AND AMPHETAMINE SULFATE","Lannett Company, LLC","Lannett Company, Inc.",0527-0761,0527-0761-37,ORAL,Tablet,Psychiatry,HUMAN PRESCRIPTION DRUG,Current,Reverified,10/12/2022,09/15/2026,,,"Amphetamine Aspartate Monohydrate, Amphetamine Sulfate, Dextroamphetamine Saccharate, Dextroamphetamine Sulfate, Tablet, 1.875 mg; 1.875 mg; 1.875 mg; 1.875 mg (NDC 0527-0761-37)"
Ceftazidime Injection,,"Hospira, Inc., a Pfizer Company","Hospira, Inc., a Pfizer Company",,0409-5092-16,,Injection,Anti-Infective,,To Be Discontinued,New,11/14/2025,11/14/2025,11/14/2025,Discontinuation of the manufacture of the drug,"Tazicef, Injection, 1 g (NDC 0409-5092-16)"
Clonazepam Tablet,CLONAZEPAM,Advagen Pharma Ltd,Rubicon Research Private Limited,72888-154,72888-154-30,ORAL,Tablet,Neurology,HUMAN PRESCRIPTION DRUG,Current,Reverified,03/10/2023,06/01/2026,,Marketed by Advagen Pharma Ltd.,"Clonazepam, Tablet, 2 mg (NDC 72888-154-30)"
Sodium Acetate Injection,SODIUM ACETATE,MILLA PHARMACEUTICALS INC.,Milla Pharmaceuticals,71357-009,71357-009-10,INTRAVENOUS,Injection,Endocrinology/Metabolism,HUMAN PRESCRIPTION DRUG,Current,Reverified,02/03/2016,09/16/2026,,Estimated recovery: TBD,"Sodium Acetate, Injection, 400 mEq/100mL (4 mEq/mL) (NDC 71357-009-10)"
Lisdexamfetamine Dimesylate Capsule,LISDEXAMFETAMINE DIMESYLATE,Rhodes Pharmaceuticals LLC,Rhodes Pharmaceuticals L.P.,42858-165,42858-165-01,ORAL,Capsule,Psychiatry,HUMAN PRESCRIPTION DRUG,Current,Revised,07/14/2023,06/24/2026,,Estimated recovery: TBD,"Lisdexamfetamine Dimesylate, Capsule, 50 mg (NDC 42858-165-01)"
Ketorolac Tromethamine Injection,KETOROLAC TROMETHAMINE,Baxter Healthcare Corporation,Baxter Healthcare,0338-0072,0338-0072-25,INTRAMUSCULAR,Injection,Analgesia/Addiction,HUMAN PRESCRIPTION DRUG,Current,Revised,06/06/2018,09/04/2026,,Estimated recovery: November 2026,"Ketorolac Tromethamine, Injection, 30 mg/1 mL (NDC 0338-0072-25)"
"Methylphenidate Hydrochloride Tablet, Extended Release",RELEXXII,"Vertical Pharmaceuticals, LLC","Vertical Pharmaceuticals, LLC",68025-097,68025-097-30,ORAL,Tablet,Psychiatry,HUMAN PRESCRIPTION DRUG,Current,Reverified,07/26/2023,09/16/2026,,,"Relexxii, Tablet, Extended Release, 36 mg (NDC 68025-097-30)"
Hydromorphone Hydrochloride Injection,HYDROMORPHONE HYDROCHLORIDE,"Hospira, Inc.","Hospira, Inc., a Pfizer Company",0409-2634,0409-2634-01,INTRAMUSCULAR,Injection,Analgesia/Addiction,HUMAN PRESCRIPTION DRUG,Current,Reverified,10/31/2017,09/09/2026,,,"Hydromorphone Hydrochloride, Injection, 10 mg/1 mL (NDC 0409-2634-01)"
Desmopressin Acetate Spray,,Ferring,Ferring,,69918-501-05,,Spray,Hematology,,Current,Reverified,03/12/2021,05/01/2026,,Estimated recovery: TBD,"Desmopressin Acetate, Spray, 10 ug/.1 mL (NDC 69918-501-05)"
Carboplatin Injection,CARBOPLATIN,"Hospira, Inc.","Hospira, Inc., a Pfizer Company",61703-339,61703-339-22,INTRAVENOUS,Injection,Oncology,HUMAN PRESCRIPTION DRUG,Current,Revised,04/28/2023,09/09/2026,,Limited Supply Available. Next Delivery: November 2026; Estimated Recovery: December 2026; Shortage per Manufacturer: Manufacturing Delay,"Carboplatin, Injection, 150 mg/15 mL (10 mg/mL) (NDC 61703-339-22)"
Rocuronium Bromide Injection,ROCURONIUM,Piramal Critical Care Inc,Piramal Critical Care Inc.,66794-228,66794-228-41,INTRAVENOUS,Injection,Anesthesia,HUMAN PRESCRIPTION DRUG,Current,Revised,02/15/2023,09/15/2026,,,"Rocuronium Bromide, Injection, 50 mg/5 mL (NDC 66794-228-41)"
Lidocaine Hydrochloride Injection,LIDOCAINE HYDROCHLORIDE,Hikma Pharmaceuticals USA Inc.,"Hikma Pharmaceuticals USA, Inc.",0143-9595,0143-9595-25,EPIDURAL,Injection,Anesthesia,HUMAN PRESCRIPTION DRUG,Current,Reverified,06/13/2018,09/03/2026,,Additional lots are scheduled for manufacturing to meet demand.  Product will be made available as it is released.,"Lidocaine Hydrochloride, Preservative Free, Injection, 10 mg/1 mL (NDC 0143-9595-25)"
Hydromorphone Hydrochloride Injection,DILAUDID,"Fresenius Kabi USA, LLC","Fresenius Kabi USA, LLC",76045-009,76045-009-11,INTRAMUSCULAR,Injection,Analgesia/Addiction,HUMAN PRESCRIPTION DRUG,Current,Reverified,10/31/2017,09/15/2026,,Next release October 2026. Check wholesalers for inventory.,"Dilaudid, Injection, 1 mg/1 mL (NDC 76045-009-11)"
"Lisdexamfetamine Dimesylate Tablet, Chewable",LISDEXAMFETAMINE DIMESYLATE,"Sun Pharmaceutical Industries, Inc.","Sun Pharmaceutical Industries, Inc.",57664-088,57664-088-88,ORAL,"Tablet, Chewable",Psychiatry,HUMAN PRESCRIPTION DRUG,Current,Revised,07/14/2023,08/27/2026,,,"Lisdexamfetamine Dimesylate, Tablet, Chewable, 60 mg (NDC 57664-088-88)"
Everolimus Tablet,EVEROLIMUS,"Teva Pharmaceuticals USA, Inc.","Teva Pharmaceuticals USA, Inc.",0093-7769,0093-7769-24,ORAL,Tablet,Transplant,HUMAN PRESCRIPTION DRUG,To Be Discontinued,New,03/02/2026,03/02/2026,03/02/2026,Discontinuation of the manufacture of the drug,"Everolimus, Tablet, 10 mg (NDC 0093-7769-24)"
Clindamycin Phosphate Injection,CLEOCIN PHOSPHATE,Pharmacia & Upjohn Company LLC,Pfizer Inc.,0009-0902,0009-0902-18,INTRAMUSCULAR,Injection,Anti-Infective,HUMAN PRESCRIPTION DRUG,To Be Discontinued,New,06/01/2026,06/01/2026,06/01/2026,Discontinuation of the manufacture of the drug,"Cleocin Phosphate, Injection, 900 mg/6 mL (150 mg/mL); 6 mL Vial (NDC 0009-0902-18)"
Clindamycin Phosphate Injection,CLINDAMYCIN PHOSPHATE,Baxter Healthcare Company,Baxter Healthcare,0338-3410,0338-3410-50,INTRAVENOUS,Injection,Anti-Infective,HUMAN PRESCRIPTION DRUG,Current,Reverified,03/21/2023,09/17/2026,,,"Clindamycin Phosphate, Injection, 300 mg/50 mL (NDC 0338-3410-50)"
Ropivacaine Hydrochloride Injection,NAROPIN,"Fresenius Kabi USA, LLC","Fresenius Kabi USA, LLC",63323-286,63323-286-00,EPIDURAL,Injection,Anesthesia,HUMAN PRESCRIPTION DRUG,Current,Reverified,03/23/2018,09/15/2026,,,"Naropin, Injection, 5 mg/1 mL (NDC 63323-286-00)"
Lidocaine Hydrochloride Injection,LIDOCAINE,"Fresenius Kabi USA, LLC","Fresenius Kabi USA, LLC",63323-201,63323-201-10,INFILTRATION,Injection,Anesthesia,HUMAN PRESCRIPTION DRUG,Current,Reverified,02/22/2012,09/15/2026,,Next release October 2026. Check wholesalers for inventory.,"Lidocaine Hydrochloride, Injection, 10 mg/1 mL (NDC 63323-201-10)"
Idelalisib Tablet,ZYDELIG,"Gilead Sciences, Inc.","Gilead Sciences, Inc.",61958-1701,61958-1701-1,ORAL,Tablet,Oncology,HUMAN PRESCRIPTION DRUG,To Be Discontinued,New,04/07/2026,04/07/2026,04/07/2026,Discontinuation in the manufacturing of the drug,"Zydelig, Tablet, 100 mg (NDC 61958-1701-1)"
"Methylphenidate Hydrochloride Tablet, Extended Release",METHYLPHENIDATE HYDROCHLORIDE,"Trigen Laboratories, LLC","Trigen Laboratories, LLC",13811-711,13811-711-30,ORAL,Tablet,Psychiatry,HUMAN PRESCRIPTION DRUG,Current,Reverified,07/26/2023,09/16/2026,,Allocation to current contracted customers,"Methylphenidate Hydrochloride, Tablet, Extended Release, 45 mg (NDC 13811-711-30)"
Gadoterate Meglumine Injection,GADOTERATE MEGLUMINE,"Fresenius Kabi USA, LLC","Jiangsu Hengrui Pharmaceuticals Co., Ltd.",65219-080,65219-080-05,INTRAVENOUS,Injection,Medical Imaging,HUMAN PRESCRIPTION DRUG,To Be Discontinued,New,05/21/2026,05/21/2026,05/21/2026,Discontinuation of the manufacture of the drug,"Gadoterate Meglumine, Injection, 376.9 mg/1 mL (NDC 65219-080-05)"
Clonazepam Tablet,CLONAZEPAM,Solco Healthcare LLC,"Prinston Pharmaceutical, Inc.",43547-408,43547-408-10,ORAL,Tablet,Neurology,HUMAN PRESCRIPTION DRUG,Current,Reverified,03/10/2023,09/02/2026,,Marketed by Solco Healthcare,"Clonazepam, Tablet, 2 mg (NDC 43547-408-10)"
Dexamethasone Sodium Phosphate Injection,DEXAMETHASONE SODIUM PHOSPHATE,"Fresenius Kabi USA, LLC","Fresenius Kabi USA, LLC",63323-516,63323-516-10,INTRAMUSCULAR,Injection,Dermatology,HUMAN PRESCRIPTION DRUG,Current,Reverified,02/08/2019,09/15/2026,,Check wholesalers for inventory,"Dexamethasone Sodium Phosphate, Injection, 10 mg/1 mL (NDC 63323-516-10)"
"Streptozocin Powder, For Solution",,"Teva Pharmaceuticals USA, Inc.","Teva Pharmaceuticals USA, Inc.",,0703-4636-01,,"Powder, For Solution",Oncology,,Current,Revised,07/12/2022,09/15/2026,,Estimated recovery: TBD,"Zanosar, Powder, For Solution, 100 mg/1 mL (NDC 0703-4636-01)"
Lisdexamfetamine Dimesylate Capsule,LISDEXAMFETAMINE DIMESYLATE,"Sun Pharmaceutical Industries, Inc.","Sun Pharmaceutical Industries, Inc.",57664-048,57664-048-88,ORAL,Capsule,Psychiatry,HUMAN PRESCRIPTION DRUG,Current,Revised,07/14/2023,08/27/2026,,Estimated recovery: TBD,"Lisdexamfetamine Dimesylate, Capsule, 30 mg (NDC 57664-048-88)"
Lasmiditan Succinate Tablet,REYVOW,Eli Lilly and Company,Eli Lilly and Co.,0002-4491,0002-4491-08,ORAL,Tablet,Neurology,HUMAN PRESCRIPTION DRUG,To Be Discontinued,New,11/03/2025,11/03/2025,11/03/2025,"A business decision was made to discontinue manufacture of the 50 mg and 100 mg tablets. Distribution will end on May 31, 2026.","Reyvow, Tablet, 100 mg (NDC 0002-4491-08)"
Midazolam Hydrochloride Injection,MIDAZOLAM,"Hospira, Inc.","Hospira, Inc., a Pfizer Company",0409-2308,0409-2308-01,INTRAMUSCULAR,Injection,Anesthesia,HUMAN PRESCRIPTION DRUG,Current,Revised,04/02/2020,09/09/2026,,Next Delivery and Estimated Recovery: December 2026,"Midazolam Hydrochloride Preservative Free, Injection, 5 mg/mL (5 mg/mL) (NDC 0409-2308-01)"
Activated Charcoal Oral Suspension,ACTIDOSE AQUA,Padagis US LLC,Padagis US LLC,0574-0521,0574-0521-25,ORAL,Oral Suspension,Other,HUMAN OTC DRUG,To Be Discontinued,New,05/15/2026,05/15/2026,05/15/2026,Discontinuation of the manufacture of the drug,"Actidose Aqua, Oral Suspension, 208 mg/1 mL (NDC 0574-0521-25)"
Dexmedetomidine Hydrochloride Injection,DEXMEDETOMIDINE HYDROCHLORIDE,"Par Health USA, LLC","Par Health, USA LLC",42023-186,42023-186-20,INTRAVENOUS,Injection,Anesthesia,HUMAN PRESCRIPTION DRUG,Current,Reverified,04/10/2020,09/17/2026,,Estimated recovery: TBD; Please check wholesalers for inventory,"Dexmedetomidine Hydrochloride, Injection, 4 ug/1 mL (NDC 42023-186-20)"
Dextrose Monohydrate 5% Injection,DEXTROSE,Baxter Healthcare Corporation,Baxter Healthcare,0338-0017,0338-0017-41,INTRAVENOUS,Injection,Endocrinology/Metabolism,HUMAN PRESCRIPTION DRUG,Current,Reverified,02/14/2022,09/17/2026,,,"Dextrose 5% In Plastic Container, Injection, 50 g/1000 mL (NDC 0338-0017-41)"
Albuterol Sulfate Solution,ALBUTEROL SULFATE,Nephron Pharmaceuticals Corporation,Nephron Pharmaceuticals Corporation,0487-9901,0487-9901-30,RESPIRATORY (INHALATION),Solution,Pulmonary/Allergy,HUMAN PRESCRIPTION DRUG,Resolved,Revised,10/25/2022,08/27/2026,,,"Albuterol Sulfate, Solution, 2.5 mg/.5 mL (NDC 0487-9901-30)"
"Methylphenidate Hydrochloride Tablet, Extended Release",METHYLPHENIDATE HYDROCHLORIDE,"Trigen Laboratories, LLC","Trigen Laboratories, LLC",13811-706,13811-706-10,ORAL,Tablet,Psychiatry,HUMAN PRESCRIPTION DRUG,Current,Reverified,07/26/2023,09/16/2026,,Allocation to current contracted customers,"Methylphenidate Hydrochloride, Tablet, Extended Release, 18 mg (NDC 13811-706-10)"
Lisdexamfetamine Dimesylate Capsule,LISDEXAMFETAMINE DIMESYLATE,Hikma Pharmaceuticals USA Inc.,"Hikma Pharmaceuticals USA, Inc.",0054-0373,0054-0373-25,ORAL,Capsule,Psychiatry,HUMAN PRESCRIPTION DRUG,Current,Reverified,07/14/2023,09/03/2026,,Available on allocation,"Lisdexamfetamine Dimesylate, Capsule, 50 mg (NDC 0054-0373-25)"
Pentamidine Isethionate Injection,PENTAMIDINE ISETHIONATE,"XGen Pharmaceuticals DJB, Inc.","XGen Pharmaceuticals DJB, Inc.",39822-3050,39822-3050-2,INTRAMUSCULAR,Injection,Anti-Infective,HUMAN PRESCRIPTION DRUG,To Be Discontinued,New,03/23/2026,03/23/2026,03/23/2026,A business decision was made to discontinue manufacture of the drug.,"Pentamidine Isethionate, Injection, 300 mg/3 mL (NDC 39822-3050-2)"
Itraconazole Capsule,SPORANOX,"Janssen Pharmaceuticals, Inc.",Janssen Pharmaceuticals,50458-290,50458-290-01,ORAL,Capsule,Anti-Infective,HUMAN PRESCRIPTION DRUG,To Be Discontinued,New,02/27/2026,02/27/2026,02/27/2026,Discontinuation of the manufacture of the drug,"Sporanox, Capsule, 100 mg (NDC 50458-290-01)"
"Amphetamine Aspartate Monohydrate, Amphetamine Sulfate, Dextroamphetamine Saccharate, Dextroamphetamine Sulfate Tablet","DEXTROAMPHETAMINE SACCHARATE, AMPHETAMINE ASPARTATE, DEXTROAMPHETAMINE SULFATE, AMPHETAMINE SULFATE TABLETS,CII",Alvogen Inc.,Alvogen,47781-178,47781-178-01,ORAL,Tablet,Psychiatry,HUMAN PRESCRIPTION DRUG,Current,Reverified,10/12/2022,09/17/2026,,,"Amphetamine Aspartate Monohydrate, Amphetamine Sulfate, Dextroamphetamine Saccharate, Dextroamphetamine Sulfate, Tablet, 15mg (NDC 47781-178-01)"
Dexmedetomidine Hydrochloride Injection,,Slayback Pharma,Slayback Pharma,,71225-126-06,,Injection,Anesthesia,,To Be Discontinued,New,06/05/2026,06/05/2026,06/05/2026,Discontinuation of the manufacture of the drug,"Dexmedetomidine Hydrochloride, Injection, 4 ug/1 mL (NDC 71225-126-06)"
Technetium TC-99M Pyrophosphate Kit Injection,KIT FOR THE PREPARATION OF TECHNETIUM TC99M PYROPHOSPHATE,"Sun Pharmaceutical Industries, Inc.","Sun Pharmaceutical Industries, Inc.",45567-0060,45567-0060-2,INTRAVENOUS,Injection,Medical Imaging,HUMAN PRESCRIPTION DRUG,Current,Revised,12/27/2023,08/27/2026,,Estimated recovery: TBD,"CIS-PYRO, Injection, 12 mg/10 mL (NDC 45567-0060-2)"
Lisdexamfetamine Dimesylate Capsule,VYVANSE,"Takeda Pharmaceuticals America, Inc.",Takeda Pharmaceuticals USA Inc.,59417-102,59417-102-10,ORAL,Capsule,Psychiatry,HUMAN PRESCRIPTION DRUG,Current,Reverified,07/14/2023,09/15/2026,,,"Vyvanse, Capsule, 20 mg (NDC 59417-102-10)"
Lidocaine Hydrochloride Injection,XYLOCAINE MPF,"Fresenius Kabi USA, LLC","Fresenius Kabi USA, LLC",63323-495,63323-495-27,EPIDURAL,Injection,Anesthesia,HUMAN PRESCRIPTION DRUG,Current,Reverified,02/22/2012,09/15/2026,,Check wholesalers for inventory,"Xylocaine, Injection, 20 mg/1 mL (NDC 63323-495-27)"
Morphine Sulfate Injection,MORPHINE SULFATE,"International Medication Systems, Limited","Amphastar Pharmaceuticals, Inc.",76329-1912,76329-1912-1,INTRAVENOUS,Injection,Analgesia/Addiction,HUMAN PRESCRIPTION DRUG,Current,Reverified,12/06/2018,09/16/2026,,,"Morphine Sulfate, Injection, 1 mg/1 mL (NDC 76329-1912-1)"
"Amphetamine Aspartate Monohydrate, Amphetamine Sulfate, Dextroamphetamine Saccharate, Dextroamphetamine Sulfate Tablet","DEXTROAMPHETAMINE SACCHARATE, AMPHETAMINE ASPARTATE MONOHYDRATE, DEXTROAMPHETAMINE SULFATE AND AMPHETAMINE SULFATE",Sandoz Inc,Sandoz Inc.,0185-2098,0185-2098-01,ORAL,Tablet,Psychiatry,HUMAN PRESCRIPTION DRUG,Current,Reverified,10/12/2022,09/03/2026,,,"Amphetamine Aspartate Monohydrate, Amphetamine Sulfate, Dextroamphetamine Saccharate, Dextroamphetamine Sulfate, Tablet, 1.25 mg; 1.25 mg; 1.25 mg; 1.25 mg (NDC 0185-2098-01)"
Dexmedetomidine Hydrochloride Injection,PRECEDEX,"Hospira, Inc.",Pfizer Inc.,0409-7875,0409-7875-12,INTRAVENOUS,Injection,Anesthesia,HUMAN PRESCRIPTION DRUG,Current,Reverified,04/10/2020,09/08/2026,,,"Precedex, Injection, 1000 mcg/250 mL (NDC 0409-7875-12)"
Dextrose Monohydrate 10% Injection,DEXTROSE,"ICU Medical, Inc.",Otsuka ICU Medical LLC,0990-7938,0990-7938-19,INTRAVENOUS,Injection,Endocrinology/Metabolism,HUMAN PRESCRIPTION DRUG,Current,Reverified,03/01/2022,09/16/2026,,"Product discontinued. This product is distributed by ICU Medical. For questions regarding this product, please contact ICU Medical.","Dextrose 10% In Plastic Container, Injection, 10 g/100 mL (NDC 0990-7938-19)"
Bupivacaine Hydrochloride Injection,SENSORCAINE MPF,"Fresenius Kabi USA, LLC","Fresenius Kabi USA, LLC",63323-472,63323-472-37,EPIDURAL,Injection,Anesthesia,HUMAN PRESCRIPTION DRUG,Current,Reverified,02/20/2018,09/15/2026,,Check wholesalers for inventory,"Sensorcaine, Injection, 7.5 mg/1 mL (NDC 63323-472-37)"
Lisdexamfetamine Dimesylate Capsule,LISDEXAMFETAMINE DIMESYLATE,"Teva Pharmaceuticals, Inc.","Teva Pharmaceuticals USA, Inc.",0480-3566,0480-3566-01,ORAL,Capsule,Psychiatry,HUMAN PRESCRIPTION DRUG,Current,Reverified,07/14/2023,09/15/2026,,,"Lisdexamfetamine Dimesylate, Capsule, 20 mg (NDC 0480-3566-01)"
Liraglutide Injection,LIRAGLUTIDE,Hikma Pharmaceuticals USA Inc.,"Hikma Pharmaceuticals USA, Inc.",0143-9144,0143-9144-02,SUBCUTANEOUS,Injection,Endocrinology/Metabolism,HUMAN PRESCRIPTION DRUG,Current,Revised,07/18/2023,09/03/2026,,,"Liraglutide, Injection, 6 mg/1 mL (NDC 0143-9144-02)"
Omeprazole Delayed Release Capsule,OMEPRAZOLE,Sandoz Inc,Sandoz Inc.,0781-2859,0781-2859-31,ORAL,,Gastroenterology,HUMAN PRESCRIPTION DRUG,To Be Discontinued,New,10/09/2025,10/09/2025,10/09/2025,Discontinuation of the manufacture of the drug,"Omeprazole, Delayed Release Capsule, 10 mg (NDC 0781-2859-31)"
Insulin Glargine Injection,,Eli Lilly and Co.,Eli Lilly and Co.,,0002-8214-05,,Injection,Endocrinology/Metabolism,,To Be Discontinued,New,10/24/2025,10/24/2025,10/24/2025,A business decision was made to discontinue manufacture of the drug.,"Basaglar, Injection, U-100 Tempo Pen (NDC 0002-8214-05)"
Dexmedetomidine Hydrochloride Injection,DEXMEDETOMIDINE HYDROCHLORIDE,Amneal Pharmaceuticals LLC,Amneal Pharmaceuticals,70121-1389,70121-1389-1,INTRAVENOUS,Injection,Anesthesia,HUMAN PRESCRIPTION DRUG,Current,Reverified,04/10/2020,06/17/2026,,,"Dexmedetomidine Hydrochloride, Injection, 4 mcg/mL, 100 mL (NDC 70121-1389-1)"
"Donepezil Hydrochloride; Memantine Hydrochloride Capsule, Extended Release",MEMANTINE AND DONEPEZIL HYDROCHLORIDES EXTENDED-RELEASE,Amneal Pharmaceuticals NY LLC,Amneal Pharmaceuticals,69238-1247,69238-1247-3,ORAL,"Capsule, Extended Release",Neurology,HUMAN PRESCRIPTION DRUG,To Be Discontinued,New,06/15/2026,06/15/2026,06/15/2026,Discontinuation of the manufacture of the drug,"Donepezil Hydrochloride; Memantine Hydrochloride, Capsule, Extended Release, 10 mg; 28 mg (NDC 69238-1247-3)"
Bupivacaine Hydrochloride Injection,BUPIVACAINE HYDROCHLORIDE,"Somerset Therapeutics, LLC","Somerset Therapeutics, LLC",70069-753,70069-753-25,INFILTRATION,Injection,Anesthesia,HUMAN PRESCRIPTION DRUG,Current,Reverified,02/20/2018,09/11/2026,,,"Bupivacaine Hydrochloride, Injection, 5 mg/1 mL (NDC 70069-753-25)"
"Metoprolol Succinate Tablet, Extended Release",METOPROLOL SUCCINATE,"Actavis Pharma, Inc.","Teva Pharmaceuticals USA, Inc.",45963-678,45963-678-11,ORAL,Tablet,Cardiovascular,HUMAN PRESCRIPTION DRUG,To Be Discontinued,New,08/31/2026,08/31/2026,08/31/2026,A business decision was made to discontinue manufacture of the drug.,"Metoprolol Succinate, Tablet, Extended Release, 200 mg (NDC 45963-678-11)"
"Amphetamine Aspartate Monohydrate, Amphetamine Sulfate, Dextroamphetamine Saccharate, Dextroamphetamine Sulfate Tablet","DEXTROAMPHETAMINE SACCHARATE, AMPHETAMINE ASPARTATE, DEXTROAMPHETAMINE SULFATE AND AMPHETAMINE SULFATE","Aurolife Pharma, LLC",Aurobindo Pharma USA,13107-073,13107-073-01,ORAL,Tablet,Psychiatry,HUMAN PRESCRIPTION DRUG,Current,Reverified,10/12/2022,07/21/2026,,Estimated availability: October 2026,"Amphetamine Aspartate Monohydrate, Amphetamine Sulfate, Dextroamphetamine Saccharate, Dextroamphetamine Sulfate, Tablet, 5 mg; 5 mg; 5 mg; 5 mg (NDC 13107-073-01)"
Promethazine Hydrochloride Injection,PHENERGAN,Hikma Pharmaceuticals USA Inc.,"Hikma Pharmaceuticals USA, Inc.",0641-6082,0641-6082-25,INTRAMUSCULAR,Injection,Analgesia/Addiction,HUMAN PRESCRIPTION DRUG,Current,Revised,11/21/2023,09/03/2026,,Additional lots are scheduled to be manufactured. Product will be made available as it is released.,"Phenergan, Injection, 25 mg/1 mL (NDC 0641-6082-25)"
Lasmiditan Succinate Tablet,REYVOW,Eli Lilly and Company,Eli Lilly and Co.,0002-4312,0002-4312-61,ORAL,Tablet,Neurology,HUMAN PRESCRIPTION DRUG,To Be Discontinued,New,11/03/2025,11/03/2025,11/03/2025,"A business decision was made to discontinue manufacture of the 50 mg and 100 mg tablets. Distribution will end on May 31, 2026.","Reyvow, Tablet, 50 mg (NDC 0002-4312-61)"
Dextrose Monohydrate 50% Injection,,"Hospira, Inc., a Pfizer Company","Hospira, Inc., a Pfizer Company",,0409-4902-34,,Injection,Endocrinology/Metabolism,,To Be Discontinued,New,11/07/2025,11/07/2025,11/07/2025,Discontinuation of the manufacture of the drug,"Dextrose Monohydrate 50%, Injection, 50% Dextrose Injection 0.5 g/mL; ABBOJECT® Glass Syringe (NDC 0409-4902-34)"
"Amphetamine Aspartate Monohydrate, Amphetamine Sulfate, Dextroamphetamine Saccharate, Dextroamphetamine Sulfate Tablet","DEXTROAMPHETAMINE SACCHARATE, AMPHETAMINE ASPARTATE, DEXTROAMPHETAMINE SULFATE AND AMPHETAMINE SULFATE","Lannett Company, LLC","Lannett Company, Inc.",0527-0763,0527-0763-37,ORAL,Tablet,Psychiatry,HUMAN PRESCRIPTION DRUG,Current,Reverified,10/12/2022,09/15/2026,,,"Amphetamine Aspartate Monohydrate, Amphetamine Sulfate, Dextroamphetamine Saccharate, Dextroamphetamine Sulfate, Tablet, 3.125 mg; 3.125 mg; 3.125 mg; 3.125 mg (NDC 0527-0763-37)"
Clindamycin Phosphate Injection,CLEOCIN PHOSPHATE,Pharmacia & Upjohn Company LLC,Pfizer Inc.,0009-0870,0009-0870-26,INTRAMUSCULAR,Injection,Anti-Infective,HUMAN PRESCRIPTION DRUG,Current,Revised,03/21/2023,09/08/2026,,Next Delivery and Estimated Recovery: December 2028,"Cleocin Phosphate, Injection, Cleocin Phosphate 300 mg/2 mL (150 mg/mL) (NDC 0009-0870-26)"
Omeprazole Delayed Release Capsule,OMEPRAZOLE,Sandoz Inc,Sandoz Inc.,0781-2234,0781-2234-31,ORAL,,Gastroenterology,HUMAN PRESCRIPTION DRUG,To Be Discontinued,New,10/09/2025,10/09/2025,10/09/2025,Discontinuation of the manufacture of the drug,"Omeprazole, Delayed Release Capsule, 40 mg (NDC 0781-2234-31)"
Methotrexate Sodium Injection,METHOTREXATE,"Teva Parenteral Medicines, Inc.","Teva Pharmaceuticals USA, Inc.",0703-3671,0703-3671-01,INTRA-ARTERIAL,Injection,Rheumatology,HUMAN PRESCRIPTION DRUG,Current,Revised,03/13/2023,09/15/2026,,Estimated recovery: October 2026,"Methotrexate Sodium Preservative Free, Injection, 25 mg/1 mL (NDC 0703-3671-01)"
Ropivacaine Hydrochloride Injection,ROPIVACAINE HYDROCHLORIDE,Baxter Healthcare Corporation,"Caplin Steriles, Ltd.",43066-019,43066-019-10,EPIDURAL,Injection,Anesthesia,HUMAN PRESCRIPTION DRUG,Current,Reverified,12/22/2020,06/10/2026,,Check wholesalers for inventory; Marketed by Baxter,"Ropivacaine Hydrochloride, Injection, 5 mg/1 mL (NDC 43066-019-10)"
Lidocaine Hydrochloride Injection,LIDOCAINE,"Fresenius Kabi USA, LLC","Fresenius Kabi USA, LLC",63323-201,63323-201-02,INFILTRATION,Injection,Anesthesia,HUMAN PRESCRIPTION DRUG,Current,Reverified,02/22/2012,09/15/2026,,Check wholesalers for inventory,"Lidocaine Hydrochloride In Plastic Container, Injection, 10 mg/1 mL (NDC 63323-201-02)"
Etomidate Injection,ETOMIDATE,Fosun Pharma USA Inc,Gland Pharma Limited,72266-147,72266-147-10,INTRAVENOUS,Injection,Anesthesia,HUMAN PRESCRIPTION DRUG,Current,Reverified,10/05/2022,07/22/2026,,"Distributed by Fosun Pharma USA, Inc.. To order, contact: 833-291-9645.","Etomidate, Injection, 2 mg/1 mL (NDC 72266-147-10)"
"Epinephrine Bitartrate, Lidocaine Hydrochloride Injection",XYLOCAINE,"Fresenius Kabi USA, LLC","Fresenius Kabi USA, LLC",63323-483,63323-483-27,INFILTRATION,Injection,Anesthesia,HUMAN PRESCRIPTION DRUG,Current,Reverified,10/14/2016,09/15/2026,,Check wholesalers for inventory,"Xylocaine, Injection, .01 mg/1 mL; 20 mg/1 mL (NDC 63323-483-27)"
"Calcium Chloride; Dextrose; Magnesium Chloride; Sodium Chloride; Sodium Lactate Intraperitoneal Injection, Solution",DIANEAL PD-2 WITH DEXTROSE,Vantive US Healthcare LLC,Vantive US Healthcare LLC,0941-0429,0941-0429-52,INTRAPERITONEAL,Solution,Renal,HUMAN PRESCRIPTION DRUG,To Be Discontinued,New,08/03/2026,08/03/2026,08/03/2026,A business decision was made to discontinue manufacture of the drug.,"DIANEAL PD-2 with Dextrose, Intraperitoneal Injection, Solution, 25.7 mg/100 mL; 4.25 g/100 mL; 5.08 mg/100 mL; 538 mg/100 mL; 448 mg/100 mL (NDC 0941-0429-52)"
Midazolam Hydrochloride Injection,MIDAZOLAM,Hikma Pharmaceuticals USA Inc.,"Hikma Pharmaceuticals USA, Inc.",0641-6060,0641-6060-10,INTRAMUSCULAR,Injection,Anesthesia,HUMAN PRESCRIPTION DRUG,Current,Revised,04/02/2020,09/03/2026,,Additional lots are scheduled to be manufactured.  Product will be made available as it is released.,"Midazolam Hydrochloride, Injection, 5 mg/1 mL (NDC 0641-6060-10)"
"Lisdexamfetamine Dimesylate Tablet, Chewable",LISDEXAMFETAMINE DIMESYLATE,"Sun Pharmaceutical Industries, Inc.","Sun Pharmaceutical Industries, Inc.",57664-085,57664-085-88,ORAL,"Tablet, Chewable",Psychiatry,HUMAN PRESCRIPTION DRUG,Current,Revised,07/14/2023,08/27/2026,,,"Lisdexamfetamine Dimesylate, Tablet, Chewable, 30 mg (NDC 57664-085-88)"
Quinapril Hydrochloride Tablet,QUINAPRIL,"Solco Healthcare US, LLC","Solco Healthcare US, LLC",43547-412,43547-412-09,ORAL,Tablet,Cardiovascular,HUMAN PRESCRIPTION DRUG,Current,Reverified,01/19/2023,06/29/2026,,Not available. Long-term backorder for all NDCs. No estimated release date at this time.,"Quinapril Hydrochloride, Tablet, 20 mg (NDC 43547-412-09)"
Lidocaine Hydrochloride Injection,LIDOCAINE HYDROCHLORIDE,"Avenacy, LLC",Anthea Pharma,83634-653,83634-653-05,EPIDURAL,Injection,Anesthesia,HUMAN PRESCRIPTION DRUG,Current,Reverified,02/22/2012,09/15/2026,,"Distributed by Avenacy, LLC","Lidocaine Hydochloride, Injection, 50 mg/5 mL (NDC 83634-653-05)"
"Disopyramide Phosphate Capsule, Extended Release",,Pfizer Inc.,Pfizer Inc.,,0025-2742-31,,"Capsule, Extended Release",Cardiovascular,,To Be Discontinued,New,08/24/2026,08/24/2026,08/24/2026,Discontinuation of the manufacture of the drug,"Norpace CR, Capsule, Extended Release, 150 mg (NDC 0025-2742-31)"
Fentanyl Citrate Injection,FENTANYL CITRATE,"Fresenius Kabi USA, LLC","Fresenius Kabi USA, LLC",63323-808,63323-808-11,INTRAMUSCULAR,Injection,Analgesia/Addiction,HUMAN PRESCRIPTION DRUG,Current,Reverified,01/01/2012,09/15/2026,,Check wholesalers for inventory,"Fentanyl Citrate, Injection, 50 ug/1 mL (NDC 63323-808-11)"
"Carbamazepine Capsule, Extended Release",CARBATROL,"Takeda Pharmaceuticals America, Inc.",Takeda Pharmaceuticals USA Inc.,54092-171,54092-171-12,ORAL,"Capsule, Extended Release",Neurology,HUMAN PRESCRIPTION DRUG,To Be Discontinued,New,12/19/2025,12/19/2025,12/19/2025,Discontinuation of the manufacture of the drug,"Carbatrol, Capsule, Extended Release, 100 mg (NDC 54092-171-12)"
Nebivolol Hydrochloride Tablet,,Torrent Pharmaceuticals Limited,Torrent Pharmaceuticals Limited,,13668-355-90,,Tablet,Cardiovascular,,To Be Discontinued,New,03/25/2026,03/25/2026,03/25/2026,Discontinuation of the manufacture of the drug,"Nebivolol Hydrochloride, Tablet, 10 mg (NDC 13668-355-90)"
Lopinavir and Ritonavir Tablet,KALETRA,AbbVie Inc.,AbbVie Inc.,0074-4014,0074-4014-12,ORAL,Tablet,Antiviral,HUMAN PRESCRIPTION DRUG,To Be Discontinued,New,07/24/2026,07/24/2026,07/24/2026,Discontinuation of the manufacture of the drug,"Kaletra, Tablet, 200 mg; 50 mg (NDC 0074-4014-12)"
Rocuronium Bromide Injection,ROCURONIUM BROMIDE,Sagent Pharmaceuticals,Sagent Pharmaceuticals,25021-687,25021-687-05,INTRAVENOUS,Injection,Anesthesia,HUMAN PRESCRIPTION DRUG,Current,Reverified,02/15/2023,08/18/2026,,,"Rocuronium Bromide, Injection, 10 mg/1 mL (NDC 25021-687-05)"
Lidocaine Hydrochloride Injection,LIDOCAINE HYDROCHLORIDE,Eugia US LLC,Eugia US LLC,55150-255,55150-255-20,INFILTRATION,Injection,Anesthesia,HUMAN PRESCRIPTION DRUG,Current,Revised,06/13/2018,09/03/2026,,Check wholesalers for inventory,"Lidocaine Hydrochloride, Injection, 20 mg/mL (NDC 55150-255-20)"
Doxercalciferol Injection,,Sanofi-Aventis U.S. LLC,Sanofi-Aventis U.S. LLC,,58468-0127-1,,Injection,Endocrinology/Metabolism,,To Be Discontinued,New,12/10/2025,12/10/2025,12/10/2025,Discontinuation of the manufacture of the drug,"Hectorol, Injection, 4 mcg/2 mL injection 50 multiple-dose vials (NDC 58468-0127-1)"
Fentanyl Citrate Injection,FENTANYL CITRATE,"Fresenius Kabi USA, LLC","Fresenius Kabi USA, LLC",63323-806,63323-806-50,INTRAMUSCULAR,Injection,Analgesia/Addiction,HUMAN PRESCRIPTION DRUG,Current,Reverified,01/01/2012,09/15/2026,,Check wholesalers for inventory,"Fentanyl Citrate Preservative Free, Injection, .05 mg/1 mL (NDC 63323-806-50)"
Clindamycin Phosphate Injection,CLINDAMYCIN IN 5 PERCENT DEXTROSE,Sandoz Inc,Sandoz Inc.,0781-3290,0781-3290-09,INTRAVENOUS,Injection,Anti-Infective,HUMAN PRESCRIPTION DRUG,Current,Reverified,03/21/2023,09/03/2026,,,"Clindamycin Phosphate In 5% Dextrose In Plastic Container, Injection, 18 mg/1 mL (NDC 0781-3290-09)"
Penicillin G Benzathine Injection,BICILLIN L-A,Pfizer Laboratories Div Pfizer Inc,Pfizer Inc.,60793-700,60793-700-10,INTRAMUSCULAR,Injection,Anti-Infective,HUMAN PRESCRIPTION DRUG,Current,Revised,04/26/2023,09/08/2026,,Next Delivery: October 2027; Estimated Recovery: December 2027; Shortage per Manufacturer: Manufacturing Delay,"Bicillin L-A, Injection, 600000 [iU]/1 mL (NDC 60793-700-10)"
"Methylphenidate Hydrochloride Tablet, Extended Release",RELEXXII,"Vertical Pharmaceuticals, LLC","Vertical Pharmaceuticals, LLC",68025-095,68025-095-30,ORAL,Tablet,Psychiatry,HUMAN PRESCRIPTION DRUG,Current,Reverified,07/26/2023,09/16/2026,,,"Relexxii, Tablet, Extended Release, 18 mg (NDC 68025-095-30)"
Azacitidine Injection,AZACITIDINE,Hikma Pharmaceuticals USA Inc.,"Hikma Pharmaceuticals USA, Inc.",0143-9606,0143-9606-01,INTRAVENOUS,Injection,Oncology,HUMAN PRESCRIPTION DRUG,Current,Revised,12/18/2020,09/03/2026,,Additional lots are scheduled for manufacturing to meet demand.  Product will be made available as it is released.,"Azacitidine, Injection, 100 mg/ Vial (NDC 0143-9606-01)"
Lisdexamfetamine Dimesylate Capsule,LISDEXAMFETAMINE DIMESYLATE,Rhodes Pharmaceuticals LLC,Rhodes Pharmaceuticals L.P.,42858-166,42858-166-01,ORAL,Capsule,Psychiatry,HUMAN PRESCRIPTION DRUG,Current,Revised,07/14/2023,06/24/2026,,,"Lisdexamfetamine Dimesylate, Capsule, 60 mg (NDC 42858-166-01)"
Etravirine Tablet,INTELENCE,Janssen Products LP,Janssen Research and Development,59676-570,59676-570-01,ORAL,Tablet,Antiviral,HUMAN PRESCRIPTION DRUG,To Be Discontinued,New,04/28/2026,04/28/2026,04/28/2026,Discontinuation of the manufacture of the drug,"Intelence, Tablet, 100 mg (NDC 59676-570-01)"
"Amphetamine Aspartate Monohydrate, Amphetamine Sulfate, Dextroamphetamine Saccharate, Dextroamphetamine Sulfate Tablet",ADDERALL,"Teva Pharmaceuticals USA, Inc.","Teva Pharmaceuticals USA, Inc.",57844-112,57844-112-01,ORAL,Tablet,Psychiatry,HUMAN PRESCRIPTION DRUG,Current,Revised,10/12/2022,09/15/2026,,Estimated recovery: October 2026,"Adderall, Tablet, 3.125 mg; 3.125 mg; 3.125 mg; 3.125 mg (NDC 57844-112-01)"
Dexmedetomidine Hydrochloride Injection,PRECEDEX,"Hospira, Inc.",Pfizer Inc.,0409-1174,0409-1174-10,INTRAVENOUS,Injection,Anesthesia,HUMAN PRESCRIPTION DRUG,Current,Reverified,04/10/2020,08/24/2026,,,"Precedex, Injection, 400 mcg/100 mL (4 mcg/mL) (NDC 0409-1174-10)"
Atropine Sulfate Injection,ATROPINE SULFATE,"Somerset Therapeutics, LLC","Somerset Therapeutics, LLC",70069-481,70069-481-10,ENDOTRACHEAL,Injection,Anesthesia,HUMAN PRESCRIPTION DRUG,Current,Reverified,01/01/2012,09/11/2026,,,"Atropine Sulfate, Injection, .4 mg/1 mL (NDC 70069-481-10)"
Morphine Sulfate Injection,MORPHINE SULFATE,"Hospira, Inc.","Hospira, Inc., a Pfizer Company",0409-3815,0409-3815-12,EPIDURAL,Injection,Analgesia/Addiction,HUMAN PRESCRIPTION DRUG,Current,Revised,10/31/2017,09/11/2026,,,"Morphine Sulfate, Injection, 10 mg/10 mL (1 mg/mL) (NDC 0409-3815-12)"
Valsartan Tablet,VALSARTAN,Mylan Pharmaceuticals Inc.,"Mylan Pharmaceuticals Inc., a Viatris Company",0378-5807,0378-5807-93,ORAL,Tablet,Cardiovascular,HUMAN PRESCRIPTION DRUG,To Be Discontinued,New,11/19/2025,11/19/2025,11/19/2025,A business decision was made to discontinue manufacture of the drug.,"Valsartan, Tablet, 40 mg (NDC 0378-5807-93)"
Medroxyprogesterone Acetate Tablet,PROVERA,Pharmacia & Upjohn Company LLC,Pfizer Inc.,0009-0051,0009-0051-01,ORAL,Tablet,Urology,HUMAN PRESCRIPTION DRUG,To Be Discontinued,New,08/31/2026,08/31/2026,08/31/2026,Discontinuation of the manufacture of the drug; Withdrawal from sale expected September 2026.,"PROVERA, Tablet, 10 mg (NDC 0009-0051-01)"
Idelalisib Tablet,ZYDELIG,"Gilead Sciences, Inc.","Gilead Sciences, Inc.",61958-1702,61958-1702-1,ORAL,Tablet,Oncology,HUMAN PRESCRIPTION DRUG,To Be Discontinued,New,04/07/2026,04/07/2026,04/07/2026,Discontinuation in the manufacturing of the drug,"Zydelig, Tablet, 150 mg (NDC 61958-1702-1)"
Gadoterate Meglumine Injection,GADOTERATE MEGLUMINE,"Fresenius Kabi USA, LLC","Jiangsu Hengrui Pharmaceuticals Co., Ltd.",65219-084,65219-084-15,INTRAVENOUS,Injection,Medical Imaging,HUMAN PRESCRIPTION DRUG,To Be Discontinued,New,05/21/2026,05/21/2026,05/21/2026,Discontinuation of the manufacture of the drug,"Gadoterate Meglumine, Injection, 376.9 mg/1 mL (NDC 65219-084-15)"
Dexamethasone Sodium Phosphate Injection,DEXAMETHASONE SODIUM PHOSPHATE,Eugia US LLC,Eugia US LLC,55150-304,55150-304-25,INTRAMUSCULAR,Injection,Dermatology,HUMAN PRESCRIPTION DRUG,Current,Reverified,02/08/2019,09/17/2026,,Check wholesalers for inventory,"Dexamethasone Sodium Phosphate, Injection, 10 mg/1 mL (NDC 55150-304-25)"
"Potassium Chloride Tablet, Extended Release",POTASSIUM CHLORIDE,"Actavis Pharma, Inc.","Teva Pharmaceuticals USA, Inc.",62037-720,62037-720-05,ORAL,Tablet,Endocrinology/Metabolism,HUMAN PRESCRIPTION DRUG,To Be Discontinued,New,11/21/2025,11/21/2025,11/21/2025,Discontinuation of the manufacture of the drug,"Potassium Chloride, Tablet, Extended Release, 20 meq (NDC 62037-720-05)"
Methylprednisolone Acetate Injection,METHYLPREDNISOLONE ACETATE,Sagent Pharmaceuticals,Sagent Pharmaceuticals,25021-820,25021-820-05,INTRA-ARTICULAR,Injection,Rheumatology,HUMAN PRESCRIPTION DRUG,Current,Reverified,12/15/2021,08/18/2026,,Estimated recovery: November 2026,"Methylprednisolone Acetate, Injection, 40 mg/1 mL (NDC 25021-820-05)"
Sodium Bicarbonate Injection,SODIUM BICARBONATE,"Hospira, Inc.","Hospira, Inc., a Pfizer Company",0409-6625,0409-6625-35,INTRAVENOUS,Injection,Endocrinology/Metabolism,HUMAN PRESCRIPTION DRUG,Current,Revised,03/01/2017,09/09/2026,,Next Delivery: January 2027; Estimated Recovery: March 2027; Shortage per Manufacturer: Manufacturing Delay,"Sodium Bicarbonate, Injection, 50 mEq/50 mL (8.4%, 1 mEq/mL) (NDC 0409-6625-35)"
Lisdexamfetamine Dimesylate Capsule,LISDEXAMFETAMINE DIMESYLATE,Amneal Pharmaceuticals LLC,Amneal Pharmaceuticals,65162-027,65162-027-09,ORAL,Capsule,Psychiatry,HUMAN PRESCRIPTION DRUG,Current,Reverified,07/14/2023,06/17/2026,,,"Lisdexamfetamine Dimesylate, Capsule, 60 mg (NDC 65162-027-09)"
Furosemide Oral Solution,FUROSEMIDE,Hikma Pharmaceuticals USA Inc.,"Hikma Pharmaceuticals USA, Inc.",0054-3298,0054-3298-63,ORAL,Oral Solution,Cardiovascular,HUMAN PRESCRIPTION DRUG,Current,Reverified,03/31/2026,09/03/2026,,Available on allocation,"Furosemide, Oral Solution, 40 mg/5 mL (NDC 0054-3298-63)"
"Guanfacine Hydrochloride Tablet, Extended Release",GUANFACINE,"Actavis Pharma, Inc.","Actavis Pharma, Inc.",0228-2851,0228-2851-11,ORAL,Tablet,Psychiatry,HUMAN PRESCRIPTION DRUG,To Be Discontinued,New,11/13/2025,11/13/2025,11/13/2025,A business decision was made to discontinue manufacture of the drug.,"Guanfacine Hydrochloride, Tablet, Extended Release, 2 mg (NDC 0228-2851-11)"
Dexamethasone Sodium Phosphate Injection,DEXAMETHASONE SODIUM PHOSPHATE,Hikma Pharmaceuticals USA Inc.,"Hikma Pharmaceuticals USA, Inc.",0641-6146,0641-6146-25,INTRA-ARTICULAR,Injection,Dermatology,HUMAN PRESCRIPTION DRUG,Current,Revised,02/08/2019,09/03/2026,,Additional product will be made available as it is released.,"Dexamethasone Sodium Phosphate, Injection, 4 mg/1 mL (NDC 0641-6146-25)"
Promethazine Hydrochloride Injection,PROMETHAZINE HYDROCHLORIDE,Hikma Pharmaceuticals USA Inc.,"Hikma Pharmaceuticals USA, Inc.",0641-1496,0641-1496-35,INTRAMUSCULAR,Injection,Analgesia/Addiction,HUMAN PRESCRIPTION DRUG,Current,Revised,11/21/2023,09/03/2026,,Additional lots will be available in the October 2026 timeframe.  Product will be made available as it is released.,"Promethazine Hydrochloride, Injection, 50 mg/1 mL (NDC 0641-1496-35)"
Anagrelide Hydrochloride Capsule,,"Teva Pharmaceuticals USA, Inc.","Teva Pharmaceuticals USA, Inc.",,0172-5240-60,,Capsule,Hematology,,To Be Discontinued,New,11/19/2025,11/19/2025,11/19/2025,A business decision was made to discontinue manufacture of the drug.,"Anagrelide Hydrochloride, Capsule, 1 mg (NDC 0172-5240-60)"
Somatropin Injection,NORDITROPIN,Novo Nordisk,"Novo Nordisk, Inc.",0169-7703,0169-7703-21,SUBCUTANEOUS,Injection,Endocrinology/Metabolism,HUMAN PRESCRIPTION DRUG,To Be Discontinued,New,11/14/2025,11/14/2025,11/14/2025,Discontinuation of the manufacture of the drug,"Norditropin, Injection, 30 mg/3 mL (NDC 0169-7703-21)"
Lisdexamfetamine Dimesylate Capsule,VYVANSE,"Takeda Pharmaceuticals America, Inc.",Takeda Pharmaceuticals USA Inc.,59417-106,59417-106-10,ORAL,Capsule,Psychiatry,HUMAN PRESCRIPTION DRUG,Current,Reverified,07/14/2023,09/15/2026,,,"Vyvanse, Capsule, 60 mg (NDC 59417-106-10)"
Hydromorphone Hydrochloride Injection,DILAUDID,"Fresenius Kabi USA, LLC","Fresenius Kabi USA, LLC",76045-121,76045-121-11,INTRAMUSCULAR,Injection,Analgesia/Addiction,HUMAN PRESCRIPTION DRUG,Current,Revised,11/01/2017,09/15/2026,,Next release November 2026. Check wholesalers for inventory.,"Dilaudid, Injection, .2 mg/1 mL (NDC 76045-121-11)"
Insulin Lispro Injection,INSULIN LISPRO JUNIOR KWIKPEN,Eli Lilly and Company,Eli Lilly and Co.,0002-7752,0002-7752-05,SUBCUTANEOUS,Injection,Endocrinology/Metabolism,HUMAN PRESCRIPTION DRUG,To Be Discontinued,New,09/01/2026,09/01/2026,09/01/2026,"A business decision was made to discontinue manufacture of the drug. Distribution projected to end June 2027. If patients or prescribers have any questions, the Lilly Answers Center (1-800-545-5979) is available Monday through Friday from 9am to 8pm for assistance.","Insulin Lispro Junior KwikPen, Injection, 100 [iU]/1 mL (NDC 0002-7752-05)"
Dextrose Monohydrate 10% Injection,DEXTROSE,B. Braun Medical Inc.,B. Braun Medical Inc.,0264-7520,0264-7520-00,INTRAVENOUS,Injection,Endocrinology/Metabolism,HUMAN PRESCRIPTION DRUG,Current,Reverified,03/01/2022,09/09/2026,,,"Dextrose Monohydrate 10%, Injection, 10 g/100 mL (NDC 0264-7520-00)"
Rocuronium Bromide Injection,ROCURONIUM,"Fresenius Kabi USA, LLC","Fresenius Kabi USA, LLC",63323-426,63323-426-10,INTRAVENOUS,Injection,Anesthesia,HUMAN PRESCRIPTION DRUG,Current,Reverified,02/15/2023,09/15/2026,,Check wholesalers for inventory,"Rocuronium Bromide, Injection, 10 mg/1 mL (NDC 63323-426-10)"
Palbociclib Capsule,IBRANCE,Pfizer Laboratories Div Pfizer Inc,Pfizer Inc.,0069-0187,0069-0187-21,ORAL,Capsule,Oncology,HUMAN PRESCRIPTION DRUG,To Be Discontinued,New,04/22/2026,04/22/2026,04/22/2026,"Discontinuation of the manufacturing of the capsule presentation. 75 mg Tablet 
NDC 0069-0284-03 will continue to be manufactured.","Ibrance, Capsule, 75 mg (NDC 0069-0187-21)"
Belladonna and Opium Suppository,BELLADONNA AND OPIUM,Padagis US LLC,Padagis US LLC,0574-7045,0574-7045-12,RECTAL,Suppository,Analgesia/Addiction,HUMAN PRESCRIPTION DRUG,To Be Discontinued,New,07/23/2026,07/23/2026,07/23/2026,Discontinuation of the manufacture of the drug,"Belladonna and Opium, Suppository, 16.2 mg; 30 mg (NDC 0574-7045-12)"
"Methylphenidate Film, Extended Release",METHYLPHENIDATE TRANSDERMAL SYSTEM,PADAGIS US LLC,"Noven Pharmaceuticals, Inc.",0574-2420,0574-2420-65,TRANSDERMAL,"Film, Extended Release",Psychiatry,HUMAN PRESCRIPTION DRUG,Current,Reverified,02/28/2025,09/02/2026,,Distributed by Padagis US LLC,"Methylphenidate, Film, Extended Release, 20 mg (NDC 0574-2420-65)"
Ketorolac Tromethamine Injection,KETOROLAC TROMETHAMINE,"Fresenius Kabi USA, LLC","Fresenius Kabi USA, LLC",76045-107,76045-107-10,INTRAMUSCULAR,Injection,Analgesia/Addiction,HUMAN PRESCRIPTION DRUG,Current,Reverified,03/23/2018,09/15/2026,,Estimated recovery: TBD,"Ketorolac Tromethamine, Injection, 15 mg/1 mL (NDC 76045-107-10)"
Lidocaine Hydrochloride Injection,LIDOCAINE HYDROCHLORIDE,Hikma Pharmaceuticals USA Inc.,"Hikma Pharmaceuticals USA, Inc.",0143-9594,0143-9594-25,EPIDURAL,Injection,Anesthesia,HUMAN PRESCRIPTION DRUG,Current,Reverified,06/13/2018,09/03/2026,,Additional lots are scheduled to be manufactured.  Product will be made available as it is released.,"Lidocaine Hydrochloride, Preservative Free, Injection, 20 mg/1 mL (NDC 0143-9594-25)"
"Amphetamine Aspartate Monohydrate, Amphetamine Sulfate, Dextroamphetamine Saccharate, Dextroamphetamine Sulfate Tablet","DEXTROAMPHETAMINE SACCHARATE, AMPHETAMINE ASPARTATE, DEXTROAMPHETAMINE SULFATE AND AMPHETAMINE SULFATE","SUNRISE PHARMACEUTICAL, INC.","Sunrise Pharmaceutical, Inc.",11534-192,11534-192-01,ORAL,Tablet,Psychiatry,HUMAN PRESCRIPTION DRUG,Current,Reverified,10/12/2022,09/16/2026,,,"Amphetamine Aspartate Monohydrate, Amphetamine Sulfate, Dextroamphetamine Saccharate, Dextroamphetamine Sulfate, Tablet, 2.5 mg; 2.5 mg; 2.5 mg; 2.5 mg (NDC 11534-192-01)"
Technetium TC-99M Pyrophosphate Kit Injection,TECHNESCAN PYP,Curium US LLC,Curium US LLC,69945-094,69945-094-20,INTRAVENOUS,Injection,Medical Imaging,HUMAN PRESCRIPTION DRUG,Current,Reverified,12/27/2023,09/03/2026,,Available via allocation,"Technescan PYP, Injection, 11.9 mg/10 mL; 3.2 mg/10 mL (NDC 69945-094-20)"
Quinapril/Hydrochlorothiazide Tablet,QUINAPRIL HYDROCHLORIDE/HYDROCHLOROTHIAZIDE,Aurobindo Pharma Limited,Aurobindo Pharma USA,65862-163,65862-163-90,ORAL,Tablet,Cardiovascular,HUMAN PRESCRIPTION DRUG,Current,Reverified,01/19/2023,06/02/2026,,Discontinuation of the manufacture of the drug,"Quinapril Hydrochloride And Hydrochlorothiazide, Tablet, 25 mg; 20 mg (NDC 65862-163-90)"
Carboplatin Injection,CARBOPLATIN,Eugia US LLC,Eugia US LLC,55150-335,55150-335-01,INTRAVENOUS,Injection,Oncology,HUMAN PRESCRIPTION DRUG,Current,Revised,04/28/2023,09/03/2026,,On backorder. Recovery: late September 2026. Check wholesalers for inventory,"Carboplatin, Injection, 450 mg/45 mL (NDC 55150-335-01)"
Midazolam Hydrochloride Injection,MIDAZOLAM,"Fresenius Kabi USA, LLC","Fresenius Kabi USA, LLC",76045-211,76045-211-20,INTRAMUSCULAR,Injection,Anesthesia,HUMAN PRESCRIPTION DRUG,Current,Reverified,04/02/2020,09/15/2026,,Next release October 2026. Check wholesalers for inventory.,"Midazolam Hydrochloride Preservative Free, Injection, 2 mg/2 mL (NDC 76045-211-20)"
Lidocaine Hydrochloride Injection,XYLOCAINE MPF,"Fresenius Kabi USA, LLC","Fresenius Kabi USA, LLC",63323-495,63323-495-07,EPIDURAL,Injection,Anesthesia,HUMAN PRESCRIPTION DRUG,Current,Revised,02/22/2012,09/15/2026,,Next release September 2026. Check wholesalers for inventory.,"Xylocaine, Injection, 20 mg/1 mL (NDC 63323-495-07)"
Ivabradine Hydrochloride Tablet,CORLANOR,Amgen Inc,Amgen Inc.,55513-800,55513-800-60,ORAL,Tablet,Cardiovascular,HUMAN PRESCRIPTION DRUG,To Be Discontinued,New,03/24/2026,03/24/2026,01/01/2026,Discontinuation of the manufacture of the drug product,"Corlanor, Tablet, eq. 5 mg base (NDC 55513-800-60)"
Dextrose Monohydrate 5% Injection,DEXTROSE,"FRESENIUS KABI USA, LLC","Fresenius Kabi USA, LLC",65219-456,65219-456-60,INTRAVENOUS,Injection,Endocrinology/Metabolism,HUMAN PRESCRIPTION DRUG,Current,Reverified,02/14/2022,09/15/2026,,Check wholealers for inventory,"Dextrose 5% In Plastic Container, Injection, 50 mg/1 mL (NDC 65219-456-60)"
Ropivacaine Hydrochloride Injection,ROPIVACAINE HYDROCHLORIDE,"Somerset Therapeutics, LLC","Somerset Therapeutics, LLC",70069-061,70069-061-10,EPIDURAL,Injection,Anesthesia,HUMAN PRESCRIPTION DRUG,Current,Reverified,03/23/2018,09/11/2026,,,"Ropivacaine Hydrochloride, Injection, 2 mg/1 mL (NDC 70069-061-10)"
Phenobarbital Tablet,PHENOBARBITAL,"Par Health USA, LLC","Endo Pharmaceuticals, Inc.",0603-5167,0603-5167-21,ORAL,Tablet,Analgesia/Addiction,HUMAN PRESCRIPTION DRUG,To Be Discontinued,New,10/31/2025,10/31/2025,10/31/2025,Discontinuation of the manufacture of the drug,"Phenobarbital, Tablet, 64.8 mg (NDC 0603-5167-21)"
Bupivacaine Hydrochloride Injection,BUPIVACAINE HYDROCHLORIDE,Meitheal Pharmaceuticals Inc,Kindos Pharmaceuticals Co. Ltd.,71288-726,71288-726-52,PERINEURAL,Injection,Anesthesia,HUMAN PRESCRIPTION DRUG,To Be Discontinued,New,05/05/2026,05/05/2026,05/05/2026,Discontinuation of the manufacture of the drug,"Bupivacaine Hydrochloride, Injection, 5 mg/1 mL (NDC 71288-726-52)"
Methylprednisolone Acetate Injection,DEPO-MEDROL,Pharmacia & Upjohn Company LLC,Pfizer Inc.,0009-3073,0009-3073-01,INTRALESIONAL,Injection,Rheumatology,HUMAN PRESCRIPTION DRUG,Current,Revised,12/15/2021,09/08/2026,,Limited Supply Available. Next Delivery: October 2026; Estimated Recovery: December 2026,"Depo-medrol, Injection, 40 mg/1 mL (NDC 0009-3073-01)"
Lasmiditan Succinate Tablet,REYVOW,Eli Lilly and Company,Eli Lilly and Co.,0002-4491,0002-4491-61,ORAL,Tablet,Neurology,HUMAN PRESCRIPTION DRUG,To Be Discontinued,New,11/03/2025,11/03/2025,11/03/2025,"A business decision was made to discontinue manufacture of the 50 mg and 100 mg tablets. Distribution will end on May 31, 2026.","Reyvow, Tablet, 100 mg (NDC 0002-4491-61)"
Lidocaine Hydrochloride Injection,,"Hospira, Inc., a Pfizer Company","Hospira, Inc., a Pfizer Company",,0409-4903-34,,Injection,Analgesia/Addiction,,To Be Discontinued,New,11/07/2025,11/07/2025,11/07/2025,Discontinuation of the manufacture of the drug,"Lidocaine Hydrochloride, Injection, 2%, USP (For Cardiac Use Only)  100 mg/5 mL (20 mg/mL) LifeShield® ABBOJECT® Glass Syringe (20 G x 1 1/2) (NDC 0409-4903-34)"""
Dobutamine Hydrochloride Injection,DOBUTAMINE HYDROCHLORIDE IN DEXTROSE,Baxter Healthcare Corporation,Baxter Healthcare,0338-1075,0338-1075-02,INTRAVENOUS,Injection,Cardiovascular,HUMAN PRESCRIPTION DRUG,Current,Reverified,11/06/2017,09/17/2026,,,"Dobutamine Hydrochloride In Dextrose 5% In Plastic Container, Injection, 200 mg/100 mL (NDC 0338-1075-02)"
Sodium Bicarbonate Injection,SODIUM BICARBONATE,"Hospira, Inc.","Hospira, Inc., a Pfizer Company",0409-5555,0409-5555-02,INTRAVENOUS,Injection,Endocrinology/Metabolism,HUMAN PRESCRIPTION DRUG,Current,Revised,03/01/2017,09/09/2026,,Limited Supply Available. Next Delivery and Estimated Recovery: September 2026; Shortage per Manufacturer: Manufacturing Delay,"Sodium Bicarbonate, Injection, 2.5 mEq/5 mL (4.2%, 0.5 mEq/mL) (NDC 0409-5555-02)"
Quinapril Hydrochloride Tablet,QUINAPRIL,"Solco Healthcare US, LLC","Solco Healthcare US, LLC",43547-410,43547-410-09,ORAL,Tablet,Cardiovascular,HUMAN PRESCRIPTION DRUG,Current,Reverified,01/19/2023,06/29/2026,,Not available. Long-term backorder for all NDCs. No estimated release date at this time.,"Quinapril Hydrochloride, Tablet, 5 mg (NDC 43547-410-09)"
"Bupivacaine Hydrochloride, Epinephrine Bitartrate Injection",BUPIVACAINE HYDROCHLORIDE AND EPINEPHRINE,"Hospira, Inc.","Hospira, Inc., a Pfizer Company",0409-9045,0409-9045-17,EPIDURAL,Injection,Anesthesia,HUMAN PRESCRIPTION DRUG,Current,Revised,02/20/2018,09/09/2026,,Next Delivery and Estimated Recovery: December 2028; Shortage per Manufacturer: Manufacturing Delay,"Bupivacaine Hydrochloride and Epinephrine, Injection, 150 mg/30 mL (5 mg/mL) (NDC 0409-9045-17)"
Metronidazole Injection,METRONIDAZOLE,"Sun Pharmaceutical Industries, Inc.",Gland Pharma Limited,47335-993,47335-993-01,INTRAVENOUS,Injection,Anti-Infective,HUMAN PRESCRIPTION DRUG,Current,Reverified,01/13/2022,07/22/2026,,Discontinuation of the manufacture of the drug,"Metronidazole In Plastic Container, Injection, 500 mg/100 mL (NDC 47335-993-01)"
Lidocaine Hydrochloride Injection,LIDOCAINE,Hikma Pharmaceuticals USA Inc.,"Hikma Pharmaceuticals USA, Inc.",0143-9577,0143-9577-10,INFILTRATION,Injection,Anesthesia,HUMAN PRESCRIPTION DRUG,Current,Revised,06/13/2018,09/03/2026,,Additional lots are scheduled for manufacturing to meet demand.  Product will be made available as it is released.,"Lidocaine Hydrochloride, Injection, 10 mg/1 mL (NDC 0143-9577-10)"
Lidocaine Hydrochloride Injection,XYLOCAINE,"Fresenius Kabi USA, LLC","Fresenius Kabi USA, LLC",63323-485,63323-485-27,INFILTRATION,Injection,Anesthesia,HUMAN PRESCRIPTION DRUG,Current,Reverified,02/22/2012,09/15/2026,,Check wholesalers for inventory,"Xylocaine, Injection, 10 mg/1 mL (NDC 63323-485-27)"
Dopamine Hydrochloride Injection,DOPAMINE HYDROCHLORIDE AND DEXTROSE,Baxter Healthcare Corporation,Baxter Healthcare,0338-1007,0338-1007-02,INTRAVENOUS,Injection,Cardiovascular,HUMAN PRESCRIPTION DRUG,Current,Reverified,11/06/2017,09/17/2026,,,"Dopamine Hydrochloride In Dextrose 5% In Plastic Container, Injection, 160 mg/100 mL (NDC 0338-1007-02)"
Ursodiol Capsule,URSODIOL,Strides Pharma Science Limited,Strides Pharma Inc.,64380-844,64380-844-06,ORAL,Capsule,Other,HUMAN PRESCRIPTION DRUG,To Be Discontinued,New,04/06/2026,04/06/2026,04/06/2026,Discontinuation of the manufacture of the drug,"Ursodiol, Capsule, 300 mg (NDC 64380-844-06)"
Remifentanil Hydrochloride Injection,REMIFENTANIL HYDROCHLORIDE,"Fresenius Kabi USA, LLC","Fresenius Kabi USA, LLC",63323-725,63323-725-10,INTRAVENOUS,Injection,Analgesia/Addiction,HUMAN PRESCRIPTION DRUG,Current,Reverified,06/28/2022,09/15/2026,,Check wholesalers for inventory,"Remifentanil Hydrochloride, Injection, 1 mg/1 mL (NDC 63323-725-10)"
Carboplatin Injection,CARBOPLATIN,"Teva Parenteral Medicines, Inc.","Teva Pharmaceuticals USA, Inc.",0703-4244,0703-4244-01,INTRAVENOUS,Injection,Oncology,HUMAN PRESCRIPTION DRUG,Current,Revised,04/28/2023,09/15/2026,,Estimated recovery: January 2027,"Carboplatin, Injection, 10 mg/1 mL (NDC 0703-4244-01)"
Nebivolol Hydrochloride Tablet,,Torrent Pharmaceuticals Limited,Torrent Pharmaceuticals Limited,,13668-353-05,,Tablet,Cardiovascular,,To Be Discontinued,New,03/25/2026,03/25/2026,03/25/2026,Discontinuation of the manufacture of the drug,"Nebivolol Hydrochloride, Tablet, 2.5 mg (NDC 13668-353-05)"
Liraglutide Injection,LIRAGLUTIDE,Meitheal Pharmaceuticals Inc.,"Meitheal Pharmaceuticals, Inc.",71288-563,71288-563-84,SUBCUTANEOUS,Injection,Endocrinology/Metabolism,HUMAN PRESCRIPTION DRUG,Current,Revised,07/18/2023,08/27/2026,,,"Liraglutide, Injection, 6 mg/1 mL (NDC 71288-563-84)"
Lisdexamfetamine Dimesylate Capsule,LISDEXAMFETAMINE DIMESYLATE,"Elite Laboratories, Inc.","Elite Laboratories, Inc.",64850-550,64850-550-01,ORAL,Capsule,Psychiatry,HUMAN PRESCRIPTION DRUG,Current,Reverified,07/14/2023,09/16/2026,,Estimated recovery: TBD,"Lisdexamfetamine Dimesylate, Capsule, 10 mg (NDC 64850-550-01)"
Fentanyl Citrate Injection,FENTANYL CITRATE,"Hospira, Inc.","Hospira, Inc., a Pfizer Company",0409-9094,0409-9094-61,INTRAMUSCULAR,Injection,Analgesia/Addiction,HUMAN PRESCRIPTION DRUG,Current,Reverified,01/01/2012,09/09/2026,,,"Fentanyl Citrate, Injection, 2500 mcg/50 mL (50 ug/1 mL) (NDC 0409-9094-61)"
Bupivacaine Hydrochloride Injection,BUPIVACAINE HYDROCHLORIDE,"Camber Pharmaceuticals, Inc.",Aspiro Pharma Limited,31722-277,31722-277-34,EPIDURAL,Injection,Anesthesia,HUMAN PRESCRIPTION DRUG,Current,New,02/20/2018,07/17/2026,,,"Bupivacaine Hydrochloride, Injection, 7.5 mg/1 mL (NDC 31722-277-34)"
Ropivacaine Hydrochloride Injection,ROPIVACAINE HYDROCHLORIDE,Eugia US LLC,Eugia US LLC,55150-200,55150-200-10,EPIDURAL,Injection,Anesthesia,HUMAN PRESCRIPTION DRUG,Current,Reverified,03/23/2018,09/17/2026,,Check wholesalers for inventory,"Ropivacaine Hydrochloride, Injection, 10 mg/1 mL (NDC 55150-200-10)"
Clonazepam Tablet,CLONAZEPAM,Aurobindo Pharma Limited,Aurobindo Pharma USA,59651-722,59651-722-99,ORAL,Tablet,Neurology,HUMAN PRESCRIPTION DRUG,Current,Reverified,03/10/2023,06/02/2026,,,"Clonazepam, Tablet, .5 mg (NDC 59651-722-99)"
Pindolol Tablet,PINDOLOL,"Sun Pharmaceutical Industries, Inc.","Sun Pharmaceutical Industries, Inc.",57664-655,57664-655-88,ORAL,Tablet,Cardiovascular,HUMAN PRESCRIPTION DRUG,To Be Discontinued,New,01/30/2026,01/30/2026,01/30/2026,Discontinuation of the manufacture of the drug; Expiry date of last distributed batch January 2027,"Pindolol, Tablet, 5 mg (NDC 57664-655-88)"
Lisdexamfetamine Dimesylate Capsule,LISDEXAMFETAMINE DIMESYLATE,Rhodes Pharmaceuticals LLC,Rhodes Pharmaceuticals L.P.,42858-167,42858-167-01,ORAL,Capsule,Psychiatry,HUMAN PRESCRIPTION DRUG,Current,Revised,01/11/2024,06/24/2026,,Estimated recovery: TBD,"Lisdexamfetamine Dimesylate, Capsule, 70 mg (NDC 42858-167-01)"
"Doxycycline Hyclate Tablet, Delayed Release",DOXYCYCLINE HYCLATE,"Actavis Pharma, Inc.","Teva Pharmaceuticals USA, Inc.",0591-4575,0591-4575-60,ORAL,Tablet,Anti-Infective,HUMAN PRESCRIPTION DRUG,To Be Discontinued,New,07/30/2026,07/30/2026,07/30/2026,Discontinuation of the manufacture of the drug,"Doxycycline Hyclate, Tablet, Delayed Release, 200 mg (NDC 0591-4575-60)"
Albuterol Sulfate Solution,"ALBUTEROL SULFATE INHALATION SOLUTION, 0.5%","Ritedose Pharmaceuticals, LLC","Ritedose Pharmaceuticals, LLC",76204-027,76204-027-01,RESPIRATORY (INHALATION),Solution,Pediatric,HUMAN PRESCRIPTION DRUG,Resolved,Revised,10/25/2022,08/27/2026,,,"Albuterol Sulfate, Solution, 2.5 mg/.5 mL (NDC 76204-027-01)"
Rifampin Injection,RIFADIN IV,Sanofi-Aventis U.S. LLC,Sanofi-Aventis U.S. LLC,0068-0597,0068-0597-01,INTRAVENOUS,Injection,Anti-Infective,HUMAN PRESCRIPTION DRUG,To Be Discontinued,New,04/20/2026,04/20/2026,04/20/2026,Discontinuation of the manufacture of the drug,"Rifadin, Injection, 600 mg/10 mL (NDC 0068-0597-01)"
"Cefotaxime Sodium Powder, for Solution",CEFOTAXIME,Hikma Pharmaceuticals USA Inc.,"Hikma Pharmaceuticals USA, Inc.",0143-9930,0143-9930-10,INTRAMUSCULAR,"Powder, For Solution",Anti-Infective,HUMAN PRESCRIPTION DRUG,Current,Revised,02/17/2015,09/03/2026,,Estimated recovery: TBD,"Cefotaxime Sodium, Powder, for Solution, 500 mg (NDC 0143-9930-10)"
Nebivolol Hydrochloride Tablet,,Torrent Pharmaceuticals Limited,Torrent Pharmaceuticals Limited,,13668-356-90,,Tablet,Cardiovascular,,To Be Discontinued,New,03/25/2026,03/25/2026,03/25/2026,Discontinuation of the manufacture of the drug,"Nebivolol Hydrochloride, Tablet, 20 mg (NDC 13668-356-90)"
Lisdexamfetamine Dimesylate Capsule,LISDEXAMFETAMINE DIMESYLATE,Apotex Corp.,Apotex Corp.,60505-4745,60505-4745-1,ORAL,Capsule,Psychiatry,HUMAN PRESCRIPTION DRUG,Current,Reverified,11/01/2023,09/16/2026,,,"Lisdexamfetamine Dimesylate, Capsule, 70 mg (NDC 60505-4745-1)"
Everolimus Tablet,,"Endo Pharmaceuticals, Inc.","Endo Pharmaceuticals, Inc.",,49884-119-91,,Tablet,Transplant,,To Be Discontinued,New,01/06/2026,01/06/2026,01/06/2026,Discontinuation of the manufacture of the drug,"Everolimus, Tablet, 2.5 mg (NDC 49884-119-91)"
Bupivacaine Hydrochloride Injection,BUPIVACAINE HYDROCHLORIDE,"Hospira, Inc.","Hospira, Inc., a Pfizer Company",0409-1162,0409-1162-01,EPIDURAL,Injection,Anesthesia,HUMAN PRESCRIPTION DRUG,Current,Reverified,02/20/2018,09/09/2026,,,"Bupivacaine Hydrochloride, Injection, 50 mg/10 mL (5 mg/mL) (NDC 0409-1162-01)"
Ropivacaine Hydrochloride Injection,ROPIVACAINE HYDROCHLORIDE,"Somerset Therapeutics, LLC","Somerset Therapeutics, LLC",70069-064,70069-064-25,EPIDURAL,Injection,Anesthesia,HUMAN PRESCRIPTION DRUG,Current,Reverified,03/23/2018,09/11/2026,,,"Ropivacaine Hydrochloride, Injection, 5 mg/1 mL (NDC 70069-064-25)"
Amino Acid Injection,PLENAMINE,B. Braun Medical Inc.,B. Braun Medical Inc.,0264-4500,0264-4500-05,INTRAVENOUS,Injection,Gastroenterology,HUMAN PRESCRIPTION DRUG,Current,Reverified,12/08/2020,09/09/2026,,,"Plenamine, Injection, 0.15 (NDC 0264-4500-05)"
Palovarotene Capsule,SOHONOS,"Ipsen Biopharmaceuticals, Inc.","Ipsen Biopharmaceuticals, Inc.",15054-0025,15054-0025-1,ORAL,Capsule,Musculoskeletal,HUMAN PRESCRIPTION DRUG,To Be Discontinued,New,08/31/2026,08/31/2026,08/31/2026,Discontinuation of the manufacture of the drug,"SOHONOS, Capsule, 2.5 mg (NDC 15054-0025-1)"
Melphalan Hydrochloride Injection,MELPHALAN,"Fresenius Kabi USA, LLC","Fresenius Kabi USA, LLC",63323-760,63323-760-20,,Injection,Oncology,HUMAN PRESCRIPTION DRUG,To Be Discontinued,New,09/16/2026,09/16/2026,09/16/2026,Discontinuation of the manufacture of the drug,"Melphalan Hydrochloride, Injection, Kit (NDC 63323-760-20)"
"Amphetamine Aspartate Monohydrate, Amphetamine Sulfate, Dextroamphetamine Saccharate, Dextroamphetamine Sulfate Tablet","DEXTROAMPHETAMINE SACCHARATE, AMPHETAMINE ASPARTATE, DEXTROAMPHETAMINE SULFATE AND AMPHETAMINE SULFATE",Oryza Pharmaceuticals Inc.,Oryza Pharmaceuticals Inc.,72516-014,72516-014-01,ORAL,Tablet,Psychiatry,HUMAN PRESCRIPTION DRUG,Current,Reverified,10/12/2022,09/16/2026,,Estimated recovery: April 2027,"Amphetamine Aspartate Monohydrate, Amphetamine Sulfate, Dextroamphetamine Saccharate, Dextroamphetamine Sulfate, Tablet, 2.5 mg; 2.5 mg; 2.5 mg; 2.5 mg (NDC 72516-014-01)"
"Calcium Chloride; Dextrose; Magnesium Chloride; Sodium Chloride; Sodium Lactate Intraperitoneal Injection, Solution",DIANEAL LOW CALCIUM WITH DEXTROSE,Vantive US Healthcare LLC,Vantive US Healthcare LLC,0941-0459,0941-0459-05,INTRAPERITONEAL,Solution,Renal,HUMAN PRESCRIPTION DRUG,To Be Discontinued,New,08/03/2026,08/03/2026,08/03/2026,A business decision was made to discontinue manufacture of the drug.,"DIANEAL Low Calcium with Dextrose, Intraperitoneal Injection, Solution, 18.3 mg/100 mL; 4.25 g/100 mL; 5.08 mg/100 mL; 538 mg/100 mL; 448 mg/100 mL (NDC 0941-0459-05)"
Ropivacaine Hydrochloride Injection,ROPIVACAINE HYDROCHLORIDE,"Somerset Therapeutics, LLC","Somerset Therapeutics, LLC",70069-063,70069-063-25,EPIDURAL,Injection,Anesthesia,HUMAN PRESCRIPTION DRUG,Current,Reverified,03/23/2018,09/11/2026,,,"Ropivacaine Hydrochloride, Injection, 5 mg/1 mL (NDC 70069-063-25)"
Clonazepam Tablet,CLONAZEPAM,Solco Healthcare LLC,"Prinston Pharmaceutical, Inc.",43547-406,43547-406-10,ORAL,Tablet,Neurology,HUMAN PRESCRIPTION DRUG,Current,Reverified,03/10/2023,09/02/2026,,Marketed by Solco Healthcare,"Clonazepam, Tablet, .5 mg (NDC 43547-406-10)"
Atropine Sulfate Injection,ATROPINE SULFATE,Hikma Pharmaceuticals USA Inc.,"Hikma Pharmaceuticals USA, Inc.",0641-6251,0641-6251-10,ENDOTRACHEAL,Injection,Anesthesia,HUMAN PRESCRIPTION DRUG,Current,Reverified,12/20/2023,09/03/2026,,,"Atropine Sulfate, Injection, 0.4 mg/1 mL (NDC 0641-6251-10)"
Methylprednisolone Acetate Injection,DEPO-MEDROL,Pharmacia & Upjohn Company LLC,Pfizer Inc.,0009-3073,0009-3073-22,INTRALESIONAL,Injection,Rheumatology,HUMAN PRESCRIPTION DRUG,Current,Revised,12/15/2021,09/08/2026,,Next Delivery: October 2026; Estimated Recovery: December 2026,"Depo-medrol, Injection, 40 mg/1 mL (NDC 0009-3073-22)"
Ifosfamide Injection,IFEX,Baxter Healthcare Corporation,Baxter Healthcare,0338-3993,0338-3993-01,INTRAVENOUS,Injection,Oncology,HUMAN PRESCRIPTION DRUG,Current,Reverified,06/12/2026,09/17/2026,,Estimated recovery: October 2026,"IFEX, Injection, 3 g/60 mL (NDC 0338-3993-01)"
Amino Acid Injection,TRAVASOL,Baxter Healthcare Corporation,Baxter Healthcare,0338-0644,0338-0644-04,INTRAVENOUS,Injection,Gastroenterology,HUMAN PRESCRIPTION DRUG,Current,Reverified,12/08/2020,09/17/2026,,,"Travasol, Injection, 2.07 g/100 mL; 1.15 g/100 mL; 1.03 g/100 mL; 480 mg/100 mL; 600 mg/100 mL; 730 mg/100 mL; 580 mg/100 mL; 400 mg/100 mL; 560 mg/100 mL; 680 mg/100 mL; 500 mg/100 mL; 420 mg/100 mL; 180 mg/100 mL; 40 mg/100 mL; 580 mg/100 mL (NDC 0338-0644-04)"
Bumetanide Injection,BUMETANIDE,Novadoz Pharmaceuticals LLC,MSN Laboratories Private Limited,72205-102,72205-102-07,INTRAMUSCULAR,Injection,Cardiovascular,HUMAN PRESCRIPTION DRUG,Current,Reverified,12/13/2017,09/16/2026,,,"Bumetanide, Injection, 0.25 mg/1 mL (NDC 72205-102-07)"
Dexmedetomidine Hydrochloride Injection,PRECEDEX,"Hospira, Inc.",Pfizer Inc.,0409-1660,0409-1660-20,INTRAVENOUS,Injection,Anesthesia,HUMAN PRESCRIPTION DRUG,Current,Reverified,04/10/2020,09/08/2026,,,"Precedex, Injection, 80 mcg/20 mL (4 mcg/mL) (NDC 0409-1660-20)"
Ropivacaine Hydrochloride Injection,NAROPIN,"Fresenius Kabi USA, LLC","Fresenius Kabi USA, LLC",63323-285,63323-285-13,EPIDURAL,Injection,Anesthesia,HUMAN PRESCRIPTION DRUG,Current,Reverified,03/23/2018,09/15/2026,,Check wholesaler for inventory,"Naropin, Injection, 2 mg/1 mL (NDC 63323-285-13)"
"Methylphenidate Hydrochloride Tablet, Extended Release",METHYLPHENIDATE HYDROCHLORIDE,"Lannett Company, Inc.","Lannett Company, Inc.",62175-310,62175-310-37,ORAL,Tablet,Psychiatry,HUMAN PRESCRIPTION DRUG,Current,Reverified,07/26/2023,09/15/2026,,,"Methylphenidate Hydrochloride, Tablet, Extended Release, 18 mg (NDC 62175-310-37)"
Gadobutrol Injection,GADOBUTROL,"Fresenius Kabi USA, LLC","Jiangsu Hengrui Pharmaceuticals Co., Ltd.",65219-281,65219-281-07,INTRAVENOUS,Injection,Medical Imaging,HUMAN PRESCRIPTION DRUG,To Be Discontinued,New,06/30/2026,06/30/2026,06/30/2026,"Discontinuance of single dose vials, the other two Imaging Bulk Package(IBP) strengths are to remain in supply: the IBP strengths (18.1416 g/30 mL and 39.3068 g/65 mL); Marketed by Fresenius Kabi, USA","Gadobutrol, Injection, 604.72 mg/mL (NDC 65219-281-07)"
Carboplatin Injection,CARBOPLATIN,Apotex Corp.,Teyro Labs,60505-6282,60505-6282-1,INTRAVENOUS,Injection,Oncology,HUMAN PRESCRIPTION DRUG,Current,Reverified,04/28/2023,09/16/2026,,Wholesaler & Distributor through Marketing partner (Apotex Inc.); Discontinuation of the manufacture of the drug,"Carboplatin, Injection, 50 mg/5 mL (10 mg/mL) Multiple Dose Vial (NDC 60505-6282-1)"
Sterile Water Injection,BACTERIOSTATIC WATER,"Hospira, Inc.","Hospira, Inc., a Pfizer Company",0409-3977,0409-3977-03,INTRAMUSCULAR,Injection,Other,HUMAN PRESCRIPTION DRUG,Current,Revised,12/03/2021,09/09/2026,,,"Bacteriostatic Water For Injection In Plastic Container, Injection, 1 mL/1 mL (NDC 0409-3977-03)"
Cobicistat Tablet,TYBOST,"Gilead Sciences, Inc.","Gilead Sciences, Inc.",61958-1401,61958-1401-1,ORAL,Tablet,Antiviral,HUMAN PRESCRIPTION DRUG,To Be Discontinued,New,10/07/2025,10/07/2025,10/07/2025,Gilead plans to sell through the end of February 2026. Discontinuation of the manufacture of the drug due to business reasons.,"Tybost, Tablet, 150 mg (NDC 61958-1401-1)"
Pramlintide Acetate Injection,SYMLINPEN,AstraZeneca Pharmaceuticals LP,AstraZeneca AB,0310-6627,0310-6627-02,SUBCUTANEOUS,Injection,Endocrinology/Metabolism,HUMAN PRESCRIPTION DRUG,To Be Discontinued,New,10/27/2025,10/27/2025,10/27/2025,Discontinuation of the manufacture of the drug.,"SymlinPen® 120 , Injection, 1000 ug/1 mL (NDC 0310-6627-02)"
"Methylphenidate Hydrochloride Tablet, Extended Release",METHYLPHENIDATE HYDROCHLORIDE,"Trigen Laboratories, LLC","Trigen Laboratories, LLC",13811-710,13811-710-30,ORAL,Tablet,Psychiatry,HUMAN PRESCRIPTION DRUG,Current,Reverified,07/26/2023,09/16/2026,,Allocation to current contracted customers,"Methylphenidate Hydrochloride, Tablet, Extended Release, 72 mg (NDC 13811-710-30)"
Glyburide Tablet,GLYBURIDE,TEVA Pharmaceuticals USA Inc,Sanofi-Aventis U.S. LLC,0093-9433,0093-9433-01,ORAL,Tablet,Endocrinology/Metabolism,HUMAN PRESCRIPTION DRUG,To Be Discontinued,New,08/10/2026,08/10/2026,08/10/2026,A business decision was made to discontinue manufacture of the drug.,"Diabeta, Tablet, 2.5 mg (NDC 0093-9433-01)"
Carboplatin Injection,CARBOPLATIN,"Hospira, Inc.","Hospira, Inc., a Pfizer Company",61703-262,61703-262-05,INTRAVENOUS,Injection,Oncology,HUMAN PRESCRIPTION DRUG,Current,Revised,04/28/2023,09/09/2026,,Next Delivery and Estimated Recovery: September 2026; Shortage per Manufacturer: Manufacturing Delay,"Carboplatin, Injection, 450 mg/45 mL (10 mg/mL) (NDC 61703-262-05)"
Belladonna and Opium Suppository,BELLADONNA AND OPIUM,Padagis US LLC,Padagis US LLC,0574-7040,0574-7040-12,RECTAL,Suppository,Analgesia/Addiction,HUMAN PRESCRIPTION DRUG,To Be Discontinued,New,07/23/2026,07/23/2026,07/23/2026,Discontinuation of the manufacture of the drug,"Belladonna and Opium, Suppository, 16.2 mg; 60 mg (NDC 0574-7040-12)"
Dexmedetomidine Hydrochloride Injection,,Baxter Healthcare,Baxter Healthcare,,0338-9555-24,,Injection,Anesthesia,,Current,Revised,04/10/2020,08/17/2026,,Estimated recovery: September 2026,"Dexmedetomidine Hydrochloride, Injection, 200 ug/50 mL (NDC 0338-9555-24)"
Rocuronium Bromide Injection,ROCURONIUM BROMIDE,Mylan Institutional LLC,"Mylan Institutional, a Viatris Company",67457-228,67457-228-10,INTRAVENOUS,Injection,Anesthesia,HUMAN PRESCRIPTION DRUG,Current,Reverified,02/15/2023,09/17/2026,,,"Rocuronium Bromide, Injection, 10 mg/1 mL (NDC 67457-228-10)"
Metronidazole Injection,METRONIDAZOLE,Sagent Pharmaceuticals,InfoRLife SA,25021-131,25021-131-82,INTRAVENOUS,Injection,Anti-Infective,HUMAN PRESCRIPTION DRUG,Current,Revised,01/13/2022,08/18/2026,,Estimated recovery: August 2026; Marketed by Sagent Pharmaceuticals,"Metronidazole, Injection, 500 mg/100 mL (NDC 25021-131-82)"
Irinotecan Hydrochloride Injection,IRINOTECAN HYDROCHLORIDE,Sagent Pharmaceuticals,"Jiangsu Hengrui Pharmaceuticals Co. (US Agent eVenus Pharmaceutical Laboratories, Inc.)",25021-230,25021-230-02,INTRAVENOUS,Injection,Oncology,HUMAN PRESCRIPTION DRUG,To Be Discontinued,New,09/26/2025,09/26/2025,09/26/2025,Discontinuation of the manufacture of the drug; Distributed by Sagent Pharmaceuticals,"Irinotecan Hydrochloride, Injection, 40 mg/2 mL (NDC 25021-230-02)"
Caspofungin Acetate Injection,CASPOFUNGIN ACETATE,"Fresenius Kabi USA, LLC","Fresenius Kabi USA, LLC",63323-358,63323-358-10,INTRAVENOUS,Injection,Anti-Infective,HUMAN PRESCRIPTION DRUG,To Be Discontinued,New,01/12/2026,01/12/2026,01/12/2026,Discontinuation of the manufacture of the drug,"Caspofungin Acetate, Injection, 7 mg/1 mL (NDC 63323-358-10)"
Bupivacaine Hydrochloride Injection,BUPIVACAINE HYDROCHLORIDE,"Hospira, Inc.","Hospira, Inc., a Pfizer Company",0409-1165,0409-1165-02,EPIDURAL,Injection,Anesthesia,HUMAN PRESCRIPTION DRUG,Current,Reverified,02/20/2018,09/09/2026,,,"Bupivacaine Hydrochloride, Injection, 225 mg/30 mL (7.5 mg/mL) (NDC 0409-1165-02)"
Dextrose Monohydrate 5% Injection,DEXTROSE,Baxter Healthcare Company,Baxter Healthcare,0338-0551,0338-0551-11,INTRAVENOUS,Injection,Endocrinology/Metabolism,HUMAN PRESCRIPTION DRUG,Current,Reverified,02/14/2022,09/17/2026,,,"Dextrose 5% In Plastic Container, Injection, 5 g/100 mL (NDC 0338-0551-11)"
Sodium Acetate Injection,SODIUM ACETATE,"Hospira, Inc.","Hospira, Inc., a Pfizer Company",0409-3299,0409-3299-06,INTRAVENOUS,Injection,Endocrinology/Metabolism,HUMAN PRESCRIPTION DRUG,Current,Reverified,02/03/2016,08/24/2026,,Next Delivery and Estimated Recovery: September 2026. Shortage per Manufacturer: Manufacturing Delay,"Sodium Acetate, Injection, 200 mEq/100 mL (2 mEq/mL) (NDC 0409-3299-06)"
Nilutamide Tablet,,Advanz Pharma (US) Corp.,Advanz Pharma (US) Corp.,,59212-111-14,,Tablet,Oncology,,To Be Discontinued,New,12/01/2025,12/01/2025,12/01/2025,Product to expire in March 2026; Discontinuation of the manufacture of the drug,"Nilandron, Tablet, 150 mg (NDC 59212-111-14)"
Liraglutide Injection,LIRAGLUTIDE,"Teva Pharmaceuticals USA, Inc.","Novo Nordisk, Inc.",0480-3667,0480-3667-22,SUBCUTANEOUS,Injection,Endocrinology/Metabolism,HUMAN PRESCRIPTION DRUG,Current,Revised,07/18/2023,08/25/2026,,Distributed by Teva,"Liraglutide, Injection, 6 mg/1 mL (NDC 0480-3667-22)"
Clonazepam Tablet,CLONAZEPAM,"Teva Pharmaceuticals USA, Inc.","Teva Pharmaceuticals USA, Inc.",0093-3212,0093-3212-05,ORAL,Tablet,Neurology,HUMAN PRESCRIPTION DRUG,Current,Reverified,03/10/2023,09/15/2026,,,"Clonazepam, Tablet, 1 mg (NDC 0093-3212-05)"
Cisatracurium Besylate Injection,CISATRACURIUM BESYLATE,"Hospira, Inc.","Hospira, Inc., a Pfizer Company",0409-1098,0409-1098-02,INTRAVENOUS,Injection,Analgesia/Addiction,HUMAN PRESCRIPTION DRUG,To Be Discontinued,New,09/11/2026,09/11/2026,09/11/2026,Supply expected to exhaust November  2026; Discontinuation of the manufacture of the drug,"Cisatracurium Besylate, Injection, 10 mg/5ml (2 mg/mL) Single Dose Vial (NDC 0409-1098-02)"
Epinephrine Injection,,"Hospira, Inc., a Pfizer Company","Hospira, Inc., a Pfizer Company",,0409-4933-10,,Injection,Cardiovascular,,To Be Discontinued,New,11/07/2025,11/07/2025,11/07/2025,Discontinuation of the manufacture of the drug,"Epinephrine, Injection, .1 mg/1 mL (NDC 0409-4933-10)"
Bupivacaine Hydrochloride Injection,BUPIVACAINE HYDROCHLORIDE,Eugia US LLC,Eugia US LLC,55150-168,55150-168-30,EPIDURAL,Injection,Anesthesia,HUMAN PRESCRIPTION DRUG,Current,Reverified,02/20/2018,09/17/2026,,Check wholesalers for inventory,"Bupivacaine Hydrochloride, Injection, 2.5 mg/1 mL (NDC 55150-168-30)"
Midazolam Hydrochloride Injection,MIDAZOLAM,"Fresenius Kabi USA, LLC","Fresenius Kabi USA, LLC",63323-411,63323-411-25,INTRAMUSCULAR,Injection,Anesthesia,HUMAN PRESCRIPTION DRUG,Current,Reverified,04/02/2020,09/15/2026,,Check wholesalers for inventory,"Midazolam Hydrochloride, Injection, 1 mg/1 mL (NDC 63323-411-25)"
Leflunomide Tablet,ARAVA,sanofi-aventis U.S. LLC,Sanofi-Aventis U.S. LLC,0088-2162,0088-2162-33,ORAL,Tablet,Rheumatology,HUMAN PRESCRIPTION DRUG,To Be Discontinued,New,06/08/2026,06/08/2026,06/08/2026,Discontinuation of the manufacture of the drug,"Arava, Tablet, 100 mg (NDC 0088-2162-33)"
Clindamycin Phosphate Injection,CLINDAMYCIN IN 5 PERCENT DEXTROSE,Sandoz Inc,Sandoz Inc.,0781-3288,0781-3288-09,INTRAVENOUS,Injection,Anti-Infective,HUMAN PRESCRIPTION DRUG,Current,Reverified,03/21/2023,09/03/2026,,,"Clindamycin Phosphate In 5% Dextrose In Plastic Container, Injection, 6 mg/1 mL (NDC 0781-3288-09)"
"Bupivacaine Hydrochloride, Epinephrine Bitartrate Injection",SENSORCAINE MPF,"Fresenius Kabi USA, LLC","Fresenius Kabi USA, LLC",63323-462,63323-462-17,EPIDURAL,Injection,Anesthesia,HUMAN PRESCRIPTION DRUG,Current,Reverified,02/20/2018,09/15/2026,,Check wholesalers for inventory,"Sensorcaine, Injection, 5 mg/1 mL; .005 mg/1 mL (NDC 63323-462-17)"
Dextrose Monohydrate 5% Injection,DEXTROSE,"ICU Medical, Inc.",Otsuka ICU Medical LLC,0990-7922,0990-7922-09,INTRAVENOUS,Injection,Endocrinology/Metabolism,HUMAN PRESCRIPTION DRUG,Current,Reverified,02/14/2022,09/16/2026,,"This product is distributed by ICU Medical. For questions regarding this product, please contact ICU Medical.","Dextrose 5% In Plastic Container, Injection, 5 g/100 mL (NDC 0990-7922-09)"
Succinylcholine Chloride Injection,SUCCINYLCHOLINE CHLORIDE,"Fresenius Kabi USA, LLC","Fresenius Kabi USA, LLC",63323-943,63323-943-10,INTRAMUSCULAR,Injection,Anesthesia,HUMAN PRESCRIPTION DRUG,To Be Discontinued,New,07/23/2026,07/23/2026,07/23/2026,Discontinuation of the manufacture of the drug,"Succinylcholine Chloride, Injection, 20 mg/1 mL (NDC 63323-943-10)"
Midazolam Hydrochloride Injection,MIDAZOLAM,"Hospira, Inc.","Hospira, Inc., a Pfizer Company",0409-2596,0409-2596-03,INTRAMUSCULAR,Injection,Anesthesia,HUMAN PRESCRIPTION DRUG,Current,Revised,04/02/2020,09/09/2026,,Next Delivery and Estimated Recovery: September 2026,"Midazolam Hydrochloride, Injection, 25 mg/5 mL (5 mg/mL) (NDC 0409-2596-03)"
Lidocaine Hydrochloride Injection,LIDOCAINE HYDROCHLORIDE AND DEXTROSE,Baxter Healthcare Corporation,Baxter Healthcare,0338-0409,0338-0409-03,INTRAVENOUS,Injection,Cardiovascular,HUMAN PRESCRIPTION DRUG,Current,Reverified,10/25/2017,09/17/2026,,,"Lidocaine Hydrochloride And Dextrose, Injection, 4 mg/1 mL (NDC 0338-0409-03)"
Clonazepam Tablet,CLONAZEPAM,Advagen Pharma Ltd,Rubicon Research Private Limited,72888-152,72888-152-00,ORAL,Tablet,Neurology,HUMAN PRESCRIPTION DRUG,Current,Reverified,03/10/2023,06/01/2026,,Marketed by Advagen Pharma Ltd.,"Clonazepam, Tablet, .5 mg (NDC 72888-152-00)"
Acetaminophen; Oxycodone Hydrochloride Tablet,ENDOCET,"Par Health USA, LLC","Endo Pharmaceuticals, Inc.",60951-701,60951-701-70,ORAL,Tablet,Analgesia/Addiction,HUMAN PRESCRIPTION DRUG,To Be Discontinued,New,11/03/2025,11/03/2025,11/03/2025,Discontinuation of the manufacture of the drug,"Acetaminophen; Oxycodone Hydrochloride, Tablet, 325 mg; 2.5 mg (NDC 60951-701-70)"
"Epinephrine Bitartrate, Lidocaine Hydrochloride Injection",XYLOCAINE MPF,"Fresenius Kabi USA, LLC","Fresenius Kabi USA, LLC",63323-487,63323-487-17,EPIDURAL,Injection,Anesthesia,HUMAN PRESCRIPTION DRUG,Current,Reverified,10/14/2016,09/15/2026,,Check wholesalers for inventory,"Xylocaine, Injection, .005 mg/1 mL; 10 mg/1 mL (NDC 63323-487-17)"
Tiagabine Hydrochloride Tablet,TIAGABINE HYDROCHLORIDE,"Teva Pharmaceuticals USA, Inc.","Teva Pharmaceuticals USA, Inc.",0093-5031,0093-5031-56,ORAL,Tablet,Neurology,HUMAN PRESCRIPTION DRUG,To Be Discontinued,New,04/15/2026,04/15/2026,04/15/2026,Discontinuation of the manufacture of the drug,"Tiagabine Hydrochloride, Tablet, 4mg 30 count (NDC 0093-5031-56)"
Paricalcitol Capsule,ZEMPLAR,AbbVie Inc.,AbbVie Inc.,0074-9037,0074-9037-30,ORAL,Capsule,Endocrinology/Metabolism,HUMAN PRESCRIPTION DRUG,To Be Discontinued,New,10/07/2025,10/07/2025,10/07/2025,Discontinuation of the manufacture of the drug,"Zemplar, Capsule, 2 ug (NDC 0074-9037-30)"
Lisdexamfetamine Dimesylate Capsule,LISDEXAMFETAMINE DIMESYLATE,Alvogen Inc.,Alvogen,47781-566,47781-566-01,ORAL,Capsule,Psychiatry,HUMAN PRESCRIPTION DRUG,Current,Reverified,07/14/2023,09/17/2026,,,"Lisdexamfetamine Dimesylate, Capsule, 50 mg (NDC 47781-566-01)"
Dexmedetomidine Hydrochloride Injection,DEXMEDETOMIDINE,Accord Healthcare Inc.,Accord Healthcare Inc.,16729-239,16729-239-93,INTRAVENOUS,Injection,Anesthesia,HUMAN PRESCRIPTION DRUG,Current,Reverified,04/10/2020,09/15/2026,,Discontinuation of the manufacture of the drug,"Dexmedetomidine Hydrochloride, Injection, 100 ug/1 mL (NDC 16729-239-93)"
Clonazepam Tablet,KLONOPIN,"H2-Pharma, LLC",Cheplapharm Arzneimittel GmbH,61269-610,61269-610-10,ORAL,Tablet,Neurology,HUMAN PRESCRIPTION DRUG,Current,Reverified,03/10/2023,09/16/2026,,Marketed by H2-Pharma,"Klonopin, Tablet, 1 mg (NDC 61269-610-10)"
Flurazepam Hydrochloride Capsule,FLURAZEPAM HYDROCHLORIDE,"Chartwell RX, LLC",Chartwell Molecular Holdings LLC,62135-736,62135-736-30,ORAL,Capsule,Neurology,HUMAN PRESCRIPTION DRUG,Current,Reverified,08/03/2022,09/15/2026,,,"Flurazepam Hydrochloride, Capsule, 15 mg (NDC 62135-736-30)"
Bupivacaine Hydrochloride Injection,MARCAINE SPINAL,"Hospira, Inc.","Hospira, Inc., a Pfizer Company",0409-1761,0409-1761-62,SUBARACHNOID,Injection,Analgesia/Addiction,HUMAN PRESCRIPTION DRUG,Current,Reverified,02/20/2018,09/09/2026,,,"Marcaine, Injection, 0.75% 15 mg/2 mL (NDC 0409-1761-62)"
Rocuronium Bromide Injection,ROCURONIUM BROMIDE,Eugia US LLC,Eugia US LLC,55150-225,55150-225-05,INTRAVENOUS,Injection,Anesthesia,HUMAN PRESCRIPTION DRUG,Current,Reverified,02/15/2023,09/17/2026,,Check wholesalers for inventory,"Rocuronium Bromide, Injection, 50 mg/5 mL (NDC 55150-225-05)"
"Methylphenidate Hydrochloride Tablet, Extended Release",METHYLPHENIDATE HYDROCHLORIDE,"Lannett Company, Inc.","Lannett Company, Inc.",62175-312,62175-312-37,ORAL,Tablet,Psychiatry,HUMAN PRESCRIPTION DRUG,Current,Revised,07/26/2023,09/15/2026,,Estimated recovery: November 2026,"Methylphenidate Hydrochloride, Tablet, Extended Release, 36 mg (NDC 62175-312-37)"
"Epinephrine Bitartrate, Lidocaine Hydrochloride Injection",XYLOCAINE MPF,"Fresenius Kabi USA, LLC","Fresenius Kabi USA, LLC",63323-488,63323-488-37,EPIDURAL,Injection,Anesthesia,HUMAN PRESCRIPTION DRUG,Current,Reverified,10/14/2016,09/15/2026,,Check wholesalers for inventory,"Xylocaine, Injection, .005 mg/1 mL; 15 mg/1 mL (NDC 63323-488-37)"
Dexmedetomidine Hydrochloride Injection,DEXMEDETOMIDINE,Mylan Institutional LLC,"Mylan Institutional, a Viatris Company",67457-251,67457-251-02,INTRAVENOUS,Injection,Anesthesia,HUMAN PRESCRIPTION DRUG,Current,Reverified,04/10/2020,09/17/2026,,,"Dexmedetomidine Hydrochloride, Injection, 100 ug/1 mL (NDC 67457-251-02)"
Hydromorphone Hydrochloride Injection,HYDROMORPHONE HYDROCHLORIDE,"Hospira, Inc.","Hospira, Inc., a Pfizer Company",0409-1805,0409-1805-01,INTRAMUSCULAR,Injection,Analgesia/Addiction,HUMAN PRESCRIPTION DRUG,Current,Revised,11/01/2017,09/09/2026,,Next Delivery and Estimated Recovery: December 2026; Shortage per Manufacturer: Manufacturing Delay,"Hydromorphone Hydrochloride, Injection, 0.25 mg/ 0.5 mL NexJect™ Single-dose Syringe Luer Lock (no needle) (NDC 0409-1805-01)"
"Carbamazepine Capsule, Extended Release",CARBATROL,"Takeda Pharmaceuticals America, Inc.",Takeda Pharmaceuticals USA Inc.,54092-173,54092-173-12,ORAL,"Capsule, Extended Release",Neurology,HUMAN PRESCRIPTION DRUG,To Be Discontinued,New,12/19/2025,12/19/2025,12/19/2025,Discontinuation of the manufacture of the drug,"Carbatrol, Capsule, Extended Release, 300 mg (NDC 54092-173-12)"
Prazosin Hydrochloride Capsule,,Pfizer Inc.,Pfizer Inc.,,0069-4370-71,,Capsule,Cardiovascular,,To Be Discontinued,New,04/28/2023,04/28/2023,04/28/2023,Discontinuation of the manufacture of the drug. Supply expected to exhaust in September 2023,"Minipress, Capsule, 2 mg (NDC 0069-4370-71)"
Lisdexamfetamine Dimesylate Capsule,LISDEXAMFETAMINE DIMESYLATE,"Elite Laboratories, Inc.","Elite Laboratories, Inc.",64850-552,64850-552-01,ORAL,Capsule,Psychiatry,HUMAN PRESCRIPTION DRUG,Current,Reverified,07/14/2023,09/16/2026,,Estimated recovery: TBD,"Lisdexamfetamine Dimesylate, Capsule, 30 mg (NDC 64850-552-01)"
Dextrose Monohydrate 5% Injection,DEXTROSE,Baxter Healthcare Corporation,Baxter Healthcare,0338-0017,0338-0017-48,INTRAVENOUS,Injection,Endocrinology/Metabolism,HUMAN PRESCRIPTION DRUG,Current,Reverified,02/14/2022,09/17/2026,,,"Dextrose 5% In Plastic Container, Injection, 50 g/1000 mL (NDC 0338-0017-48)"
Dapsone Gel,DAPSONE,Amneal Pharmaceuticals NY LLC,Amneal Pharmaceuticals,69238-1627,69238-1627-6,TOPICAL,Gel,Dermatology,HUMAN PRESCRIPTION DRUG,To Be Discontinued,New,03/27/2026,03/27/2026,03/27/2026,Discontinuation of the manufacture of the drug,"Dapsone, Gel, 7.5% (NDC 69238-1627-6)"
Furosemide Injection,FUROSEMIDE,Sagent Pharmaceuticals,Gland Pharma Limited,25021-311,25021-311-02,INTRAMUSCULAR,Injection,Cardiovascular,HUMAN PRESCRIPTION DRUG,Current,Reverified,04/07/2020,07/22/2026,,"Distributed by Sagent Pharmaceuticals: 1-866-625-1618, Discontinued product","Furosemide, Injection, 10 mg/1 mL (NDC 25021-311-02)"
Allopurinol Tablet,ALLOPURINOL,"Actavis Pharma, Inc.","Teva Pharmaceuticals USA, Inc.",0591-5543,0591-5543-10,ORAL,Tablet,Oncology,HUMAN PRESCRIPTION DRUG,To Be Discontinued,New,02/19/2026,02/19/2026,02/19/2026,Discontinuation of the manufacture of the drug,"Allopurinol, Tablet, 100 mg (NDC 0591-5543-10)"
Atropine Sulfate Injection,ATROPINE SULFATE,Accord Healthcare Inc.,Accord Healthcare Inc.,16729-512,16729-512-43,ENDOTRACHEAL,Injection,Anesthesia,HUMAN PRESCRIPTION DRUG,Current,Reverified,01/01/2012,09/01/2026,,Estimated recovery: TBD,"Atropine Sulfate, Injection, .4 mg/1 mL (NDC 16729-512-43)"
"Lisdexamfetamine Dimesylate Tablet, Chewable",VYVANSE,"Takeda Pharmaceuticals America, Inc.",Takeda Pharmaceuticals USA Inc.,59417-116,59417-116-01,ORAL,"Tablet, Chewable",Psychiatry,HUMAN PRESCRIPTION DRUG,Current,Reverified,07/14/2023,09/15/2026,,,"Vyvanse, Tablet, Chewable, 20 mg (NDC 59417-116-01)"
Dopamine Hydrochloride Injection,DOPAMINE HYDROCHLORIDE IN DEXTROSE,"Hospira, Inc.","Hospira, Inc., a Pfizer Company",0409-1858,0409-1858-12,INTRAVENOUS,Injection,Cardiovascular,HUMAN PRESCRIPTION DRUG,Current,Revised,11/06/2017,09/11/2026,,,"Dopamine Hydrochloride In Dextrose 5% In Plastic Container, Injection, 800 mg/250 mL (3.2 mg/1 mL) (NDC 0409-1858-12)"
Dexamethasone Sodium Phosphate Injection,,"Fresenius Kabi USA, LLC","Fresenius Kabi USA, LLC",,76045-0212-10,,Injection,Dermatology,,Current,Revised,02/08/2019,09/15/2026,,3 month expiry available on request. Next release not available at this time.,"Dexamethasone Sodium Phosphate, Injection, 10 mg/1 mL (NDC 76045-0212-10)"
Heparin Sodium Injection,HEPARIN SODIUM IN SODIUM CHLORIDE,Baxter Healthcare Corporation,Baxter Healthcare,0338-0433,0338-0433-04,INTRAVENOUS,Injection,Hematology,HUMAN PRESCRIPTION DRUG,Current,Reverified,11/14/2017,09/17/2026,,,"Heparin Sodium In Sodium Chloride, Injection, 200 [USP'U]/100 mL (NDC 0338-0433-04)"
"Calcium Chloride; Dextrose; Magnesium Chloride; Sodium Chloride; Sodium Lactate Intraperitoneal Injection, Solution",DIANEAL LOW CALCIUM WITH DEXTROSE,Vantive US Healthcare LLC,Vantive US Healthcare LLC,0941-0409,0941-0409-07,INTRAPERITONEAL,Solution,Renal,HUMAN PRESCRIPTION DRUG,To Be Discontinued,New,08/03/2026,08/03/2026,08/03/2026,A business decision was made to discontinue manufacture of the drug.,"DIANEAL Low Calcium with Dextrose, Intraperitoneal Injection, Solution, 18.3 mg/100 mL; 1.5 g/100 mL; 5.08 mg/100 mL; 538 mg/100 mL; 448 mg/100 mL (NDC 0941-0409-07)"
Rocuronium Bromide Injection,ROCURONIUM BROMIDE,Sandoz Inc,Sandoz Inc.,0781-3220,0781-3220-92,INTRAVENOUS,Injection,Anesthesia,HUMAN PRESCRIPTION DRUG,Current,Reverified,02/15/2023,09/03/2026,,,"Rocuronium Bromide, Injection, 10 mg/1 mL (NDC 0781-3220-92)"
"Methylphenidate Hydrochloride Tablet, Extended Release",CONCERTA,"Janssen Pharmaceuticals, Inc.",Janssen Pharmaceuticals,50458-588,50458-588-01,ORAL,Tablet,Psychiatry,HUMAN PRESCRIPTION DRUG,Current,Reverified,07/26/2023,09/17/2026,,,"Concerta, Tablet, Extended Release, 27 mg (NDC 50458-588-01)"
"Epinephrine Bitartrate, Lidocaine Hydrochloride Injection",LIDOCAINE HYDROCHLORIDE AND EPINEPHRINE,"Hospira, Inc.","Hospira, Inc., a Pfizer Company",0409-3182,0409-3182-03,INFILTRATION,Injection,Anesthesia,HUMAN PRESCRIPTION DRUG,Current,Revised,02/22/2012,09/09/2026,,Limited Supply Available. Next Delivery: May 2027; Estimated Recovery: June 2027; Shortage per Manufacturer: Manufacturing Delay,"Lidocaine Hydrochloride And Epinephrine, Injection, 1 g/50 mL (2%; 1:100,000) (NDC 0409-3182-03)"
"Amphetamine Aspartate Monohydrate, Amphetamine Sulfate, Dextroamphetamine Saccharate, Dextroamphetamine Sulfate Tablet",DEXTROAMPHETAMINE SACCHARATE AND AMPHETAMINE ASPARTATE AND DEXTROAMPHETAMINE SULFATE AND AMPHETAMINE SULFATE,SpecGx LLC,SpecGx LLC,0406-8894,0406-8894-01,ORAL,Tablet,Psychiatry,HUMAN PRESCRIPTION DRUG,Current,Revised,10/12/2022,08/20/2026,,Estimated recovery: TBD,"Amphetamine Aspartate Monohydrate, Amphetamine Sulfate, Dextroamphetamine Saccharate, Dextroamphetamine Sulfate, Tablet, 7.5 mg; 7.5 mg; 7.5 mg; 7.5 mg (NDC 0406-8894-01)"
Ketorolac Tromethamine Injection,KETOROLAC TROMETHAMINE,Alembic Pharmaceuticals Inc.,Alembic Pharmaceuticals,62332-601,62332-601-25,INTRAMUSCULAR,Injection,Analgesia/Addiction,HUMAN PRESCRIPTION DRUG,Current,Reverified,03/23/2018,05/15/2026,,,"Ketorolac Tromethamine, Injection, 60 mg/2 mL (NDC 62332-601-25)"
Carboplatin Injection,CARBOPLATIN,"Teva Parenteral Medicines, Inc.","Teva Pharmaceuticals USA, Inc.",0703-4246,0703-4246-01,INTRAVENOUS,Injection,Oncology,HUMAN PRESCRIPTION DRUG,Current,Revised,04/28/2023,09/15/2026,,Estimated recovery: September 2027,"Carboplatin, Injection, 10 mg/1 mL (NDC 0703-4246-01)"
Sodium Acetate Injection,SODIUM ACETATE,"Fresenius Kabi USA, LLC","Fresenius Kabi USA, LLC",63323-032,63323-032-00,INTRAVENOUS,Injection,Total Parenteral Nutrition,HUMAN PRESCRIPTION DRUG,Current,Reverified,03/23/2016,09/15/2026,,Check wholesalers for inventory,"Sodium Acetate, Injection, 4 meq/100 mL (NDC 63323-032-00)"
Mirikizumab-mrkz Injection,OMVOH,Eli Lilly and Company,Eli Lilly and Co.,0002-8011,0002-8011-27,SUBCUTANEOUS,Injection,Gastroenterology,HUMAN PRESCRIPTION DRUG,To Be Discontinued,New,12/22/2025,12/22/2025,12/22/2025,A business decision was made to discontinue. Distribution will end April 2026. The 200 mg/2 mL injection presentation (NDC 0002-3116-11) will remain.,"Omvoh, Injection, 100 mg/1 mL (NDC 0002-8011-27)"
Furosemide Injection,HYDRALAZINE HYDROCHLORIDE,Meitheal Pharmaceuticals Inc.,"Meitheal Pharmaceuticals, Inc.",71288-205,71288-205-03,INTRAMUSCULAR,Injection,Cardiovascular,HUMAN PRESCRIPTION DRUG,Current,Reverified,04/07/2020,08/27/2026,,Check wholesalers for inventory,"Furosemide, Injection, 10 mg/mL, 2 mL (NDC 71288-205-03)"
"Diclofenac Sodium Tablet, Delayed Release",DICLOFENAC SODIUM,"Actavis Pharma, Inc.","Teva Pharmaceuticals USA, Inc.",0228-2550,0228-2550-06,ORAL,Tablet,Musculoskeletal,HUMAN PRESCRIPTION DRUG,To Be Discontinued,New,08/13/2026,08/13/2026,08/13/2026,A business decision was made to discontinue manufacture of the drug.,"Diclofenac Sodium, Tablet, Delayed Release, 50 mg (NDC 0228-2550-06)"
Lidocaine Hydrochloride Injection,LIDOCAINE HYDROCHLORIDE,"Hospira, Inc.","Hospira, Inc., a Pfizer Company",0409-4713,0409-4713-32,EPIDURAL,Injection,Anesthesia,HUMAN PRESCRIPTION DRUG,Current,Reverified,02/22/2012,09/09/2026,,,"Lidocaine Hydrochloride Preservative Free, Injection, 200 mg/2 mL (1%; 10 mg/mL) (NDC 0409-4713-32)"
Dexamethasone Sodium Phosphate Injection,DEXAMETHASONE SODIUM PHOSPHATE,"Fresenius Kabi USA, LLC","Fresenius Kabi USA, LLC",76045-212,76045-212-10,INTRAMUSCULAR,Injection,Dermatology,HUMAN PRESCRIPTION DRUG,Current,Revised,02/08/2019,09/15/2026,,3 month expiry available on request. Next release not available at this time.,"Dexamethasone Sodium Phosphate, Injection, 10 mg/1 mL (NDC 76045-212-10)"
Ropivacaine Hydrochloride Injection,NAROPIN,"Fresenius Kabi USA, LLC","Fresenius Kabi USA, LLC",63323-286,63323-286-35,EPIDURAL,Injection,Anesthesia,HUMAN PRESCRIPTION DRUG,Current,Reverified,03/23/2018,09/15/2026,,Check wholesalers for inventory,"Naropin, Injection, 5 mg/1 mL (NDC 63323-286-35)"
Micafungin Sodium Injection,,"Par Health, USA LLC","Par Health, USA LLC",,42023-230-10,,Injection,Anti-Infective,,To Be Discontinued,New,09/11/2026,09/11/2026,09/11/2026,A business decision was made to discontinue manufacture of the drug.,"Micafungin Sodium, Injection, 20 mg/1 mL (NDC 42023-230-10)"
Fentanyl Citrate Injection,FENTANYL CITRATE,"Hospira, Inc.","Hospira, Inc., a Pfizer Company",0409-9094,0409-9094-28,INTRAMUSCULAR,Injection,Analgesia/Addiction,HUMAN PRESCRIPTION DRUG,Current,Reverified,01/01/2012,09/09/2026,,,"Fentanyl Citrate, Injection, 500 mcg/10 mL (50 ug/1 mL) (NDC 0409-9094-28)"
Dexmedetomidine Hydrochloride Injection,DEXMEDETOMIDINE HYDROCHLORIDE,Eugia US LLC,Eugia US LLC,55150-296,55150-296-10,INTRAVENOUS,Injection,Anesthesia,HUMAN PRESCRIPTION DRUG,Current,Reverified,04/10/2020,09/17/2026,,Check wholesalers for inventory,"Dexmedetomidine Hydrochloride, Injection, 4 ug/1 mL (NDC 55150-296-10)"
Ketorolac Tromethamine Injection,KETOROLAC TROMETHAMINE,Sagent Pharmaceuticals,Sagent Pharmaceuticals,25021-701,25021-701-01,INTRAMUSCULAR,Injection,Analgesia/Addiction,HUMAN PRESCRIPTION DRUG,Current,Reverified,03/26/2018,08/18/2026,,,"Ketorolac Tromethamine, Injection, 30 mg/1 mL (NDC 25021-701-01)"
Clindamycin Phosphate Injection,CLEOCIN PHOSPHATE,Pharmacia & Upjohn Company LLC,Pfizer Inc.,0009-0902,0009-0902-18,INTRAMUSCULAR,Injection,Anti-Infective,HUMAN PRESCRIPTION DRUG,Current,Revised,03/21/2023,09/08/2026,,Next Delivery and Estimated Recovery: December 2028; Shortage per Manufacturer: Manufacturing Delay,"Cleocin Phosphate, Injection, Cleocin Phosphate 900 mg/6 mL (150 mg/mL) (NDC 0009-0902-18)"
Azacitidine Injection,AZACITIDINE,Accord Healthcare Inc.,Accord Healthcare Inc.,16729-306,16729-306-10,INTRAVENOUS,Injection,Oncology,HUMAN PRESCRIPTION DRUG,Current,Reverified,12/21/2020,09/15/2026,,,"Azacitidine, Injection, 100 mg (NDC 16729-306-10)"
Midazolam Hydrochloride Injection,MIDAZOLAM,"Fresenius Kabi USA, LLC","Fresenius Kabi USA, LLC",63323-412,63323-412-10,INTRAMUSCULAR,Injection,Anesthesia,HUMAN PRESCRIPTION DRUG,Current,Reverified,04/02/2020,09/15/2026,,Estimated recovery: TBD,"Midazolam Hydrochloride, Injection, 5 mg/1 mL (NDC 63323-412-10)"
Fentanyl Citrate Injection,FENTANYL CITRATE,"Fresenius Kabi USA, LLC","Fresenius Kabi USA, LLC",63323-806,63323-806-05,INTRAMUSCULAR,Injection,Analgesia/Addiction,HUMAN PRESCRIPTION DRUG,Current,Reverified,01/01/2012,09/15/2026,,Check wholesalers for inventory,"Fentanyl Citrate Preservative Free, Injection, .05 mg/1 mL (NDC 63323-806-05)"
Dextrose Monohydrate 10% Injection,DEXTROSE,B. Braun Medical Inc.,B. Braun Medical Inc.,0264-7520,0264-7520-20,INTRAVENOUS,Injection,Endocrinology/Metabolism,HUMAN PRESCRIPTION DRUG,Current,Reverified,03/01/2022,09/09/2026,,,"Dextrose Monohydrate 10%, Injection, 10 g/100 mL (NDC 0264-7520-20)"
"Amphetamine Aspartate Monohydrate, Amphetamine Sulfate, Dextroamphetamine Saccharate, Dextroamphetamine Sulfate Tablet","DEXTROAMPHETAMINE SACCHARATE, AMPHETAMINE ASPARTATE, DEXTROAMPHETAMINE SULFATE AND AMPHETAMINE SULFATE","Teva Pharmaceuticals USA, Inc.","Teva Pharmaceuticals USA, Inc.",0555-0776,0555-0776-02,ORAL,Tablet,Psychiatry,HUMAN PRESCRIPTION DRUG,Current,Reverified,10/12/2022,09/15/2026,,,"Amphetamine Aspartate Monohydrate, Amphetamine Sulfate, Dextroamphetamine Saccharate, Dextroamphetamine Sulfate, Tablet, 3.125 mg; 3.125 mg; 3.125 mg; 3.125 mg (NDC 0555-0776-02)"
Clindamycin Phosphate Injection,CLINDAMYCIN IN 5 PERCENT DEXTROSE,"Civica, Inc.",Sandoz Inc.,72572-076,72572-076-24,INTRAVENOUS,Injection,Anti-Infective,HUMAN PRESCRIPTION DRUG,Current,Reverified,03/21/2023,09/03/2026,,Civica Label,"Clindamycin Phosphate In 5% Dextrose In Plastic Container, Injection, 18 mg/1 mL (NDC 72572-076-24)"
Sodium Bicarbonate Injection,SODIUM BICARBONATE,"Fresenius Kabi USA, LLC","Fresenius Kabi USA, LLC",63323-083,63323-083-05,INTRAVENOUS,Injection,Endocrinology/Metabolism,HUMAN PRESCRIPTION DRUG,Current,Reverified,07/24/2017,09/15/2026,,Check wholesalers for inventory.,"Sodium Bicarbonate, Injection, 42 mg/1 mL (NDC 63323-083-05)"
Nitrofurantoin Oral Suspension,NITROFURANTOIN,Amneal Pharmaceuticals NY LLC,Amneal Pharmaceuticals,69238-2512,69238-2512-9,ORAL,Oral Suspension,Anti-Infective,HUMAN PRESCRIPTION DRUG,To Be Discontinued,New,04/10/2026,04/10/2026,04/10/2026,Discontinuation of the manufacture of the drug,"Nitrofurantoin, Oral Suspension, 25 mg/5 mL (NDC 69238-2512-9)"
Haloperidol Decanoate Injection,HALOPERIDOL DECANOATE,"Fresenius Kabi USA, LLC","Fresenius Kabi USA, LLC",63323-469,63323-469-01,INTRAMUSCULAR,Injection,Psychiatry,HUMAN PRESCRIPTION DRUG,To Be Discontinued,New,01/09/2026,01/09/2026,01/09/2026,Discontinuation of the manufacture of the drug,"Haloperidol Decanoate, Injection, 50 mg/1 mL (NDC 63323-469-01)"
"Amphetamine Aspartate Monohydrate, Amphetamine Sulfate, Dextroamphetamine Saccharate, Dextroamphetamine Sulfate Tablet","DEXTROAMPHETAMINE SACCHARATE, AMPHETAMINE ASPARTATE, DEXTROAMPHETAMINE SULFATE AND AMPHETAMINE SULFATE","SUNRISE PHARMACEUTICAL, INC.","Sunrise Pharmaceutical, Inc.",11534-193,11534-193-01,ORAL,Tablet,Psychiatry,HUMAN PRESCRIPTION DRUG,Current,Reverified,10/12/2022,09/16/2026,,,"Amphetamine Aspartate Monohydrate, Amphetamine Sulfate, Dextroamphetamine Saccharate, Dextroamphetamine Sulfate, Tablet, 3.125 mg; 3.125 mg; 3.125 mg; 3.125 mg (NDC 11534-193-01)"
Lidocaine Hydrochloride Injection,LIDOCAINE,"Fresenius Kabi USA, LLC","Fresenius Kabi USA, LLC",63323-202,63323-202-02,INFILTRATION,Injection,Anesthesia,HUMAN PRESCRIPTION DRUG,Current,Reverified,02/22/2012,09/15/2026,,Check wholesalers for inventory,"Lidocaine Hydrochloride, Injection, 20 mg/1 mL (NDC 63323-202-02)"
Dexmedetomidine Hydrochloride Injection,PRECEDEX,"Hospira, Inc.",Pfizer Inc.,0409-2815,0409-2815-01,INTRAVENOUS,Injection,Anesthesia,HUMAN PRESCRIPTION DRUG,Current,Reverified,04/10/2020,09/08/2026,,,"Precedex, Injection, 1000 mcg/250 mL Glass Bottle NovaPlus (NDC 0409-2815-01)"
Bupivacaine Hydrochloride Injection,BUPIVACAINE HYDROCHLORIDE,"Somerset Therapeutics, LLC","Somerset Therapeutics, LLC",70069-752,70069-752-10,INFILTRATION,Injection,Anesthesia,HUMAN PRESCRIPTION DRUG,Current,Reverified,02/20/2018,09/11/2026,,,"Bupivacaine Hydrochloride, Injection, 2.5 mg/1 mL (NDC 70069-752-10)"
Progesterone Vaginal Gel,CRINONE,"Allergan, Inc.",AbbVie Inc.,0023-6150,0023-6150-04,VAGINAL,Vaginal Gel,Urology,HUMAN PRESCRIPTION DRUG,To Be Discontinued,New,03/27/2026,03/27/2026,03/27/2026,Discontinuation of the manufacture of the drug,"Crinone, Vaginal Gel, 4% (NDC 0023-6150-04)"
Lidocaine Hydrochloride Injection,LIDOCAINE HYDROCHLORIDE,Eugia US LLC,Eugia US LLC,55150-159,55150-159-74,EPIDURAL,Injection,Anesthesia,HUMAN PRESCRIPTION DRUG,Current,Reverified,02/20/2018,09/17/2026,,On backorder. Recovery: TBD. Check wholesalers for inventory,"Lidocaine Hydrochloride, Injection, 10 mg/1 mL (NDC 55150-159-74)"
Furosemide Injection,FUROSEMIDE,Heritage Pharmaceuticals Inc. d/b/a Avet Pharmaceuticals Inc.,"Avet Pharmaceuticals, Inc.",23155-473,23155-473-41,INTRAVENOUS,Injection,Cardiovascular,HUMAN PRESCRIPTION DRUG,Current,Reverified,04/07/2020,09/01/2026,,,"Furosemide, Injection, 10 mg/1 mL (NDC 23155-473-41)"
Lisdexamfetamine Dimesylate Capsule,LISDEXAMFETAMINE DIMESYLATE,"Teva Pharmaceuticals, Inc.","Teva Pharmaceuticals USA, Inc.",0480-3570,0480-3570-01,ORAL,Capsule,Psychiatry,HUMAN PRESCRIPTION DRUG,Current,Reverified,07/14/2023,09/15/2026,,,"Lisdexamfetamine Dimesylate, Capsule, 60 mg (NDC 0480-3570-01)"
Dopamine Hydrochloride Injection,DOPAMINE HYDROCHLORIDE AND DEXTROSE,Baxter Healthcare Corporation,Baxter Healthcare,0338-1005,0338-1005-02,INTRAVENOUS,Injection,Cardiovascular,HUMAN PRESCRIPTION DRUG,Current,Reverified,11/06/2017,09/17/2026,,,"Dopamine Hydrochloride In Dextrose 5% In Plastic Container, Injection, 80 mg/100 mL (NDC 0338-1005-02)"
Tiagabine Hydrochloride Tablet,TIAGABINE HYDROCHLORIDE,"Teva Pharmaceuticals USA, Inc.","Teva Pharmaceuticals USA, Inc.",0093-8076,0093-8076-56,ORAL,Tablet,Neurology,HUMAN PRESCRIPTION DRUG,To Be Discontinued,New,04/15/2026,04/15/2026,04/15/2026,Discontinuation of the manufacture of the drug,"Tiagabine Hydrochloride, Tablet, 16mg 30 count (NDC 0093-8076-56)"
Oseltamivir Phosphate Capsule,,"Genentech, Inc","Genentech, Inc",,0004-0801-85,,Capsule,Antiviral,,To Be Discontinued,New,09/30/2025,09/30/2025,09/30/2025,Discontinuation of the manufacture of the drug,"Tamiflu, Capsule, 45 mg (NDC 0004-0801-85)"
Ketamine Hydrochloride Injection,,Pfizer Inc.,Pfizer Inc.,,0409-0040-10,,Injection,Anesthesia,,To Be Discontinued,New,11/07/2025,11/07/2025,11/07/2025,Discontinuation of the manufacture of the drug,"Ketamine Hydrochloride, Injection, 500 mg/5mL (100 mg/mL); Multiple Dose Glass Fliptop Vial Novaplus (NDC 0409-0040-10)"
Etomidate Injection,ETOMIDATE,Mylan Institutional LLC,"Mylan Institutional, a Viatris Company",67457-903,67457-903-20,INTRAVENOUS,Injection,Anesthesia,HUMAN PRESCRIPTION DRUG,Current,Reverified,10/05/2022,09/17/2026,,,"Etomidate, Injection, 2 mg/1 mL (NDC 67457-903-20)"
Lisdexamfetamine Dimesylate Capsule,LISDEXAMFETAMINE DIMESYLATE,Mylan Pharmaceuticals Inc.,"Mylan Pharmaceuticals Inc., a Viatris Company",0378-6859,0378-6859-77,ORAL,Capsule,Psychiatry,HUMAN PRESCRIPTION DRUG,Current,Reverified,07/14/2023,09/17/2026,,,"Lisdexamfetamine Dimesylate, Capsule, 60 mg (NDC 0378-6859-77)"
Dextrose Monohydrate 5% Injection,DEXTROSE,"ICU Medical, Inc.",Otsuka ICU Medical LLC,0990-7922,0990-7922-61,INTRAVENOUS,Injection,Endocrinology/Metabolism,HUMAN PRESCRIPTION DRUG,Current,Reverified,02/14/2022,09/16/2026,,"This product is distributed by ICU Medical. For questions regarding this product, please contact ICU Medical.","Dextrose 5% In Plastic Container, Injection, 5 g/100 mL (NDC 0990-7922-61)"
Bupivacaine Hydrochloride Injection,BUPIVACAINE HYDROCHLORIDE,Eugia US LLC,Eugia US LLC,55150-170,55150-170-30,EPIDURAL,Injection,Anesthesia,HUMAN PRESCRIPTION DRUG,Current,Reverified,02/20/2018,09/17/2026,,Check wholesalers for inventory,"Bupivacaine Hydrochloride, Injection, 5 mg/1 mL (NDC 55150-170-30)"
Peginterferon alfa-2a Injection,PEGASYS,pharmaand GmbH,pharmaand GmbH (pharma&),82154-0451,82154-0451-4,SUBCUTANEOUS,Injection,Antiviral,HUMAN PRESCRIPTION DRUG,Resolved,Revised,01/24/2025,08/27/2026,,,"Pegasys, Injection, 180 ug/.5 mL (NDC 82154-0451-4)"
"Amphetamine Aspartate Monohydrate, Amphetamine Sulfate, Dextroamphetamine Saccharate, Dextroamphetamine Sulfate Tablet",ADDERALL,"Teva Pharmaceuticals USA, Inc.","Teva Pharmaceuticals USA, Inc.",57844-130,57844-130-01,ORAL,Tablet,Psychiatry,HUMAN PRESCRIPTION DRUG,Current,Reverified,10/12/2022,09/15/2026,,,"Adderall, Tablet, 7.5 mg; 7.5 mg; 7.5 mg; 7.5 mg (NDC 57844-130-01)"
Fondaparinux Sodium Injection,FONDAPARINUX SODIUM,Sandoz Inc.,"Jiangsu Hengrui Pharmaceuticals Co. (US Agent eVenus Pharmaceutical Laboratories, Inc.)",0781-3454,0781-3454-95,SUBCUTANEOUS,Injection,Hematology,HUMAN PRESCRIPTION DRUG,To Be Discontinued,New,09/29/2025,09/29/2025,09/29/2025,Discontinuation of the manufacture of the drug; Distributed by Sandoz Inc.,"Fondaparinux Sodium, Injection, 5 mg/.4 mL (NDC 0781-3454-95)"
Lisdexamfetamine Dimesylate Capsule,LISDEXAMFETAMINE DIMESYLATE,"Sun Pharmaceutical Industries, Inc.","Sun Pharmaceutical Industries, Inc.",57664-052,57664-052-88,ORAL,Capsule,Psychiatry,HUMAN PRESCRIPTION DRUG,Current,Revised,07/14/2023,08/27/2026,,Estimated recovery: TBD,"Lisdexamfetamine Dimesylate, Capsule, 70 mg (NDC 57664-052-88)"
Dobutamine Hydrochloride Injection,DOBUTAMINE,Slate Run Pharmaceuticals,"Hainan Poly Pharm. Co., Ltd.",70436-203,70436-203-80,INTRAVENOUS,Injection,Cardiovascular,HUMAN PRESCRIPTION DRUG,Current,Reverified,11/06/2017,09/16/2026,,"Distributed by Slate Run Pharmaceuticals, LLC, 1-844-529-8988","Dobutamine Hydrochloride, Injection, 250 mg/20 mL (NDC 70436-203-80)"
